[04Apr2025 19:48:34.497] [main/INFO] [cpw.mods.modlauncher.Launcher/MODLAUNCHER]: ModLauncher running: args [--launchTarget, forgeserver, --fml.forgeVersion, 47.3.7, --fml.mcVersion, 1.20.1, --fml.forgeGroup, net.minecraftforge, --fml.mcpVersion, 20230612.114412, nogui]
[04Apr2025 19:48:34.502] [main/INFO] [cpw.mods.modlauncher.Launcher/MODLAUNCHER]: ModLauncher 10.0.9+10.0.9+main.dcd20f30 starting: java version 17.0.14 by Ubuntu; OS Linux arch amd64 version 6.8.0-1021-azure
[04Apr2025 19:48:34.525] [main/DEBUG] [cpw.mods.modlauncher.LaunchServiceHandler/MODLAUNCHER]: Found launch services [fmlclientdev,forgeclient,minecraft,forgegametestserverdev,fmlserveruserdev,fmlclient,fmldatauserdev,forgeserverdev,forgeserveruserdev,forgeclientdev,forgeclientuserdev,forgeserver,forgedatadev,fmlserver,fmlclientuserdev,fmlserverdev,forgedatauserdev,testharness,forgegametestserveruserdev]
[04Apr2025 19:48:34.536] [main/DEBUG] [cpw.mods.modlauncher.NameMappingServiceHandler/MODLAUNCHER]: Found naming services : [srgtomcp]
[04Apr2025 19:48:34.550] [main/DEBUG] [cpw.mods.modlauncher.LaunchPluginHandler/MODLAUNCHER]: Found launch plugins: [mixin,eventbus,slf4jfixer,object_holder_definalize,runtime_enum_extender,capability_token_subclass,accesstransformer,runtimedistcleaner]
[04Apr2025 19:48:34.559] [main/DEBUG] [cpw.mods.modlauncher.TransformationServicesHandler/MODLAUNCHER]: Discovering transformation services
[04Apr2025 19:48:34.563] [main/DEBUG] [net.minecraftforge.fml.loading.FMLPaths/CORE]: Path GAMEDIR is /workspaces/ServerPrueba/servidor_minecraft
[04Apr2025 19:48:34.563] [main/DEBUG] [net.minecraftforge.fml.loading.FMLPaths/CORE]: Path MODSDIR is /workspaces/ServerPrueba/servidor_minecraft/mods
[04Apr2025 19:48:34.563] [main/DEBUG] [net.minecraftforge.fml.loading.FMLPaths/CORE]: Path CONFIGDIR is /workspaces/ServerPrueba/servidor_minecraft/config
[04Apr2025 19:48:34.564] [main/DEBUG] [net.minecraftforge.fml.loading.FMLPaths/CORE]: Path FMLCONFIG is /workspaces/ServerPrueba/servidor_minecraft/config/fml.toml
[04Apr2025 19:48:42.178] [main/DEBUG] [cpw.mods.modlauncher.TransformationServicesHandler/MODLAUNCHER]: Found additional transformation services from discovery services: 
[04Apr2025 19:48:42.187] [main/INFO] [net.minecraftforge.fml.loading.ImmediateWindowHandler/]: ImmediateWindowProvider not loading because launch target is forgeserver
[04Apr2025 19:48:42.195] [main/DEBUG] [cpw.mods.modlauncher.TransformationServicesHandler/MODLAUNCHER]: Found transformer services : [mixin,fml]
[04Apr2025 19:48:42.196] [main/DEBUG] [cpw.mods.modlauncher.TransformationServicesHandler/MODLAUNCHER]: Transformation services loading
[04Apr2025 19:48:42.196] [main/DEBUG] [cpw.mods.modlauncher.TransformationServiceDecorator/MODLAUNCHER]: Loading service mixin
[04Apr2025 19:48:42.196] [main/DEBUG] [cpw.mods.modlauncher.TransformationServiceDecorator/MODLAUNCHER]: Loaded service mixin
[04Apr2025 19:48:42.197] [main/DEBUG] [cpw.mods.modlauncher.TransformationServiceDecorator/MODLAUNCHER]: Loading service fml
[04Apr2025 19:48:42.197] [main/DEBUG] [net.minecraftforge.fml.loading.LauncherVersion/CORE]: Found FMLLauncher version 1.0
[04Apr2025 19:48:42.198] [main/DEBUG] [net.minecraftforge.fml.loading.FMLLoader/CORE]: FML 1.0 loading
[04Apr2025 19:48:42.198] [main/DEBUG] [net.minecraftforge.fml.loading.FMLLoader/CORE]: FML found ModLauncher version : 10.0.9+10.0.9+main.dcd20f30
[04Apr2025 19:48:42.198] [main/DEBUG] [net.minecraftforge.fml.loading.FMLLoader/CORE]: FML found AccessTransformer version : 8.0.4+66+master.c09db6d7
[04Apr2025 19:48:42.199] [main/DEBUG] [net.minecraftforge.fml.loading.FMLLoader/CORE]: FML found EventBus version : 6.0.5+6.0.5+master.eb8e549b
[04Apr2025 19:48:42.199] [main/DEBUG] [net.minecraftforge.fml.loading.FMLLoader/CORE]: Found Runtime Dist Cleaner
[04Apr2025 19:48:42.201] [main/DEBUG] [net.minecraftforge.fml.loading.FMLLoader/CORE]: FML found CoreMod version : 5.1.6
[04Apr2025 19:48:42.201] [main/DEBUG] [net.minecraftforge.fml.loading.FMLLoader/CORE]: Found ForgeSPI package implementation version 7.0.1+7.0.1+master.d2b38bf6
[04Apr2025 19:48:42.201] [main/DEBUG] [net.minecraftforge.fml.loading.FMLLoader/CORE]: Found ForgeSPI package specification 5
[04Apr2025 19:48:42.201] [main/DEBUG] [cpw.mods.modlauncher.TransformationServiceDecorator/MODLAUNCHER]: Loaded service fml
[04Apr2025 19:48:42.202] [main/DEBUG] [cpw.mods.modlauncher.TransformationServicesHandler/MODLAUNCHER]: Configuring option handling for services
[04Apr2025 19:48:42.213] [main/DEBUG] [cpw.mods.modlauncher.TransformationServicesHandler/MODLAUNCHER]: Transformation services initializing
[04Apr2025 19:48:42.214] [main/DEBUG] [cpw.mods.modlauncher.TransformationServiceDecorator/MODLAUNCHER]: Initializing transformation service mixin
[04Apr2025 19:48:42.230] [main/DEBUG] [mixin/]: MixinService [ModLauncher] was successfully booted in cpw.mods.cl.ModuleClassLoader@7a3d45bd
[04Apr2025 19:48:42.279] [main/INFO] [mixin/]: SpongePowered MIXIN Subsystem Version=0.8.5 Source=union:/workspaces/ServerPrueba/servidor_minecraft/libraries/org/spongepowered/mixin/0.8.5/mixin-0.8.5.jar%2365!/ Service=ModLauncher Env=SERVER
[04Apr2025 19:48:42.284] [main/DEBUG] [mixin/]: Initialising Mixin Platform Manager
[04Apr2025 19:48:42.285] [main/DEBUG] [mixin/]: Adding mixin platform agents for container ModLauncher Root Container(ModLauncher:4f56a0a2)
[04Apr2025 19:48:42.285] [main/DEBUG] [mixin/]: Instancing new MixinPlatformAgentMinecraftForge for ModLauncher Root Container(ModLauncher:4f56a0a2)
[04Apr2025 19:48:42.286] [main/DEBUG] [mixin/]: MixinPlatformAgentMinecraftForge rejected container ModLauncher Root Container(ModLauncher:4f56a0a2)
[04Apr2025 19:48:42.289] [main/DEBUG] [mixin/]: Instancing new MixinPlatformAgentDefault for ModLauncher Root Container(ModLauncher:4f56a0a2)
[04Apr2025 19:48:42.289] [main/DEBUG] [mixin/]: MixinPlatformAgentDefault accepted container ModLauncher Root Container(ModLauncher:4f56a0a2)
[04Apr2025 19:48:42.292] [main/DEBUG] [cpw.mods.modlauncher.TransformationServiceDecorator/MODLAUNCHER]: Initialized transformation service mixin
[04Apr2025 19:48:42.292] [main/DEBUG] [cpw.mods.modlauncher.TransformationServiceDecorator/MODLAUNCHER]: Initializing transformation service fml
[04Apr2025 19:48:42.293] [main/DEBUG] [net.minecraftforge.fml.loading.FMLServiceProvider/CORE]: Setting up basic FML game directories
[04Apr2025 19:48:42.293] [main/DEBUG] [net.minecraftforge.fml.loading.FMLPaths/CORE]: Path GAMEDIR is /workspaces/ServerPrueba/servidor_minecraft
[04Apr2025 19:48:42.293] [main/DEBUG] [net.minecraftforge.fml.loading.FMLPaths/CORE]: Path MODSDIR is /workspaces/ServerPrueba/servidor_minecraft/mods
[04Apr2025 19:48:42.293] [main/DEBUG] [net.minecraftforge.fml.loading.FMLPaths/CORE]: Path CONFIGDIR is /workspaces/ServerPrueba/servidor_minecraft/config
[04Apr2025 19:48:42.293] [main/DEBUG] [net.minecraftforge.fml.loading.FMLPaths/CORE]: Path FMLCONFIG is /workspaces/ServerPrueba/servidor_minecraft/config/fml.toml
[04Apr2025 19:48:42.293] [main/DEBUG] [net.minecraftforge.fml.loading.FMLServiceProvider/CORE]: Loading configuration
[04Apr2025 19:48:42.295] [main/DEBUG] [net.minecraftforge.fml.loading.FMLServiceProvider/CORE]: Preparing ModFile
[04Apr2025 19:48:42.298] [main/DEBUG] [net.minecraftforge.fml.loading.FMLServiceProvider/CORE]: Preparing launch handler
[04Apr2025 19:48:42.299] [main/DEBUG] [net.minecraftforge.fml.loading.FMLLoader/CORE]: Using forgeserver as launch service
[04Apr2025 19:48:42.316] [main/DEBUG] [net.minecraftforge.fml.loading.FMLLoader/CORE]: Received command line version data  : VersionInfo[forgeVersion=47.3.7, mcVersion=1.20.1, mcpVersion=20230612.114412, forgeGroup=net.minecraftforge]
[04Apr2025 19:48:42.318] [main/DEBUG] [cpw.mods.modlauncher.TransformationServiceDecorator/MODLAUNCHER]: Initialized transformation service fml
[04Apr2025 19:48:42.318] [main/DEBUG] [cpw.mods.modlauncher.NameMappingServiceHandler/MODLAUNCHER]: Current naming domain is 'srg'
[04Apr2025 19:48:42.319] [main/DEBUG] [cpw.mods.modlauncher.NameMappingServiceHandler/MODLAUNCHER]: Identified name mapping providers {}
[04Apr2025 19:48:42.319] [main/DEBUG] [cpw.mods.modlauncher.TransformationServicesHandler/MODLAUNCHER]: Transformation services begin scanning
[04Apr2025 19:48:42.320] [main/DEBUG] [cpw.mods.modlauncher.TransformationServiceDecorator/MODLAUNCHER]: Beginning scan trigger - transformation service mixin
[04Apr2025 19:48:42.320] [main/DEBUG] [cpw.mods.modlauncher.TransformationServiceDecorator/MODLAUNCHER]: End scan trigger - transformation service mixin
[04Apr2025 19:48:42.320] [main/DEBUG] [cpw.mods.modlauncher.TransformationServiceDecorator/MODLAUNCHER]: Beginning scan trigger - transformation service fml
[04Apr2025 19:48:42.320] [main/DEBUG] [net.minecraftforge.fml.loading.FMLServiceProvider/CORE]: Initiating mod scan
[04Apr2025 19:48:42.330] [main/DEBUG] [net.minecraftforge.fml.loading.moddiscovery.ModListHandler/CORE]: Found mod coordinates from lists: []
[04Apr2025 19:48:42.333] [main/DEBUG] [net.minecraftforge.fml.loading.moddiscovery.ModDiscoverer/CORE]: Found Mod Locators : (mods folder:null),(maven libs:null),(exploded directory:null),(minecraft:null),(userdev classpath:null)
[04Apr2025 19:48:42.333] [main/DEBUG] [net.minecraftforge.fml.loading.moddiscovery.ModDiscoverer/CORE]: Found Dependency Locators : (JarInJar:null)
[04Apr2025 19:48:42.344] [main/DEBUG] [net.minecraftforge.fml.loading.moddiscovery.ModFileParser/LOADING]: Considering mod file candidate /workspaces/ServerPrueba/servidor_minecraft/mods/aether-1.20.1-1.5.2-neoforge.jar
[04Apr2025 19:48:42.419] [main/DEBUG] [net.minecraftforge.fml.loading.moddiscovery.ModFileInfo/LOADING]: Found valid mod file aether-1.20.1-1.5.2-neoforge.jar with {aether} mods - versions {1.20.1-1.5.2-neoforge}
[04Apr2025 19:48:42.420] [main/DEBUG] [net.minecraftforge.fml.loading.moddiscovery.ModFileParser/LOADING]: Considering mod file candidate /workspaces/ServerPrueba/servidor_minecraft/mods/appleskin-forge-mc1.20.1-2.5.1.jar
[04Apr2025 19:48:42.421] [main/DEBUG] [net.minecraftforge.fml.loading.moddiscovery.ModFileInfo/LOADING]: Found valid mod file appleskin-forge-mc1.20.1-2.5.1.jar with {appleskin} mods - versions {2.5.1+mc1.20.1}
[04Apr2025 19:48:42.422] [main/DEBUG] [net.minecraftforge.fml.loading.moddiscovery.ModFileParser/LOADING]: Considering mod file candidate /workspaces/ServerPrueba/servidor_minecraft/mods/architectury-9.2.14-forge.jar
[04Apr2025 19:48:42.423] [main/DEBUG] [net.minecraftforge.fml.loading.moddiscovery.ModFileInfo/LOADING]: Found valid mod file architectury-9.2.14-forge.jar with {architectury} mods - versions {9.2.14}
[04Apr2025 19:48:42.424] [main/DEBUG] [net.minecraftforge.fml.loading.moddiscovery.ModFileParser/LOADING]: Considering mod file candidate /workspaces/ServerPrueba/servidor_minecraft/mods/badpackets-forge-0.4.3.jar
[04Apr2025 19:48:42.425] [main/DEBUG] [net.minecraftforge.fml.loading.moddiscovery.ModFileInfo/LOADING]: Found valid mod file badpackets-forge-0.4.3.jar with {badpackets} mods - versions {0.4.3}
[04Apr2025 19:48:42.426] [main/DEBUG] [net.minecraftforge.fml.loading.moddiscovery.ModFileParser/LOADING]: Considering mod file candidate /workspaces/ServerPrueba/servidor_minecraft/mods/balm-forge-1.20.1-7.3.25-all.jar
[04Apr2025 19:48:42.434] [main/DEBUG] [net.minecraftforge.fml.loading.moddiscovery.ModFileInfo/LOADING]: Found valid mod file balm-forge-1.20.1-7.3.25-all.jar with {balm} mods - versions {7.3.25}
[04Apr2025 19:48:42.434] [main/DEBUG] [net.minecraftforge.fml.loading.moddiscovery.ModFileParser/LOADING]: Considering mod file candidate /workspaces/ServerPrueba/servidor_minecraft/mods/BetterAdvancements-NeoForge-1.20.1-0.4.2.25.jar
[04Apr2025 19:48:42.436] [main/DEBUG] [net.minecraftforge.fml.loading.moddiscovery.ModFileInfo/LOADING]: Found valid mod file BetterAdvancements-NeoForge-1.20.1-0.4.2.25.jar with {betteradvancements} mods - versions {0.4.2.25}
[04Apr2025 19:48:42.437] [main/DEBUG] [net.minecraftforge.fml.loading.moddiscovery.ModFileParser/LOADING]: Considering mod file candidate /workspaces/ServerPrueba/servidor_minecraft/mods/bettercombat-forge-1.8.6+1.20.1.jar
[04Apr2025 19:48:42.439] [main/DEBUG] [net.minecraftforge.fml.loading.moddiscovery.ModFileInfo/LOADING]: Found valid mod file bettercombat-forge-1.8.6+1.20.1.jar with {bettercombat} mods - versions {1.8.6+1.20.1}
[04Apr2025 19:48:42.443] [main/DEBUG] [net.minecraftforge.fml.loading.moddiscovery.ModFileParser/LOADING]: Considering mod file candidate /workspaces/ServerPrueba/servidor_minecraft/mods/blue_skies-1.20.1-1.3.31.jar
[04Apr2025 19:48:42.444] [main/DEBUG] [net.minecraftforge.fml.loading.moddiscovery.ModFileInfo/LOADING]: Found valid mod file blue_skies-1.20.1-1.3.31.jar with {blue_skies} mods - versions {1.3.31}
[04Apr2025 19:48:42.445] [main/DEBUG] [net.minecraftforge.fml.loading.moddiscovery.ModFileParser/LOADING]: Considering mod file candidate /workspaces/ServerPrueba/servidor_minecraft/mods/blueprint-1.20.1-7.1.2.jar
[04Apr2025 19:48:42.446] [main/DEBUG] [net.minecraftforge.fml.loading.moddiscovery.ModFileInfo/LOADING]: Found valid mod file blueprint-1.20.1-7.1.2.jar with {blueprint} mods - versions {7.1.2}
[04Apr2025 19:48:42.447] [main/DEBUG] [net.minecraftforge.fml.loading.moddiscovery.ModFileParser/LOADING]: Considering mod file candidate /workspaces/ServerPrueba/servidor_minecraft/mods/BOMD-Forge-1.20.1-1.1.2.jar
[04Apr2025 19:48:42.448] [main/DEBUG] [net.minecraftforge.fml.loading.moddiscovery.ModFileInfo/LOADING]: Found valid mod file BOMD-Forge-1.20.1-1.1.2.jar with {bosses_of_mass_destruction} mods - versions {1.1.2}
[04Apr2025 19:48:42.449] [main/DEBUG] [net.minecraftforge.fml.loading.moddiscovery.ModFileParser/LOADING]: Considering mod file candidate /workspaces/ServerPrueba/servidor_minecraft/mods/CerbonsAPI-Forge-1.20.1-1.1.0.jar
[04Apr2025 19:48:42.450] [main/DEBUG] [net.minecraftforge.fml.loading.moddiscovery.ModFileInfo/LOADING]: Found valid mod file CerbonsAPI-Forge-1.20.1-1.1.0.jar with {cerbons_api} mods - versions {1.1.0}
[04Apr2025 19:48:42.450] [main/DEBUG] [net.minecraftforge.fml.loading.moddiscovery.ModFileParser/LOADING]: Considering mod file candidate /workspaces/ServerPrueba/servidor_minecraft/mods/Chunky-1.3.146.jar
[04Apr2025 19:48:42.451] [main/DEBUG] [net.minecraftforge.fml.loading.moddiscovery.ModFileInfo/LOADING]: Found valid mod file Chunky-1.3.146.jar with {chunky} mods - versions {1.3.146}
[04Apr2025 19:48:42.453] [main/DEBUG] [net.minecraftforge.fml.loading.moddiscovery.ModFileParser/LOADING]: Considering mod file candidate /workspaces/ServerPrueba/servidor_minecraft/mods/citadel-2.6.1-1.20.1.jar
[04Apr2025 19:48:42.456] [main/DEBUG] [net.minecraftforge.fml.loading.moddiscovery.ModFileInfo/LOADING]: Found valid mod file citadel-2.6.1-1.20.1.jar with {citadel} mods - versions {2.6.1}
[04Apr2025 19:48:42.457] [main/DEBUG] [net.minecraftforge.fml.loading.moddiscovery.ModFileParser/LOADING]: Considering mod file candidate /workspaces/ServerPrueba/servidor_minecraft/mods/cloth-config-11.1.136-forge.jar
[04Apr2025 19:48:42.458] [main/DEBUG] [net.minecraftforge.fml.loading.moddiscovery.ModFileInfo/LOADING]: Found valid mod file cloth-config-11.1.136-forge.jar with {cloth_config} mods - versions {11.1.136}
[04Apr2025 19:48:42.459] [main/DEBUG] [net.minecraftforge.fml.loading.moddiscovery.ModFileParser/LOADING]: Considering mod file candidate /workspaces/ServerPrueba/servidor_minecraft/mods/comforts-forge-6.4.0+1.20.1.jar
[04Apr2025 19:48:42.460] [main/DEBUG] [net.minecraftforge.fml.loading.moddiscovery.ModFileInfo/LOADING]: Found valid mod file comforts-forge-6.4.0+1.20.1.jar with {comforts} mods - versions {6.4.0+1.20.1}
[04Apr2025 19:48:42.462] [main/DEBUG] [net.minecraftforge.fml.loading.moddiscovery.ModFileParser/LOADING]: Considering mod file candidate /workspaces/ServerPrueba/servidor_minecraft/mods/deep_aether-1.20.1-1.1.5.jar
[04Apr2025 19:48:42.463] [main/DEBUG] [net.minecraftforge.fml.loading.moddiscovery.ModFileInfo/LOADING]: Found valid mod file deep_aether-1.20.1-1.1.5.jar with {deep_aether} mods - versions {1.20.1-1.1.5}
[04Apr2025 19:48:42.464] [main/DEBUG] [net.minecraftforge.fml.loading.moddiscovery.ModFileParser/LOADING]: Considering mod file candidate /workspaces/ServerPrueba/servidor_minecraft/mods/deeperdarker-forge-1.20.1-1.3.3.jar
[04Apr2025 19:48:42.465] [main/DEBUG] [net.minecraftforge.fml.loading.moddiscovery.ModFileInfo/LOADING]: Found valid mod file deeperdarker-forge-1.20.1-1.3.3.jar with {deeperdarker} mods - versions {1.3.3}
[04Apr2025 19:48:42.466] [main/DEBUG] [net.minecraftforge.fml.loading.moddiscovery.ModFileParser/LOADING]: Considering mod file candidate /workspaces/ServerPrueba/servidor_minecraft/mods/dungeons-and-taverns-3.0.3.f.jar
[04Apr2025 19:48:42.467] [main/DEBUG] [net.minecraftforge.fml.loading.moddiscovery.ModFileInfo/LOADING]: Found valid mod file dungeons-and-taverns-3.0.3.f.jar with {mr_dungeons_andtaverns} mods - versions {3.0.3.f}
[04Apr2025 19:48:42.467] [main/DEBUG] [net.minecraftforge.fml.loading.moddiscovery.ModFileParser/LOADING]: Considering mod file candidate /workspaces/ServerPrueba/servidor_minecraft/mods/dungeons-and-taverns-stronghold-rework-1.jar
[04Apr2025 19:48:42.468] [main/DEBUG] [net.minecraftforge.fml.loading.moddiscovery.ModFileInfo/LOADING]: Found valid mod file dungeons-and-taverns-stronghold-rework-1.jar with {mr_dungeons_andtavernsstrongholdrework} mods - versions {1}
[04Apr2025 19:48:42.470] [main/DEBUG] [net.minecraftforge.fml.loading.moddiscovery.ModFileParser/LOADING]: Considering mod file candidate /workspaces/ServerPrueba/servidor_minecraft/mods/DungeonsArise-1.20.1-2.1.57-release.jar
[04Apr2025 19:48:42.470] [main/DEBUG] [net.minecraftforge.fml.loading.moddiscovery.ModFileInfo/LOADING]: Found valid mod file DungeonsArise-1.20.1-2.1.57-release.jar with {dungeons_arise} mods - versions {2.1.57-1.20.1}
[04Apr2025 19:48:42.471] [main/DEBUG] [net.minecraftforge.fml.loading.moddiscovery.ModFileParser/LOADING]: Considering mod file candidate /workspaces/ServerPrueba/servidor_minecraft/mods/DungeonsAriseSevenSeas-1.19.2-1.0.2-forge.jar
[04Apr2025 19:48:42.472] [main/DEBUG] [net.minecraftforge.fml.loading.moddiscovery.ModFileInfo/LOADING]: Found valid mod file DungeonsAriseSevenSeas-1.19.2-1.0.2-forge.jar with {dungeons_arise_seven_seas} mods - versions {1.0.2}
[04Apr2025 19:48:42.473] [main/DEBUG] [net.minecraftforge.fml.loading.moddiscovery.ModFileParser/LOADING]: Considering mod file candidate /workspaces/ServerPrueba/servidor_minecraft/mods/dynamic-fps-3.9.0+minecraft-1.20.0-forge.jar
[04Apr2025 19:48:42.474] [main/DEBUG] [net.minecraftforge.fml.loading.moddiscovery.ModFileInfo/LOADING]: Found valid mod file dynamic-fps-3.9.0+minecraft-1.20.0-forge.jar with {dynamic_fps} mods - versions {3.9.0}
[04Apr2025 19:48:42.475] [main/DEBUG] [net.minecraftforge.fml.loading.moddiscovery.ModFileParser/LOADING]: Considering mod file candidate /workspaces/ServerPrueba/servidor_minecraft/mods/embeddium-0.3.31+mc1.20.1.jar
[04Apr2025 19:48:42.476] [main/DEBUG] [net.minecraftforge.fml.loading.moddiscovery.ModFileInfo/LOADING]: Found valid mod file embeddium-0.3.31+mc1.20.1.jar with {embeddium,rubidium} mods - versions {0.3.31+mc1.20.1,0.7.1}
[04Apr2025 19:48:42.477] [main/DEBUG] [net.minecraftforge.fml.loading.moddiscovery.ModFileParser/LOADING]: Considering mod file candidate /workspaces/ServerPrueba/servidor_minecraft/mods/entityculling-forge-1.7.3-mc1.20.1.jar
[04Apr2025 19:48:42.477] [main/DEBUG] [net.minecraftforge.fml.loading.moddiscovery.ModFileInfo/LOADING]: Found valid mod file entityculling-forge-1.7.3-mc1.20.1.jar with {entityculling} mods - versions {1.7.3}
[04Apr2025 19:48:42.479] [main/DEBUG] [net.minecraftforge.fml.loading.moddiscovery.ModFileParser/LOADING]: Considering mod file candidate /workspaces/ServerPrueba/servidor_minecraft/mods/FarmersDelight-1.20.1-1.2.7.jar
[04Apr2025 19:48:42.480] [main/DEBUG] [net.minecraftforge.fml.loading.moddiscovery.ModFileInfo/LOADING]: Found valid mod file FarmersDelight-1.20.1-1.2.7.jar with {farmersdelight} mods - versions {1.20.1-1.2.7}
[04Apr2025 19:48:42.484] [main/DEBUG] [net.minecraftforge.fml.loading.moddiscovery.ModFileParser/LOADING]: Considering mod file candidate /workspaces/ServerPrueba/servidor_minecraft/mods/ferritecore-6.0.1-forge.jar
[04Apr2025 19:48:42.484] [main/DEBUG] [net.minecraftforge.fml.loading.moddiscovery.ModFileInfo/LOADING]: Found valid mod file ferritecore-6.0.1-forge.jar with {ferritecore} mods - versions {6.0.1}
[04Apr2025 19:48:42.485] [main/DEBUG] [net.minecraftforge.fml.loading.moddiscovery.ModFileParser/LOADING]: Considering mod file candidate /workspaces/ServerPrueba/servidor_minecraft/mods/geckolib-forge-1.20.1-4.7.1.2.jar
[04Apr2025 19:48:42.486] [main/DEBUG] [net.minecraftforge.fml.loading.moddiscovery.ModFileInfo/LOADING]: Found valid mod file geckolib-forge-1.20.1-4.7.1.2.jar with {geckolib} mods - versions {4.7.1.2}
[04Apr2025 19:48:42.486] [main/DEBUG] [net.minecraftforge.fml.loading.moddiscovery.ModFileParser/LOADING]: Considering mod file candidate /workspaces/ServerPrueba/servidor_minecraft/mods/GeckoLibOculusCompat-Forge-1.0.1.jar
[04Apr2025 19:48:42.486] [main/DEBUG] [net.minecraftforge.fml.loading.moddiscovery.ModFileInfo/LOADING]: Found valid mod file GeckoLibOculusCompat-Forge-1.0.1.jar with {geckoanimfix} mods - versions {1.0.0}
[04Apr2025 19:48:42.489] [main/DEBUG] [net.minecraftforge.fml.loading.moddiscovery.ModFileParser/LOADING]: Considering mod file candidate /workspaces/ServerPrueba/servidor_minecraft/mods/HangGlider-v8.0.1-1.20.1-Forge.jar
[04Apr2025 19:48:42.489] [main/DEBUG] [net.minecraftforge.fml.loading.moddiscovery.ModFileInfo/LOADING]: Found valid mod file HangGlider-v8.0.1-1.20.1-Forge.jar with {hangglider} mods - versions {8.0.1}
[04Apr2025 19:48:42.492] [main/DEBUG] [net.minecraftforge.fml.loading.moddiscovery.ModFileParser/LOADING]: Considering mod file candidate /workspaces/ServerPrueba/servidor_minecraft/mods/iceandfire-2.1.13-1.20.1-beta-5.jar
[04Apr2025 19:48:42.493] [main/DEBUG] [net.minecraftforge.fml.loading.moddiscovery.ModFileInfo/LOADING]: Found valid mod file iceandfire-2.1.13-1.20.1-beta-5.jar with {iceandfire} mods - versions {2.1.13-1.20.1}
[04Apr2025 19:48:42.497] [main/DEBUG] [net.minecraftforge.fml.loading.moddiscovery.ModFileParser/LOADING]: Considering mod file candidate /workspaces/ServerPrueba/servidor_minecraft/mods/Incendium_1.20.x_v5.3.5.jar
[04Apr2025 19:48:42.498] [main/DEBUG] [net.minecraftforge.fml.loading.moddiscovery.ModFileInfo/LOADING]: Found valid mod file Incendium_1.20.x_v5.3.5.jar with {incendium} mods - versions {5.3.5}
[04Apr2025 19:48:42.499] [main/DEBUG] [net.minecraftforge.fml.loading.moddiscovery.ModFileParser/LOADING]: Considering mod file candidate /workspaces/ServerPrueba/servidor_minecraft/mods/jei-1.20.1-forge-15.20.0.106.jar
[04Apr2025 19:48:42.500] [main/DEBUG] [net.minecraftforge.fml.loading.moddiscovery.ModFileInfo/LOADING]: Found valid mod file jei-1.20.1-forge-15.20.0.106.jar with {jei} mods - versions {15.20.0.106}
[04Apr2025 19:48:42.500] [main/DEBUG] [net.minecraftforge.fml.loading.moddiscovery.ModFileParser/LOADING]: Considering mod file candidate /workspaces/ServerPrueba/servidor_minecraft/mods/justzoom_forge_2.1.1_MC_1.20.1.jar
[04Apr2025 19:48:42.501] [main/DEBUG] [net.minecraftforge.fml.loading.moddiscovery.ModFileInfo/LOADING]: Found valid mod file justzoom_forge_2.1.1_MC_1.20.1.jar with {justzoom} mods - versions {2.1.1}
[04Apr2025 19:48:42.502] [main/DEBUG] [net.minecraftforge.fml.loading.moddiscovery.ModFileParser/LOADING]: Considering mod file candidate /workspaces/ServerPrueba/servidor_minecraft/mods/konkrete_forge_1.8.0_MC_1.20-1.20.1.jar
[04Apr2025 19:48:42.503] [main/DEBUG] [net.minecraftforge.fml.loading.moddiscovery.ModFileInfo/LOADING]: Found valid mod file konkrete_forge_1.8.0_MC_1.20-1.20.1.jar with {konkrete} mods - versions {1.8.0}
[04Apr2025 19:48:42.503] [main/DEBUG] [net.minecraftforge.fml.loading.moddiscovery.ModFileParser/LOADING]: Considering mod file candidate /workspaces/ServerPrueba/servidor_minecraft/mods/MobCaptains-v3.1.2.jar
[04Apr2025 19:48:42.504] [main/DEBUG] [net.minecraftforge.fml.loading.moddiscovery.ModFileInfo/LOADING]: Found valid mod file MobCaptains-v3.1.2.jar with {mobcaptains} mods - versions {3.1.1}
[04Apr2025 19:48:42.504] [main/DEBUG] [net.minecraftforge.fml.loading.moddiscovery.ModFileParser/LOADING]: Considering mod file candidate /workspaces/ServerPrueba/servidor_minecraft/mods/mod_whitelist-1.1.0.jar
[04Apr2025 19:48:42.505] [main/DEBUG] [net.minecraftforge.fml.loading.moddiscovery.ModFileInfo/LOADING]: Found valid mod file mod_whitelist-1.1.0.jar with {mod_whitelist} mods - versions {1.1.0}
[04Apr2025 19:48:42.505] [main/DEBUG] [net.minecraftforge.fml.loading.moddiscovery.ModFileParser/LOADING]: Considering mod file candidate /workspaces/ServerPrueba/servidor_minecraft/mods/monolib-forge-1.20.1-2.0.0.jar
[04Apr2025 19:48:42.506] [main/DEBUG] [net.minecraftforge.fml.loading.moddiscovery.ModFileInfo/LOADING]: Found valid mod file monolib-forge-1.20.1-2.0.0.jar with {monolib} mods - versions {2.0.0}
[04Apr2025 19:48:42.507] [main/DEBUG] [net.minecraftforge.fml.loading.moddiscovery.ModFileParser/LOADING]: Considering mod file candidate /workspaces/ServerPrueba/servidor_minecraft/mods/more_bows_and_arrows-merged-1.20.1-4.0.0.jar
[04Apr2025 19:48:42.508] [main/DEBUG] [net.minecraftforge.fml.loading.moddiscovery.ModFileInfo/LOADING]: Found valid mod file more_bows_and_arrows-merged-1.20.1-4.0.0.jar with {more_bows_and_arrows} mods - versions {4.0.0}
[04Apr2025 19:48:42.508] [main/DEBUG] [net.minecraftforge.fml.loading.moddiscovery.ModFileParser/LOADING]: Considering mod file candidate /workspaces/ServerPrueba/servidor_minecraft/mods/MoreBows-1.0.13+1.20.x.forge.jar
[04Apr2025 19:48:42.509] [main/DEBUG] [net.minecraftforge.fml.loading.moddiscovery.ModFileInfo/LOADING]: Found valid mod file MoreBows-1.0.13+1.20.x.forge.jar with {morebows} mods - versions {1.0.13}
[04Apr2025 19:48:42.509] [main/DEBUG] [net.minecraftforge.fml.loading.moddiscovery.ModFileParser/LOADING]: Considering mod file candidate /workspaces/ServerPrueba/servidor_minecraft/mods/notenoughcrashes-4.4.7+1.20.1-forge.jar
[04Apr2025 19:48:42.511] [main/DEBUG] [net.minecraftforge.fml.loading.moddiscovery.ModFileInfo/LOADING]: Found valid mod file notenoughcrashes-4.4.7+1.20.1-forge.jar with {notenoughcrashes} mods - versions {4.4.7+1.20.1}
[04Apr2025 19:48:42.512] [main/DEBUG] [net.minecraftforge.fml.loading.moddiscovery.ModFileParser/LOADING]: Considering mod file candidate /workspaces/ServerPrueba/servidor_minecraft/mods/Nullscape_1.20.x_v1.2.8.jar
[04Apr2025 19:48:42.513] [main/DEBUG] [net.minecraftforge.fml.loading.moddiscovery.ModFileInfo/LOADING]: Found valid mod file Nullscape_1.20.x_v1.2.8.jar with {nullscape} mods - versions {1.2.8}
[04Apr2025 19:48:42.514] [main/DEBUG] [net.minecraftforge.fml.loading.moddiscovery.ModFileParser/LOADING]: Considering mod file candidate /workspaces/ServerPrueba/servidor_minecraft/mods/Outstanding_Ores-Forge-1.0.6.jar
[04Apr2025 19:48:42.514] [main/DEBUG] [net.minecraftforge.fml.loading.moddiscovery.ModFileInfo/LOADING]: Found valid mod file Outstanding_Ores-Forge-1.0.6.jar with {outstanding_ores} mods - versions {1.0.0}
[04Apr2025 19:48:42.515] [main/DEBUG] [net.minecraftforge.fml.loading.moddiscovery.ModFileParser/LOADING]: Considering mod file candidate /workspaces/ServerPrueba/servidor_minecraft/mods/Patchouli-1.20.1-84.1-FORGE.jar
[04Apr2025 19:48:42.516] [main/DEBUG] [net.minecraftforge.fml.loading.moddiscovery.ModFileInfo/LOADING]: Found valid mod file Patchouli-1.20.1-84.1-FORGE.jar with {patchouli} mods - versions {1.20.1-84.1-FORGE}
[04Apr2025 19:48:42.516] [main/DEBUG] [net.minecraftforge.fml.loading.moddiscovery.ModFileParser/LOADING]: Considering mod file candidate /workspaces/ServerPrueba/servidor_minecraft/mods/player-animation-lib-forge-1.0.2-rc1+1.20.jar
[04Apr2025 19:48:42.517] [main/DEBUG] [net.minecraftforge.fml.loading.moddiscovery.ModFileInfo/LOADING]: Found valid mod file player-animation-lib-forge-1.0.2-rc1+1.20.jar with {playeranimator} mods - versions {1.0.2-rc1+1.20}
[04Apr2025 19:48:42.528] [main/DEBUG] [net.minecraftforge.fml.loading.moddiscovery.ModFileParser/LOADING]: Considering mod file candidate /workspaces/ServerPrueba/servidor_minecraft/mods/PuzzlesLib-v8.1.29-1.20.1-Forge.jar
[04Apr2025 19:48:42.529] [main/DEBUG] [net.minecraftforge.fml.loading.moddiscovery.ModFileInfo/LOADING]: Found valid mod file PuzzlesLib-v8.1.29-1.20.1-Forge.jar with {puzzleslib} mods - versions {8.1.29}
[04Apr2025 19:48:42.534] [main/DEBUG] [net.minecraftforge.fml.loading.moddiscovery.ModFileParser/LOADING]: Considering mod file candidate /workspaces/ServerPrueba/servidor_minecraft/mods/RegionsUnexploredForge-0.5.6+1.20.1.jar
[04Apr2025 19:48:42.535] [main/DEBUG] [net.minecraftforge.fml.loading.moddiscovery.ModFileInfo/LOADING]: Found valid mod file RegionsUnexploredForge-0.5.6+1.20.1.jar with {regions_unexplored} mods - versions {0.5.6}
[04Apr2025 19:48:42.538] [main/DEBUG] [net.minecraftforge.fml.loading.moddiscovery.ModFileParser/LOADING]: Considering mod file candidate /workspaces/ServerPrueba/servidor_minecraft/mods/simplyswords-forge-1.56.0-1.20.1.jar
[04Apr2025 19:48:42.576] [main/DEBUG] [net.minecraftforge.fml.loading.moddiscovery.ModFileInfo/LOADING]: Found valid mod file simplyswords-forge-1.56.0-1.20.1.jar with {simplyswords} mods - versions {1.56.0-1.20.1}
[04Apr2025 19:48:42.578] [main/DEBUG] [net.minecraftforge.fml.loading.moddiscovery.ModFileParser/LOADING]: Considering mod file candidate /workspaces/ServerPrueba/servidor_minecraft/mods/sophisticatedbackpacks-1.20.1-3.23.6.1211.jar
[04Apr2025 19:48:42.579] [main/DEBUG] [net.minecraftforge.fml.loading.moddiscovery.ModFileInfo/LOADING]: Found valid mod file sophisticatedbackpacks-1.20.1-3.23.6.1211.jar with {sophisticatedbackpacks} mods - versions {3.23.6.1211}
[04Apr2025 19:48:42.580] [main/DEBUG] [net.minecraftforge.fml.loading.moddiscovery.ModFileParser/LOADING]: Considering mod file candidate /workspaces/ServerPrueba/servidor_minecraft/mods/sophisticatedcore-1.20.1-1.2.23.902.jar
[04Apr2025 19:48:42.580] [main/DEBUG] [net.minecraftforge.fml.loading.moddiscovery.ModFileInfo/LOADING]: Found valid mod file sophisticatedcore-1.20.1-1.2.23.902.jar with {sophisticatedcore} mods - versions {1.2.23.902}
[04Apr2025 19:48:42.581] [main/DEBUG] [net.minecraftforge.fml.loading.moddiscovery.ModFileParser/LOADING]: Considering mod file candidate /workspaces/ServerPrueba/servidor_minecraft/mods/structure_gel-1.20.1-2.16.2.jar
[04Apr2025 19:48:42.581] [main/DEBUG] [net.minecraftforge.fml.loading.moddiscovery.ModFileInfo/LOADING]: Found valid mod file structure_gel-1.20.1-2.16.2.jar with {structure_gel} mods - versions {2.16.2}
[04Apr2025 19:48:42.582] [main/DEBUG] [net.minecraftforge.fml.loading.moddiscovery.ModFileParser/LOADING]: Considering mod file candidate /workspaces/ServerPrueba/servidor_minecraft/mods/tectonic-forge-1.20.1-2.4.1.jar
[04Apr2025 19:48:42.583] [main/DEBUG] [net.minecraftforge.fml.loading.moddiscovery.ModFileInfo/LOADING]: Found valid mod file tectonic-forge-1.20.1-2.4.1.jar with {tectonic} mods - versions {2.4.1}
[04Apr2025 19:48:42.583] [main/DEBUG] [net.minecraftforge.fml.loading.moddiscovery.ModFileParser/LOADING]: Considering mod file candidate /workspaces/ServerPrueba/servidor_minecraft/mods/TerraBlender-forge-1.20.1-3.0.1.10.jar
[04Apr2025 19:48:42.584] [main/DEBUG] [net.minecraftforge.fml.loading.moddiscovery.ModFileInfo/LOADING]: Found valid mod file TerraBlender-forge-1.20.1-3.0.1.10.jar with {terrablender} mods - versions {3.0.1.10}
[04Apr2025 19:48:42.590] [main/DEBUG] [net.minecraftforge.fml.loading.moddiscovery.ModFileParser/LOADING]: Considering mod file candidate /workspaces/ServerPrueba/servidor_minecraft/mods/Terralith_1.20.x_v2.5.4.jar
[04Apr2025 19:48:42.591] [main/DEBUG] [net.minecraftforge.fml.loading.moddiscovery.ModFileInfo/LOADING]: Found valid mod file Terralith_1.20.x_v2.5.4.jar with {terralith} mods - versions {2.5.4}
[04Apr2025 19:48:42.594] [main/DEBUG] [net.minecraftforge.fml.loading.moddiscovery.ModFileParser/LOADING]: Considering mod file candidate /workspaces/ServerPrueba/servidor_minecraft/mods/the_bumblezone-7.6.7+1.20.1-forge.jar
[04Apr2025 19:48:42.596] [main/DEBUG] [net.minecraftforge.fml.loading.moddiscovery.ModFileInfo/LOADING]: Found valid mod file the_bumblezone-7.6.7+1.20.1-forge.jar with {the_bumblezone} mods - versions {7.6.7+1.20.1-forge}
[04Apr2025 19:48:42.599] [main/DEBUG] [net.minecraftforge.fml.loading.moddiscovery.ModFileParser/LOADING]: Considering mod file candidate /workspaces/ServerPrueba/servidor_minecraft/mods/The_Undergarden-1.20.1-0.8.14.jar
[04Apr2025 19:48:42.600] [main/DEBUG] [net.minecraftforge.fml.loading.moddiscovery.ModFileInfo/LOADING]: Found valid mod file The_Undergarden-1.20.1-0.8.14.jar with {undergarden} mods - versions {0.8.14}
[04Apr2025 19:48:42.601] [main/DEBUG] [net.minecraftforge.fml.loading.moddiscovery.ModFileParser/LOADING]: Considering mod file candidate /workspaces/ServerPrueba/servidor_minecraft/mods/tombstone-1.20.1-8.9.2.jar
[04Apr2025 19:48:42.602] [main/DEBUG] [net.minecraftforge.fml.loading.moddiscovery.ModFileInfo/LOADING]: Found valid mod file tombstone-1.20.1-8.9.2.jar with {tombstone} mods - versions {8.9.2}
[04Apr2025 19:48:42.603] [main/DEBUG] [net.minecraftforge.fml.loading.moddiscovery.ModFileParser/LOADING]: Considering mod file candidate /workspaces/ServerPrueba/servidor_minecraft/mods/toms_storage-1.20-1.7.0.jar
[04Apr2025 19:48:42.605] [main/DEBUG] [net.minecraftforge.fml.loading.moddiscovery.ModFileInfo/LOADING]: Found valid mod file toms_storage-1.20-1.7.0.jar with {toms_storage} mods - versions {1.7.0}
[04Apr2025 19:48:42.606] [main/DEBUG] [net.minecraftforge.fml.loading.moddiscovery.ModFileParser/LOADING]: Considering mod file candidate /workspaces/ServerPrueba/servidor_minecraft/mods/trimmable_tools-forge-2.0.5.jar
[04Apr2025 19:48:42.606] [main/DEBUG] [net.minecraftforge.fml.loading.moddiscovery.ModFileInfo/LOADING]: Found valid mod file trimmable_tools-forge-2.0.5.jar with {trimmable_tools} mods - versions {2.0.5}
[04Apr2025 19:48:42.611] [main/DEBUG] [net.minecraftforge.fml.loading.moddiscovery.ModFileParser/LOADING]: Considering mod file candidate /workspaces/ServerPrueba/servidor_minecraft/mods/twilightforest-1.20.1-4.3.2508-universal.jar
[04Apr2025 19:48:42.611] [main/DEBUG] [net.minecraftforge.fml.loading.moddiscovery.ModFileInfo/LOADING]: Found valid mod file twilightforest-1.20.1-4.3.2508-universal.jar with {twilightforest} mods - versions {4.3.2508}
[04Apr2025 19:48:42.613] [main/DEBUG] [net.minecraftforge.fml.loading.moddiscovery.ModFileParser/LOADING]: Considering mod file candidate /workspaces/ServerPrueba/servidor_minecraft/mods/vapeaholic - Alpha-1.0.1.jar
[04Apr2025 19:48:42.614] [main/DEBUG] [net.minecraftforge.fml.loading.moddiscovery.ModFileInfo/LOADING]: Found valid mod file vapeaholic - Alpha-1.0.1.jar with {vapeaholic} mods - versions {1.0.1}
[04Apr2025 19:48:42.615] [main/DEBUG] [net.minecraftforge.fml.loading.moddiscovery.ModFileParser/LOADING]: Considering mod file candidate /workspaces/ServerPrueba/servidor_minecraft/mods/voicechat-forge-1.20.1-2.5.28.jar
[04Apr2025 19:48:42.615] [main/DEBUG] [net.minecraftforge.fml.loading.moddiscovery.ModFileInfo/LOADING]: Found valid mod file voicechat-forge-1.20.1-2.5.28.jar with {voicechat} mods - versions {1.20.1-2.5.28}
[04Apr2025 19:48:42.616] [main/DEBUG] [net.minecraftforge.fml.loading.moddiscovery.ModFileParser/LOADING]: Considering mod file candidate /workspaces/ServerPrueba/servidor_minecraft/mods/waystones-forge-1.20.1-14.1.11.jar
[04Apr2025 19:48:42.616] [main/DEBUG] [net.minecraftforge.fml.loading.moddiscovery.ModFileInfo/LOADING]: Found valid mod file waystones-forge-1.20.1-14.1.11.jar with {waystones} mods - versions {14.1.11}
[04Apr2025 19:48:42.617] [main/DEBUG] [net.minecraftforge.fml.loading.moddiscovery.ModFileParser/LOADING]: Considering mod file candidate /workspaces/ServerPrueba/servidor_minecraft/mods/wthit-forge-8.16.1.jar
[04Apr2025 19:48:42.618] [main/DEBUG] [net.minecraftforge.fml.loading.moddiscovery.ModFileInfo/LOADING]: Found valid mod file wthit-forge-8.16.1.jar with {wthit,waila} mods - versions {8.16.1,8.16.1}
[04Apr2025 19:48:42.619] [main/DEBUG] [net.minecraftforge.fml.loading.moddiscovery.ModFileParser/LOADING]: Considering mod file candidate /workspaces/ServerPrueba/servidor_minecraft/mods/Xaeros_Minimap_25.2.0_Forge_1.20.jar
[04Apr2025 19:48:42.620] [main/DEBUG] [net.minecraftforge.fml.loading.moddiscovery.ModFileInfo/LOADING]: Found valid mod file Xaeros_Minimap_25.2.0_Forge_1.20.jar with {xaerominimap} mods - versions {25.2.0}
[04Apr2025 19:48:42.621] [main/DEBUG] [net.minecraftforge.fml.loading.moddiscovery.ModFileParser/LOADING]: Considering mod file candidate /workspaces/ServerPrueba/servidor_minecraft/mods/XaerosWorldMap_1.39.4_Forge_1.20.jar
[04Apr2025 19:48:42.622] [main/DEBUG] [net.minecraftforge.fml.loading.moddiscovery.ModFileInfo/LOADING]: Found valid mod file XaerosWorldMap_1.39.4_Forge_1.20.jar with {xaeroworldmap} mods - versions {1.39.4}
[04Apr2025 19:48:42.624] [main/DEBUG] [net.minecraftforge.fml.loading.moddiscovery.ModFileParser/LOADING]: Considering mod file candidate /workspaces/ServerPrueba/servidor_minecraft/mods/YungsApi-1.20-Forge-4.0.6.jar
[04Apr2025 19:48:42.625] [main/DEBUG] [net.minecraftforge.fml.loading.moddiscovery.ModFileInfo/LOADING]: Found valid mod file YungsApi-1.20-Forge-4.0.6.jar with {yungsapi} mods - versions {1.20-Forge-4.0.6}
[04Apr2025 19:48:42.626] [main/DEBUG] [net.minecraftforge.fml.loading.moddiscovery.ModFileParser/LOADING]: Considering mod file candidate /workspaces/ServerPrueba/servidor_minecraft/mods/YungsBetterDesertTemples-1.20-Forge-3.0.3.jar
[04Apr2025 19:48:42.626] [main/DEBUG] [net.minecraftforge.fml.loading.moddiscovery.ModFileInfo/LOADING]: Found valid mod file YungsBetterDesertTemples-1.20-Forge-3.0.3.jar with {betterdeserttemples} mods - versions {1.20-Forge-3.0.3}
[04Apr2025 19:48:42.627] [main/DEBUG] [net.minecraftforge.fml.loading.moddiscovery.ModFileParser/LOADING]: Considering mod file candidate /workspaces/ServerPrueba/servidor_minecraft/mods/YungsBetterDungeons-1.20-Forge-4.0.4.jar
[04Apr2025 19:48:42.628] [main/DEBUG] [net.minecraftforge.fml.loading.moddiscovery.ModFileInfo/LOADING]: Found valid mod file YungsBetterDungeons-1.20-Forge-4.0.4.jar with {betterdungeons} mods - versions {1.20-Forge-4.0.4}
[04Apr2025 19:48:42.628] [main/DEBUG] [net.minecraftforge.fml.loading.moddiscovery.ModFileParser/LOADING]: Considering mod file candidate /workspaces/ServerPrueba/servidor_minecraft/mods/YungsBetterEndIsland-1.20-Forge-2.0.6.jar
[04Apr2025 19:48:42.629] [main/DEBUG] [net.minecraftforge.fml.loading.moddiscovery.ModFileInfo/LOADING]: Found valid mod file YungsBetterEndIsland-1.20-Forge-2.0.6.jar with {betterendisland} mods - versions {1.20-Forge-2.0.6}
[04Apr2025 19:48:42.629] [main/DEBUG] [net.minecraftforge.fml.loading.moddiscovery.ModFileParser/LOADING]: Considering mod file candidate /workspaces/ServerPrueba/servidor_minecraft/mods/YungsBetterJungleTemples-1.20-Forge-2.0.5.jar
[04Apr2025 19:48:42.630] [main/DEBUG] [net.minecraftforge.fml.loading.moddiscovery.ModFileInfo/LOADING]: Found valid mod file YungsBetterJungleTemples-1.20-Forge-2.0.5.jar with {betterjungletemples} mods - versions {1.20-Forge-2.0.5}
[04Apr2025 19:48:42.631] [main/DEBUG] [net.minecraftforge.fml.loading.moddiscovery.ModFileParser/LOADING]: Considering mod file candidate /workspaces/ServerPrueba/servidor_minecraft/mods/YungsBetterMineshafts-1.20-Forge-4.0.4.jar
[04Apr2025 19:48:42.631] [main/DEBUG] [net.minecraftforge.fml.loading.moddiscovery.ModFileInfo/LOADING]: Found valid mod file YungsBetterMineshafts-1.20-Forge-4.0.4.jar with {bettermineshafts} mods - versions {1.20-Forge-4.0.4}
[04Apr2025 19:48:42.632] [main/DEBUG] [net.minecraftforge.fml.loading.moddiscovery.ModFileParser/LOADING]: Considering mod file candidate /workspaces/ServerPrueba/servidor_minecraft/mods/YungsBetterNetherFortresses-1.20-Forge-2.0.6.jar
[04Apr2025 19:48:42.633] [main/DEBUG] [net.minecraftforge.fml.loading.moddiscovery.ModFileInfo/LOADING]: Found valid mod file YungsBetterNetherFortresses-1.20-Forge-2.0.6.jar with {betterfortresses} mods - versions {1.20-Forge-2.0.6}
[04Apr2025 19:48:42.634] [main/DEBUG] [net.minecraftforge.fml.loading.moddiscovery.ModFileParser/LOADING]: Considering mod file candidate /workspaces/ServerPrueba/servidor_minecraft/mods/YungsBetterOceanMonuments-1.20-Forge-3.0.4.jar
[04Apr2025 19:48:42.635] [main/DEBUG] [net.minecraftforge.fml.loading.moddiscovery.ModFileInfo/LOADING]: Found valid mod file YungsBetterOceanMonuments-1.20-Forge-3.0.4.jar with {betteroceanmonuments} mods - versions {1.20-Forge-3.0.4}
[04Apr2025 19:48:42.635] [main/DEBUG] [net.minecraftforge.fml.loading.moddiscovery.ModFileParser/LOADING]: Considering mod file candidate /workspaces/ServerPrueba/servidor_minecraft/mods/YungsBetterStrongholds-1.20-Forge-4.0.3.jar
[04Apr2025 19:48:42.636] [main/DEBUG] [net.minecraftforge.fml.loading.moddiscovery.ModFileInfo/LOADING]: Found valid mod file YungsBetterStrongholds-1.20-Forge-4.0.3.jar with {betterstrongholds} mods - versions {1.20-Forge-4.0.3}
[04Apr2025 19:48:42.636] [main/DEBUG] [net.minecraftforge.fml.loading.moddiscovery.ModFileParser/LOADING]: Considering mod file candidate /workspaces/ServerPrueba/servidor_minecraft/mods/YungsBetterWitchHuts-1.20-Forge-3.0.3.jar
[04Apr2025 19:48:42.637] [main/DEBUG] [net.minecraftforge.fml.loading.moddiscovery.ModFileInfo/LOADING]: Found valid mod file YungsBetterWitchHuts-1.20-Forge-3.0.3.jar with {betterwitchhuts} mods - versions {1.20-Forge-3.0.3}
[04Apr2025 19:48:42.637] [main/DEBUG] [net.minecraftforge.fml.loading.moddiscovery.ModFileParser/LOADING]: Considering mod file candidate /workspaces/ServerPrueba/servidor_minecraft/mods/YungsBridges-1.20-Forge-4.0.3.jar
[04Apr2025 19:48:42.638] [main/DEBUG] [net.minecraftforge.fml.loading.moddiscovery.ModFileInfo/LOADING]: Found valid mod file YungsBridges-1.20-Forge-4.0.3.jar with {yungsbridges} mods - versions {1.20-Forge-4.0.3}
[04Apr2025 19:48:42.639] [main/DEBUG] [net.minecraftforge.fml.loading.moddiscovery.ModFileParser/LOADING]: Considering mod file candidate /workspaces/ServerPrueba/servidor_minecraft/mods/YungsCaveBiomes-1.20.1-Forge-2.0.4.jar
[04Apr2025 19:48:42.639] [main/DEBUG] [net.minecraftforge.fml.loading.moddiscovery.ModFileInfo/LOADING]: Found valid mod file YungsCaveBiomes-1.20.1-Forge-2.0.4.jar with {yungscavebiomes} mods - versions {1.20.1-Forge-2.0.4}
[04Apr2025 19:48:42.640] [main/DEBUG] [net.minecraftforge.fml.loading.moddiscovery.ModFileParser/LOADING]: Considering mod file candidate /workspaces/ServerPrueba/servidor_minecraft/mods/YungsExtras-1.20-Forge-4.0.3.jar
[04Apr2025 19:48:42.640] [main/DEBUG] [net.minecraftforge.fml.loading.moddiscovery.ModFileInfo/LOADING]: Found valid mod file YungsExtras-1.20-Forge-4.0.3.jar with {yungsextras} mods - versions {1.20-Forge-4.0.3}
[04Apr2025 19:48:42.820] [main/DEBUG] [net.minecraftforge.fml.loading.moddiscovery.ModFileInfo/LOADING]: Found valid mod file server-1.20.1-20230612.114412-srg.jar with {minecraft} mods - versions {1.20.1}
[04Apr2025 19:48:42.825] [main/DEBUG] [net.minecraftforge.fml.loading.moddiscovery.ModFileParser/LOADING]: Considering mod file candidate /workspaces/ServerPrueba/servidor_minecraft/libraries/net/minecraftforge/fmlcore/1.20.1-47.3.7/fmlcore-1.20.1-47.3.7.jar
[04Apr2025 19:48:42.825] [main/WARN] [net.minecraftforge.fml.loading.moddiscovery.ModFileParser/LOADING]: Mod file /workspaces/ServerPrueba/servidor_minecraft/libraries/net/minecraftforge/fmlcore/1.20.1-47.3.7/fmlcore-1.20.1-47.3.7.jar is missing mods.toml file
[04Apr2025 19:48:42.826] [main/DEBUG] [net.minecraftforge.fml.loading.moddiscovery.ModFileParser/LOADING]: Considering mod file candidate /workspaces/ServerPrueba/servidor_minecraft/libraries/net/minecraftforge/javafmllanguage/1.20.1-47.3.7/javafmllanguage-1.20.1-47.3.7.jar
[04Apr2025 19:48:42.826] [main/WARN] [net.minecraftforge.fml.loading.moddiscovery.ModFileParser/LOADING]: Mod file /workspaces/ServerPrueba/servidor_minecraft/libraries/net/minecraftforge/javafmllanguage/1.20.1-47.3.7/javafmllanguage-1.20.1-47.3.7.jar is missing mods.toml file
[04Apr2025 19:48:42.829] [main/DEBUG] [net.minecraftforge.fml.loading.moddiscovery.ModFileParser/LOADING]: Considering mod file candidate /workspaces/ServerPrueba/servidor_minecraft/libraries/net/minecraftforge/lowcodelanguage/1.20.1-47.3.7/lowcodelanguage-1.20.1-47.3.7.jar
[04Apr2025 19:48:42.829] [main/WARN] [net.minecraftforge.fml.loading.moddiscovery.ModFileParser/LOADING]: Mod file /workspaces/ServerPrueba/servidor_minecraft/libraries/net/minecraftforge/lowcodelanguage/1.20.1-47.3.7/lowcodelanguage-1.20.1-47.3.7.jar is missing mods.toml file
[04Apr2025 19:48:42.830] [main/DEBUG] [net.minecraftforge.fml.loading.moddiscovery.ModFileParser/LOADING]: Considering mod file candidate /workspaces/ServerPrueba/servidor_minecraft/libraries/net/minecraftforge/mclanguage/1.20.1-47.3.7/mclanguage-1.20.1-47.3.7.jar
[04Apr2025 19:48:42.830] [main/WARN] [net.minecraftforge.fml.loading.moddiscovery.ModFileParser/LOADING]: Mod file /workspaces/ServerPrueba/servidor_minecraft/libraries/net/minecraftforge/mclanguage/1.20.1-47.3.7/mclanguage-1.20.1-47.3.7.jar is missing mods.toml file
[04Apr2025 19:48:42.959] [main/DEBUG] [net.minecraftforge.fml.loading.moddiscovery.ModFileParser/LOADING]: Considering mod file candidate /workspaces/ServerPrueba/servidor_minecraft/libraries/net/minecraftforge/forge/1.20.1-47.3.7/forge-1.20.1-47.3.7-universal.jar
[04Apr2025 19:48:42.960] [main/DEBUG] [net.minecraftforge.fml.loading.moddiscovery.ModFileInfo/LOADING]: Found valid mod file forge-1.20.1-47.3.7-universal.jar with {forge} mods - versions {47.3.7}
[04Apr2025 19:48:42.971] [main/DEBUG] [net.minecraftforge.fml.loading.moddiscovery.AbstractJarFileDependencyLocator/]: Failed to load resource META-INF/jarjar/metadata.json from YungsBetterDungeons-1.20-Forge-4.0.4.jar, it does not contain dependency information.
[04Apr2025 19:48:42.972] [main/DEBUG] [net.minecraftforge.fml.loading.moddiscovery.AbstractJarFileDependencyLocator/]: Failed to load resource META-INF/jarjar/metadata.json from notenoughcrashes-4.4.7+1.20.1-forge.jar, it does not contain dependency information.
[04Apr2025 19:48:42.972] [main/DEBUG] [net.minecraftforge.fml.loading.moddiscovery.AbstractJarFileDependencyLocator/]: Failed to load resource META-INF/jarjar/metadata.json from blue_skies-1.20.1-1.3.31.jar, it does not contain dependency information.
[04Apr2025 19:48:42.972] [main/DEBUG] [net.minecraftforge.fml.loading.moddiscovery.AbstractJarFileDependencyLocator/]: Failed to load resource META-INF/jarjar/metadata.json from YungsBetterWitchHuts-1.20-Forge-3.0.3.jar, it does not contain dependency information.
[04Apr2025 19:48:42.972] [main/DEBUG] [net.minecraftforge.fml.loading.moddiscovery.AbstractJarFileDependencyLocator/]: Failed to load resource META-INF/jarjar/metadata.json from player-animation-lib-forge-1.0.2-rc1+1.20.jar, it does not contain dependency information.
[04Apr2025 19:48:42.973] [main/DEBUG] [net.minecraftforge.fml.loading.moddiscovery.AbstractJarFileDependencyLocator/]: Failed to load resource META-INF/jarjar/metadata.json from jei-1.20.1-forge-15.20.0.106.jar, it does not contain dependency information.
[04Apr2025 19:48:42.973] [main/DEBUG] [net.minecraftforge.fml.loading.moddiscovery.AbstractJarFileDependencyLocator/]: Failed to load resource META-INF/jarjar/metadata.json from YungsBetterOceanMonuments-1.20-Forge-3.0.4.jar, it does not contain dependency information.
[04Apr2025 19:48:42.973] [main/DEBUG] [net.minecraftforge.fml.loading.moddiscovery.AbstractJarFileDependencyLocator/]: Failed to load resource META-INF/jarjar/metadata.json from Incendium_1.20.x_v5.3.5.jar, it does not contain dependency information.
[04Apr2025 19:48:42.973] [main/DEBUG] [net.minecraftforge.fml.loading.moddiscovery.AbstractJarFileDependencyLocator/]: Failed to load resource META-INF/jarjar/metadata.json from sophisticatedcore-1.20.1-1.2.23.902.jar, it does not contain dependency information.
[04Apr2025 19:48:42.973] [main/DEBUG] [net.minecraftforge.fml.loading.moddiscovery.AbstractJarFileDependencyLocator/]: Failed to load resource META-INF/jarjar/metadata.json from GeckoLibOculusCompat-Forge-1.0.1.jar, it does not contain dependency information.
[04Apr2025 19:48:42.973] [main/DEBUG] [net.minecraftforge.fml.loading.moddiscovery.AbstractJarFileDependencyLocator/]: Failed to load resource META-INF/jarjar/metadata.json from mod_whitelist-1.1.0.jar, it does not contain dependency information.
[04Apr2025 19:48:42.974] [main/DEBUG] [net.minecraftforge.fml.loading.moddiscovery.AbstractJarFileDependencyLocator/]: Failed to load resource META-INF/jarjar/metadata.json from waystones-forge-1.20.1-14.1.11.jar, it does not contain dependency information.
[04Apr2025 19:48:42.974] [main/DEBUG] [net.minecraftforge.fml.loading.moddiscovery.AbstractJarFileDependencyLocator/]: Failed to load resource META-INF/jarjar/metadata.json from Outstanding_Ores-Forge-1.0.6.jar, it does not contain dependency information.
[04Apr2025 19:48:42.974] [main/DEBUG] [net.minecraftforge.fml.loading.moddiscovery.AbstractJarFileDependencyLocator/]: Failed to load resource META-INF/jarjar/metadata.json from XaerosWorldMap_1.39.4_Forge_1.20.jar, it does not contain dependency information.
[04Apr2025 19:48:42.974] [main/DEBUG] [net.minecraftforge.fml.loading.moddiscovery.AbstractJarFileDependencyLocator/]: Failed to load resource META-INF/jarjar/metadata.json from YungsCaveBiomes-1.20.1-Forge-2.0.4.jar, it does not contain dependency information.
[04Apr2025 19:48:42.974] [main/DEBUG] [net.minecraftforge.fml.loading.moddiscovery.AbstractJarFileDependencyLocator/]: Failed to load resource META-INF/jarjar/metadata.json from citadel-2.6.1-1.20.1.jar, it does not contain dependency information.
[04Apr2025 19:48:42.974] [main/DEBUG] [net.minecraftforge.fml.loading.moddiscovery.AbstractJarFileDependencyLocator/]: Failed to load resource META-INF/jarjar/metadata.json from badpackets-forge-0.4.3.jar, it does not contain dependency information.
[04Apr2025 19:48:42.975] [main/DEBUG] [net.minecraftforge.fml.loading.moddiscovery.AbstractJarFileDependencyLocator/]: Failed to load resource META-INF/jarjar/metadata.json from YungsApi-1.20-Forge-4.0.6.jar, it does not contain dependency information.
[04Apr2025 19:48:42.975] [main/DEBUG] [net.minecraftforge.fml.loading.moddiscovery.AbstractJarFileDependencyLocator/]: Failed to load resource META-INF/jarjar/metadata.json from MobCaptains-v3.1.2.jar, it does not contain dependency information.
[04Apr2025 19:48:42.975] [main/DEBUG] [net.minecraftforge.fml.loading.moddiscovery.AbstractJarFileDependencyLocator/]: Failed to load resource META-INF/jarjar/metadata.json from sophisticatedbackpacks-1.20.1-3.23.6.1211.jar, it does not contain dependency information.
[04Apr2025 19:48:42.975] [main/DEBUG] [net.minecraftforge.fml.loading.moddiscovery.AbstractJarFileDependencyLocator/]: Failed to load resource META-INF/jarjar/metadata.json from vapeaholic - Alpha-1.0.1.jar, it does not contain dependency information.
[04Apr2025 19:48:42.975] [main/DEBUG] [net.minecraftforge.fml.loading.moddiscovery.AbstractJarFileDependencyLocator/]: Failed to load resource META-INF/jarjar/metadata.json from YungsBetterDesertTemples-1.20-Forge-3.0.3.jar, it does not contain dependency information.
[04Apr2025 19:48:42.975] [main/DEBUG] [net.minecraftforge.fml.loading.moddiscovery.AbstractJarFileDependencyLocator/]: Failed to load resource META-INF/jarjar/metadata.json from iceandfire-2.1.13-1.20.1-beta-5.jar, it does not contain dependency information.
[04Apr2025 19:48:42.976] [main/DEBUG] [net.minecraftforge.fml.loading.moddiscovery.AbstractJarFileDependencyLocator/]: Failed to load resource META-INF/jarjar/metadata.json from BOMD-Forge-1.20.1-1.1.2.jar, it does not contain dependency information.
[04Apr2025 19:48:42.976] [main/DEBUG] [net.minecraftforge.fml.loading.moddiscovery.AbstractJarFileDependencyLocator/]: Failed to load resource META-INF/jarjar/metadata.json from Terralith_1.20.x_v2.5.4.jar, it does not contain dependency information.
[04Apr2025 19:48:42.977] [main/DEBUG] [net.minecraftforge.fml.loading.moddiscovery.AbstractJarFileDependencyLocator/]: Failed to load resource META-INF/jarjar/metadata.json from blueprint-1.20.1-7.1.2.jar, it does not contain dependency information.
[04Apr2025 19:48:42.977] [main/DEBUG] [net.minecraftforge.fml.loading.moddiscovery.AbstractJarFileDependencyLocator/]: Failed to load resource META-INF/jarjar/metadata.json from YungsBetterNetherFortresses-1.20-Forge-2.0.6.jar, it does not contain dependency information.
[04Apr2025 19:48:42.977] [main/DEBUG] [net.minecraftforge.fml.loading.moddiscovery.AbstractJarFileDependencyLocator/]: Failed to load resource META-INF/jarjar/metadata.json from DungeonsAriseSevenSeas-1.19.2-1.0.2-forge.jar, it does not contain dependency information.
[04Apr2025 19:48:42.978] [main/DEBUG] [net.minecraftforge.fml.loading.moddiscovery.AbstractJarFileDependencyLocator/]: Failed to load resource META-INF/jarjar/metadata.json from cloth-config-11.1.136-forge.jar, it does not contain dependency information.
[04Apr2025 19:48:42.978] [main/DEBUG] [net.minecraftforge.fml.loading.moddiscovery.AbstractJarFileDependencyLocator/]: Failed to load resource META-INF/jarjar/metadata.json from forge-1.20.1-47.3.7-universal.jar, it does not contain dependency information.
[04Apr2025 19:48:42.978] [main/DEBUG] [net.minecraftforge.fml.loading.moddiscovery.AbstractJarFileDependencyLocator/]: Failed to load resource META-INF/jarjar/metadata.json from twilightforest-1.20.1-4.3.2508-universal.jar, it does not contain dependency information.
[04Apr2025 19:48:42.978] [main/DEBUG] [net.minecraftforge.fml.loading.moddiscovery.AbstractJarFileDependencyLocator/]: Failed to load resource META-INF/jarjar/metadata.json from konkrete_forge_1.8.0_MC_1.20-1.20.1.jar, it does not contain dependency information.
[04Apr2025 19:48:42.978] [main/DEBUG] [net.minecraftforge.fml.loading.moddiscovery.AbstractJarFileDependencyLocator/]: Failed to load resource META-INF/jarjar/metadata.json from structure_gel-1.20.1-2.16.2.jar, it does not contain dependency information.
[04Apr2025 19:48:42.979] [main/DEBUG] [net.minecraftforge.fml.loading.moddiscovery.AbstractJarFileDependencyLocator/]: Failed to load resource META-INF/jarjar/metadata.json from DungeonsArise-1.20.1-2.1.57-release.jar, it does not contain dependency information.
[04Apr2025 19:48:42.979] [main/DEBUG] [net.minecraftforge.fml.loading.moddiscovery.AbstractJarFileDependencyLocator/]: Failed to load resource META-INF/jarjar/metadata.json from tectonic-forge-1.20.1-2.4.1.jar, it does not contain dependency information.
[04Apr2025 19:48:42.979] [main/DEBUG] [net.minecraftforge.fml.loading.moddiscovery.AbstractJarFileDependencyLocator/]: Failed to load resource META-INF/jarjar/metadata.json from server-1.20.1-20230612.114412-srg.jar, it does not contain dependency information.
[04Apr2025 19:48:42.979] [main/DEBUG] [net.minecraftforge.fml.loading.moddiscovery.AbstractJarFileDependencyLocator/]: Failed to load resource META-INF/jarjar/metadata.json from FarmersDelight-1.20.1-1.2.7.jar, it does not contain dependency information.
[04Apr2025 19:48:42.979] [main/DEBUG] [net.minecraftforge.fml.loading.moddiscovery.AbstractJarFileDependencyLocator/]: Failed to load resource META-INF/jarjar/metadata.json from voicechat-forge-1.20.1-2.5.28.jar, it does not contain dependency information.
[04Apr2025 19:48:42.979] [main/DEBUG] [net.minecraftforge.fml.loading.moddiscovery.AbstractJarFileDependencyLocator/]: Failed to load resource META-INF/jarjar/metadata.json from simplyswords-forge-1.56.0-1.20.1.jar, it does not contain dependency information.
[04Apr2025 19:48:42.980] [main/DEBUG] [net.minecraftforge.fml.loading.moddiscovery.AbstractJarFileDependencyLocator/]: Failed to load resource META-INF/jarjar/metadata.json from TerraBlender-forge-1.20.1-3.0.1.10.jar, it does not contain dependency information.
[04Apr2025 19:48:42.980] [main/DEBUG] [net.minecraftforge.fml.loading.moddiscovery.AbstractJarFileDependencyLocator/]: Failed to load resource META-INF/jarjar/metadata.json from RegionsUnexploredForge-0.5.6+1.20.1.jar, it does not contain dependency information.
[04Apr2025 19:48:42.980] [main/DEBUG] [net.minecraftforge.fml.loading.moddiscovery.AbstractJarFileDependencyLocator/]: Failed to load resource META-INF/jarjar/metadata.json from MoreBows-1.0.13+1.20.x.forge.jar, it does not contain dependency information.
[04Apr2025 19:48:42.980] [main/DEBUG] [net.minecraftforge.fml.loading.moddiscovery.AbstractJarFileDependencyLocator/]: Failed to load resource META-INF/jarjar/metadata.json from dungeons-and-taverns-stronghold-rework-1.jar, it does not contain dependency information.
[04Apr2025 19:48:42.980] [main/DEBUG] [net.minecraftforge.fml.loading.moddiscovery.AbstractJarFileDependencyLocator/]: Failed to load resource META-INF/jarjar/metadata.json from Chunky-1.3.146.jar, it does not contain dependency information.
[04Apr2025 19:48:42.980] [main/DEBUG] [net.minecraftforge.fml.loading.moddiscovery.AbstractJarFileDependencyLocator/]: Failed to load resource META-INF/jarjar/metadata.json from YungsBridges-1.20-Forge-4.0.3.jar, it does not contain dependency information.
[04Apr2025 19:48:42.980] [main/DEBUG] [net.minecraftforge.fml.loading.moddiscovery.AbstractJarFileDependencyLocator/]: Failed to load resource META-INF/jarjar/metadata.json from wthit-forge-8.16.1.jar, it does not contain dependency information.
[04Apr2025 19:48:42.981] [main/DEBUG] [net.minecraftforge.fml.loading.moddiscovery.AbstractJarFileDependencyLocator/]: Failed to load resource META-INF/jarjar/metadata.json from Patchouli-1.20.1-84.1-FORGE.jar, it does not contain dependency information.
[04Apr2025 19:48:42.981] [main/DEBUG] [net.minecraftforge.fml.loading.moddiscovery.AbstractJarFileDependencyLocator/]: Failed to load resource META-INF/jarjar/metadata.json from Xaeros_Minimap_25.2.0_Forge_1.20.jar, it does not contain dependency information.
[04Apr2025 19:48:42.981] [main/DEBUG] [net.minecraftforge.fml.loading.moddiscovery.AbstractJarFileDependencyLocator/]: Failed to load resource META-INF/jarjar/metadata.json from more_bows_and_arrows-merged-1.20.1-4.0.0.jar, it does not contain dependency information.
[04Apr2025 19:48:42.981] [main/DEBUG] [net.minecraftforge.fml.loading.moddiscovery.AbstractJarFileDependencyLocator/]: Failed to load resource META-INF/jarjar/metadata.json from CerbonsAPI-Forge-1.20.1-1.1.0.jar, it does not contain dependency information.
[04Apr2025 19:48:42.981] [main/DEBUG] [net.minecraftforge.fml.loading.moddiscovery.AbstractJarFileDependencyLocator/]: Failed to load resource META-INF/jarjar/metadata.json from Nullscape_1.20.x_v1.2.8.jar, it does not contain dependency information.
[04Apr2025 19:48:42.981] [main/DEBUG] [net.minecraftforge.fml.loading.moddiscovery.AbstractJarFileDependencyLocator/]: Failed to load resource META-INF/jarjar/metadata.json from YungsExtras-1.20-Forge-4.0.3.jar, it does not contain dependency information.
[04Apr2025 19:48:42.981] [main/DEBUG] [net.minecraftforge.fml.loading.moddiscovery.AbstractJarFileDependencyLocator/]: Failed to load resource META-INF/jarjar/metadata.json from dungeons-and-taverns-3.0.3.f.jar, it does not contain dependency information.
[04Apr2025 19:48:42.982] [main/DEBUG] [net.minecraftforge.fml.loading.moddiscovery.AbstractJarFileDependencyLocator/]: Failed to load resource META-INF/jarjar/metadata.json from entityculling-forge-1.7.3-mc1.20.1.jar, it does not contain dependency information.
[04Apr2025 19:48:42.982] [main/DEBUG] [net.minecraftforge.fml.loading.moddiscovery.AbstractJarFileDependencyLocator/]: Failed to load resource META-INF/jarjar/metadata.json from YungsBetterStrongholds-1.20-Forge-4.0.3.jar, it does not contain dependency information.
[04Apr2025 19:48:42.982] [main/DEBUG] [net.minecraftforge.fml.loading.moddiscovery.AbstractJarFileDependencyLocator/]: Failed to load resource META-INF/jarjar/metadata.json from tombstone-1.20.1-8.9.2.jar, it does not contain dependency information.
[04Apr2025 19:48:42.982] [main/DEBUG] [net.minecraftforge.fml.loading.moddiscovery.AbstractJarFileDependencyLocator/]: Failed to load resource META-INF/jarjar/metadata.json from deeperdarker-forge-1.20.1-1.3.3.jar, it does not contain dependency information.
[04Apr2025 19:48:42.982] [main/DEBUG] [net.minecraftforge.fml.loading.moddiscovery.AbstractJarFileDependencyLocator/]: Failed to load resource META-INF/jarjar/metadata.json from architectury-9.2.14-forge.jar, it does not contain dependency information.
[04Apr2025 19:48:42.982] [main/DEBUG] [net.minecraftforge.fml.loading.moddiscovery.AbstractJarFileDependencyLocator/]: Failed to load resource META-INF/jarjar/metadata.json from appleskin-forge-mc1.20.1-2.5.1.jar, it does not contain dependency information.
[04Apr2025 19:48:42.982] [main/DEBUG] [net.minecraftforge.fml.loading.moddiscovery.AbstractJarFileDependencyLocator/]: Failed to load resource META-INF/jarjar/metadata.json from ferritecore-6.0.1-forge.jar, it does not contain dependency information.
[04Apr2025 19:48:42.982] [main/DEBUG] [net.minecraftforge.fml.loading.moddiscovery.AbstractJarFileDependencyLocator/]: Failed to load resource META-INF/jarjar/metadata.json from YungsBetterEndIsland-1.20-Forge-2.0.6.jar, it does not contain dependency information.
[04Apr2025 19:48:42.983] [main/DEBUG] [net.minecraftforge.fml.loading.moddiscovery.AbstractJarFileDependencyLocator/]: Failed to load resource META-INF/jarjar/metadata.json from The_Undergarden-1.20.1-0.8.14.jar, it does not contain dependency information.
[04Apr2025 19:48:42.983] [main/DEBUG] [net.minecraftforge.fml.loading.moddiscovery.AbstractJarFileDependencyLocator/]: Failed to load resource META-INF/jarjar/metadata.json from monolib-forge-1.20.1-2.0.0.jar, it does not contain dependency information.
[04Apr2025 19:48:42.983] [main/DEBUG] [net.minecraftforge.fml.loading.moddiscovery.AbstractJarFileDependencyLocator/]: Failed to load resource META-INF/jarjar/metadata.json from toms_storage-1.20-1.7.0.jar, it does not contain dependency information.
[04Apr2025 19:48:42.983] [main/DEBUG] [net.minecraftforge.fml.loading.moddiscovery.AbstractJarFileDependencyLocator/]: Failed to load resource META-INF/jarjar/metadata.json from YungsBetterMineshafts-1.20-Forge-4.0.4.jar, it does not contain dependency information.
[04Apr2025 19:48:42.983] [main/DEBUG] [net.minecraftforge.fml.loading.moddiscovery.AbstractJarFileDependencyLocator/]: Failed to load resource META-INF/jarjar/metadata.json from YungsBetterJungleTemples-1.20-Forge-2.0.5.jar, it does not contain dependency information.
[04Apr2025 19:48:42.984] [main/DEBUG] [net.minecraftforge.fml.loading.moddiscovery.AbstractJarFileDependencyLocator/]: Failed to load resource META-INF/jarjar/metadata.json from BetterAdvancements-NeoForge-1.20.1-0.4.2.25.jar, it does not contain dependency information.
[04Apr2025 19:48:42.984] [main/DEBUG] [net.minecraftforge.fml.loading.moddiscovery.AbstractJarFileDependencyLocator/]: Failed to load resource META-INF/jarjar/metadata.json from mclanguage-1.20.1-47.3.7.jar, it does not contain dependency information.
[04Apr2025 19:48:42.984] [main/DEBUG] [net.minecraftforge.fml.loading.moddiscovery.AbstractJarFileDependencyLocator/]: Failed to load resource META-INF/jarjar/metadata.json from javafmllanguage-1.20.1-47.3.7.jar, it does not contain dependency information.
[04Apr2025 19:48:42.984] [main/DEBUG] [net.minecraftforge.fml.loading.moddiscovery.AbstractJarFileDependencyLocator/]: Failed to load resource META-INF/jarjar/metadata.json from fmlcore-1.20.1-47.3.7.jar, it does not contain dependency information.
[04Apr2025 19:48:42.984] [main/DEBUG] [net.minecraftforge.fml.loading.moddiscovery.AbstractJarFileDependencyLocator/]: Failed to load resource META-INF/jarjar/metadata.json from lowcodelanguage-1.20.1-47.3.7.jar, it does not contain dependency information.
[04Apr2025 19:48:43.080] [main/DEBUG] [net.minecraftforge.fml.loading.moddiscovery.ModFileParser/LOADING]: Considering mod file candidate 
[04Apr2025 19:48:43.080] [main/DEBUG] [net.minecraftforge.fml.loading.moddiscovery.ModFileInfo/LOADING]: Found valid mod file mixinextras-forge-0.3.2.jar with {mixinextras} mods - versions {0.3.2}
[04Apr2025 19:48:43.082] [main/DEBUG] [net.minecraftforge.fml.loading.moddiscovery.ModFileParser/LOADING]: Considering mod file candidate 
[04Apr2025 19:48:43.083] [main/DEBUG] [net.minecraftforge.fml.loading.moddiscovery.ModFileInfo/LOADING]: Found valid mod file aeroblender-1.20.1-1.0.2-rc1-neoforge.jar with {aeroblender} mods - versions {1.20.1-1.0.2-rc1-neoforge}
[04Apr2025 19:48:43.086] [main/DEBUG] [net.minecraftforge.fml.loading.moddiscovery.ModFileParser/LOADING]: Considering mod file candidate 
[04Apr2025 19:48:43.086] [main/DEBUG] [net.minecraftforge.fml.loading.moddiscovery.ModFileInfo/LOADING]: Found valid mod file mixinextras-forge-0.4.1.jar with {mixinextras} mods - versions {0.4.1}
[04Apr2025 19:48:43.088] [main/DEBUG] [net.minecraftforge.fml.loading.moddiscovery.ModFileParser/LOADING]: Considering mod file candidate 
[04Apr2025 19:48:43.088] [main/DEBUG] [net.minecraftforge.fml.loading.moddiscovery.ModFileInfo/LOADING]: Found valid mod file mixinextras-forge-0.2.0.jar with {mixinextras} mods - versions {0.2.0}
[04Apr2025 19:48:43.092] [main/DEBUG] [net.minecraftforge.fml.loading.moddiscovery.ModFileParser/LOADING]: Considering mod file candidate 
[04Apr2025 19:48:43.093] [main/DEBUG] [net.minecraftforge.fml.loading.moddiscovery.ModFileInfo/LOADING]: Found valid mod file spectrelib-forge-0.13.15+1.20.1.jar with {spectrelib} mods - versions {0.13.15+1.20.1}
[04Apr2025 19:48:43.105] [main/DEBUG] [net.minecraftforge.fml.loading.moddiscovery.ModFileParser/LOADING]: Considering mod file candidate 
[04Apr2025 19:48:43.105] [main/DEBUG] [net.minecraftforge.fml.loading.moddiscovery.ModFileInfo/LOADING]: Found valid mod file mixinextras-forge-0.4.1.jar with {mixinextras} mods - versions {0.4.1}
[04Apr2025 19:48:43.110] [main/DEBUG] [net.minecraftforge.fml.loading.moddiscovery.ModFileParser/LOADING]: Considering mod file candidate 
[04Apr2025 19:48:43.110] [main/DEBUG] [net.minecraftforge.fml.loading.moddiscovery.ModFileInfo/LOADING]: Found valid mod file puzzlesaccessapi-forge-20.1.1.jar with {puzzlesaccessapi} mods - versions {20.1.1}
[04Apr2025 19:48:43.112] [main/DEBUG] [net.minecraftforge.fml.loading.moddiscovery.ModFileParser/LOADING]: Considering mod file candidate 
[04Apr2025 19:48:43.112] [main/DEBUG] [net.minecraftforge.fml.loading.moddiscovery.ModFileInfo/LOADING]: Found valid mod file mixinextras-forge-0.4.1.jar with {mixinextras} mods - versions {0.4.1}
[04Apr2025 19:48:43.117] [main/DEBUG] [net.minecraftforge.fml.loading.moddiscovery.ModFileParser/LOADING]: Considering mod file candidate 
[04Apr2025 19:48:43.119] [main/DEBUG] [net.minecraftforge.fml.loading.moddiscovery.ModFileInfo/LOADING]: Found valid mod file mixinextras-forge-0.3.5.jar with {mixinextras} mods - versions {0.3.5}
[04Apr2025 19:48:43.122] [main/DEBUG] [net.minecraftforge.fml.loading.moddiscovery.ModFileParser/LOADING]: Considering mod file candidate 
[04Apr2025 19:48:43.122] [main/DEBUG] [net.minecraftforge.fml.loading.moddiscovery.ModFileInfo/LOADING]: Found valid mod file kuma-api-forge-20.1.10+1.20.1.jar with {kuma_api} mods - versions {20.1.10}
[04Apr2025 19:48:43.125] [main/DEBUG] [net.minecraftforge.fml.loading.moddiscovery.ModFileParser/LOADING]: Considering mod file candidate 
[04Apr2025 19:48:43.126] [main/DEBUG] [net.minecraftforge.fml.loading.moddiscovery.ModFileInfo/LOADING]: Found valid mod file athena-forge-1.20.1-3.1.1.jar with {athena} mods - versions {3.1.1}
[04Apr2025 19:48:43.128] [main/DEBUG] [net.minecraftforge.fml.loading.moddiscovery.ModFileParser/LOADING]: Considering mod file candidate 
[04Apr2025 19:48:43.129] [main/DEBUG] [net.minecraftforge.fml.loading.moddiscovery.ModFileInfo/LOADING]: Found valid mod file mixinextras-forge-0.4.1.jar with {mixinextras} mods - versions {0.4.1}
[04Apr2025 19:48:43.132] [main/DEBUG] [net.minecraftforge.fml.loading.moddiscovery.ModFileParser/LOADING]: Considering mod file candidate 
[04Apr2025 19:48:43.132] [main/DEBUG] [net.minecraftforge.fml.loading.moddiscovery.ModFileInfo/LOADING]: Found valid mod file mixinextras-forge-0.3.5.jar with {mixinextras} mods - versions {0.3.5}
[04Apr2025 19:48:43.135] [main/DEBUG] [net.minecraftforge.fml.loading.moddiscovery.ModFileParser/LOADING]: Considering mod file candidate 
[04Apr2025 19:48:43.136] [main/DEBUG] [net.minecraftforge.fml.loading.moddiscovery.ModFileInfo/LOADING]: Found valid mod file mixinextras-forge-0.2.0-beta.9.jar with {mixinextras} mods - versions {0.2.0-beta.9}
[04Apr2025 19:48:43.145] [main/DEBUG] [net.minecraftforge.fml.loading.moddiscovery.ModFileParser/LOADING]: Considering mod file candidate 
[04Apr2025 19:48:43.146] [main/DEBUG] [net.minecraftforge.fml.loading.moddiscovery.ModFileInfo/LOADING]: Found valid mod file nitrogen_internals-1.20.1-1.0.12-neoforge.jar with {nitrogen_internals} mods - versions {1.20.1-1.0.12-neoforge}
[04Apr2025 19:48:43.152] [main/DEBUG] [net.minecraftforge.fml.loading.moddiscovery.ModFileParser/LOADING]: Considering mod file candidate 
[04Apr2025 19:48:43.152] [main/DEBUG] [net.minecraftforge.fml.loading.moddiscovery.ModFileInfo/LOADING]: Found valid mod file cumulus_menus-1.20.1-1.0.1-neoforge.jar with {cumulus_menus} mods - versions {1.20.1-1.0.1-neoforge}
[04Apr2025 19:48:43.159] [main/DEBUG] [net.minecraftforge.fml.loading.moddiscovery.ModFileParser/LOADING]: Considering mod file candidate 
[04Apr2025 19:48:43.160] [main/DEBUG] [net.minecraftforge.fml.loading.moddiscovery.ModFileInfo/LOADING]: Found valid mod file curios-forge-5.6.1+1.20.1.jar with {curios} mods - versions {5.6.1+1.20.1}
[04Apr2025 19:48:43.168] [main/DEBUG] [net.minecraftforge.fml.loading.moddiscovery.AbstractJarFileDependencyLocator/]: Failed to load resource META-INF/jarjar/metadata.json from aeroblender-1.20.1-1.0.2-rc1-neoforge.jar, it does not contain dependency information.
[04Apr2025 19:48:43.185] [main/DEBUG] [net.minecraftforge.fml.loading.moddiscovery.AbstractJarFileDependencyLocator/]: Failed to load resource META-INF/jarjar/metadata.json from spectrelib-forge-0.13.15+1.20.1.jar, it does not contain dependency information.
[04Apr2025 19:48:43.185] [main/DEBUG] [net.minecraftforge.fml.loading.moddiscovery.AbstractJarFileDependencyLocator/]: Failed to load resource META-INF/jarjar/metadata.json from mclib-20.jar, it does not contain dependency information.
[04Apr2025 19:48:43.192] [main/DEBUG] [net.minecraftforge.fml.loading.moddiscovery.AbstractJarFileDependencyLocator/]: Failed to load resource META-INF/jarjar/metadata.json from battery-1.3.0.jar, it does not contain dependency information.
[04Apr2025 19:48:43.192] [main/DEBUG] [net.minecraftforge.fml.loading.moddiscovery.AbstractJarFileDependencyLocator/]: Failed to load resource META-INF/jarjar/metadata.json from puzzlesaccessapi-forge-20.1.1.jar, it does not contain dependency information.
[04Apr2025 19:48:43.203] [main/DEBUG] [net.minecraftforge.fml.loading.moddiscovery.AbstractJarFileDependencyLocator/]: Failed to load resource META-INF/jarjar/metadata.json from kuma-api-forge-20.1.10+1.20.1.jar, it does not contain dependency information.
[04Apr2025 19:48:43.203] [main/DEBUG] [net.minecraftforge.fml.loading.moddiscovery.AbstractJarFileDependencyLocator/]: Failed to load resource META-INF/jarjar/metadata.json from athena-forge-1.20.1-3.1.1.jar, it does not contain dependency information.
[04Apr2025 19:48:43.218] [main/DEBUG] [net.minecraftforge.fml.loading.moddiscovery.AbstractJarFileDependencyLocator/]: Failed to load resource META-INF/jarjar/metadata.json from nitrogen_internals-1.20.1-1.0.12-neoforge.jar, it does not contain dependency information.
[04Apr2025 19:48:43.219] [main/DEBUG] [net.minecraftforge.fml.loading.moddiscovery.AbstractJarFileDependencyLocator/]: Failed to load resource META-INF/jarjar/metadata.json from cumulus_menus-1.20.1-1.0.1-neoforge.jar, it does not contain dependency information.
[04Apr2025 19:48:43.219] [main/DEBUG] [net.minecraftforge.fml.loading.moddiscovery.AbstractJarFileDependencyLocator/]: Failed to load resource META-INF/jarjar/metadata.json from curios-forge-5.6.1+1.20.1.jar, it does not contain dependency information.
[04Apr2025 19:48:43.219] [main/DEBUG] [net.minecraftforge.fml.loading.moddiscovery.AbstractJarFileDependencyLocator/]: Failed to load resource META-INF/jarjar/metadata.json from MixinExtras-0.3.2.jar, it does not contain dependency information.
[04Apr2025 19:48:43.219] [main/DEBUG] [net.minecraftforge.fml.loading.moddiscovery.AbstractJarFileDependencyLocator/]: Failed to load resource META-INF/jarjar/metadata.json from MixinExtras-0.4.1.jar, it does not contain dependency information.
[04Apr2025 19:48:43.220] [main/DEBUG] [net.minecraftforge.fml.loading.moddiscovery.AbstractJarFileDependencyLocator/]: Failed to load resource META-INF/jarjar/metadata.json from MixinExtras-0.2.0.jar, it does not contain dependency information.
[04Apr2025 19:48:43.220] [main/DEBUG] [net.minecraftforge.fml.loading.moddiscovery.AbstractJarFileDependencyLocator/]: Failed to load resource META-INF/jarjar/metadata.json from MixinExtras-0.4.1.jar, it does not contain dependency information.
[04Apr2025 19:48:43.220] [main/DEBUG] [net.minecraftforge.fml.loading.moddiscovery.AbstractJarFileDependencyLocator/]: Failed to load resource META-INF/jarjar/metadata.json from MixinExtras-0.4.1.jar, it does not contain dependency information.
[04Apr2025 19:48:43.220] [main/DEBUG] [net.minecraftforge.fml.loading.moddiscovery.AbstractJarFileDependencyLocator/]: Failed to load resource META-INF/jarjar/metadata.json from MixinExtras-0.3.5.jar, it does not contain dependency information.
[04Apr2025 19:48:43.220] [main/DEBUG] [net.minecraftforge.fml.loading.moddiscovery.AbstractJarFileDependencyLocator/]: Failed to load resource META-INF/jarjar/metadata.json from MixinExtras-0.4.1.jar, it does not contain dependency information.
[04Apr2025 19:48:43.220] [main/DEBUG] [net.minecraftforge.fml.loading.moddiscovery.AbstractJarFileDependencyLocator/]: Failed to load resource META-INF/jarjar/metadata.json from MixinExtras-0.3.5.jar, it does not contain dependency information.
[04Apr2025 19:48:43.220] [main/DEBUG] [net.minecraftforge.fml.loading.moddiscovery.AbstractJarFileDependencyLocator/]: Failed to load resource META-INF/jarjar/metadata.json from MixinExtras-0.2.0-beta.9.jar, it does not contain dependency information.
[04Apr2025 19:48:43.249] [main/DEBUG] [net.minecraftforge.fml.loading.moddiscovery.ModFileParser/LOADING]: Considering mod file candidate 
[04Apr2025 19:48:43.250] [main/DEBUG] [net.minecraftforge.fml.loading.moddiscovery.ModFileInfo/LOADING]: Found valid mod file mixinextras-forge-0.4.1.jar with {mixinextras} mods - versions {0.4.1}
[04Apr2025 19:48:43.255] [main/DEBUG] [net.minecraftforge.fml.loading.moddiscovery.ModFileParser/LOADING]: Considering mod file candidate 
[04Apr2025 19:48:43.255] [main/DEBUG] [net.minecraftforge.fml.loading.moddiscovery.ModFileInfo/LOADING]: Found valid mod file puzzlesaccessapi-forge-20.1.1.jar with {puzzlesaccessapi} mods - versions {20.1.1}
[04Apr2025 19:48:43.256] [main/DEBUG] [net.minecraftforge.fml.loading.moddiscovery.ModFileParser/LOADING]: Considering mod file candidate 
[04Apr2025 19:48:43.257] [main/DEBUG] [net.minecraftforge.fml.loading.moddiscovery.ModFileInfo/LOADING]: Found valid mod file athena-forge-1.20.1-3.1.1.jar with {athena} mods - versions {3.1.1}
[04Apr2025 19:48:43.258] [main/DEBUG] [net.minecraftforge.fml.loading.moddiscovery.ModFileParser/LOADING]: Considering mod file candidate 
[04Apr2025 19:48:43.258] [main/DEBUG] [net.minecraftforge.fml.loading.moddiscovery.ModFileInfo/LOADING]: Found valid mod file aeroblender-1.20.1-1.0.2-rc1-neoforge.jar with {aeroblender} mods - versions {1.20.1-1.0.2-rc1-neoforge}
[04Apr2025 19:48:43.261] [main/DEBUG] [net.minecraftforge.fml.loading.moddiscovery.ModFileParser/LOADING]: Considering mod file candidate 
[04Apr2025 19:48:43.261] [main/DEBUG] [net.minecraftforge.fml.loading.moddiscovery.ModFileInfo/LOADING]: Found valid mod file spectrelib-forge-0.13.15+1.20.1.jar with {spectrelib} mods - versions {0.13.15+1.20.1}
[04Apr2025 19:48:43.262] [main/DEBUG] [net.minecraftforge.fml.loading.moddiscovery.ModFileParser/LOADING]: Considering mod file candidate 
[04Apr2025 19:48:43.263] [main/DEBUG] [net.minecraftforge.fml.loading.moddiscovery.ModFileInfo/LOADING]: Found valid mod file mixinextras-forge-0.2.0-beta.9.jar with {mixinextras} mods - versions {0.2.0-beta.9}
[04Apr2025 19:48:43.267] [main/DEBUG] [net.minecraftforge.fml.loading.moddiscovery.ModFileParser/LOADING]: Considering mod file candidate 
[04Apr2025 19:48:43.267] [main/DEBUG] [net.minecraftforge.fml.loading.moddiscovery.ModFileInfo/LOADING]: Found valid mod file nitrogen_internals-1.20.1-1.0.12-neoforge.jar with {nitrogen_internals} mods - versions {1.20.1-1.0.12-neoforge}
[04Apr2025 19:48:43.269] [main/DEBUG] [net.minecraftforge.fml.loading.moddiscovery.ModFileParser/LOADING]: Considering mod file candidate 
[04Apr2025 19:48:43.270] [main/DEBUG] [net.minecraftforge.fml.loading.moddiscovery.ModFileInfo/LOADING]: Found valid mod file cumulus_menus-1.20.1-1.0.1-neoforge.jar with {cumulus_menus} mods - versions {1.20.1-1.0.1-neoforge}
[04Apr2025 19:48:43.274] [main/DEBUG] [net.minecraftforge.fml.loading.moddiscovery.ModFileParser/LOADING]: Considering mod file candidate 
[04Apr2025 19:48:43.274] [main/DEBUG] [net.minecraftforge.fml.loading.moddiscovery.ModFileInfo/LOADING]: Found valid mod file curios-forge-5.6.1+1.20.1.jar with {curios} mods - versions {5.6.1+1.20.1}
[04Apr2025 19:48:43.280] [main/DEBUG] [net.minecraftforge.fml.loading.moddiscovery.ModFileParser/LOADING]: Considering mod file candidate 
[04Apr2025 19:48:43.280] [main/DEBUG] [net.minecraftforge.fml.loading.moddiscovery.ModFileInfo/LOADING]: Found valid mod file kuma-api-forge-20.1.10+1.20.1.jar with {kuma_api} mods - versions {20.1.10}
[04Apr2025 19:48:43.281] [main/WARN] [net.minecraftforge.jarjar.selection.JarSelector/]: Attempted to select two dependency jars from JarJar which have the same identification: Mod File:  and Mod File: . Using Mod File: 
[04Apr2025 19:48:43.282] [main/INFO] [net.minecraftforge.fml.loading.moddiscovery.JarInJarDependencyLocator/]: Found 12 dependencies adding them to mods collection
[04Apr2025 19:48:43.284] [main/DEBUG] [net.minecraftforge.fml.loading.moddiscovery.ModFileParser/LOADING]: Considering mod file candidate 
[04Apr2025 19:48:43.285] [main/DEBUG] [net.minecraftforge.fml.loading.moddiscovery.ModFileInfo/LOADING]: Found valid mod file kuma-api-forge-20.1.10+1.20.1.jar with {kuma_api} mods - versions {20.1.10}
[04Apr2025 19:48:43.287] [main/DEBUG] [net.minecraftforge.fml.loading.moddiscovery.ModFile/LOADING]: Loading mod file  with languages [LanguageSpec[languageName=javafml, acceptedVersions=[47,)]]
[04Apr2025 19:48:43.288] [main/DEBUG] [net.minecraftforge.fml.loading.moddiscovery.ModFileParser/LOADING]: Considering mod file candidate /workspaces/ServerPrueba/servidor_minecraft/mods/notenoughcrashes-4.4.7+1.20.1-forge.jar
[04Apr2025 19:48:43.289] [main/DEBUG] [net.minecraftforge.fml.loading.moddiscovery.ModFileInfo/LOADING]: Found valid mod file notenoughcrashes-4.4.7+1.20.1-forge.jar with {notenoughcrashes} mods - versions {4.4.7+1.20.1}
[04Apr2025 19:48:43.289] [main/DEBUG] [net.minecraftforge.fml.loading.moddiscovery.ModFile/LOADING]: Loading mod file /workspaces/ServerPrueba/servidor_minecraft/mods/notenoughcrashes-4.4.7+1.20.1-forge.jar with languages [LanguageSpec[languageName=javafml, acceptedVersions=[35,)]]
[04Apr2025 19:48:43.289] [main/DEBUG] [net.minecraftforge.fml.loading.moddiscovery.ModFileParser/LOADING]: Considering mod file candidate /workspaces/ServerPrueba/servidor_minecraft/mods/YungsBetterDungeons-1.20-Forge-4.0.4.jar
[04Apr2025 19:48:43.289] [main/DEBUG] [net.minecraftforge.fml.loading.moddiscovery.ModFileInfo/LOADING]: Found valid mod file YungsBetterDungeons-1.20-Forge-4.0.4.jar with {betterdungeons} mods - versions {1.20-Forge-4.0.4}
[04Apr2025 19:48:43.289] [main/DEBUG] [net.minecraftforge.fml.loading.moddiscovery.ModFile/LOADING]: Loading mod file /workspaces/ServerPrueba/servidor_minecraft/mods/YungsBetterDungeons-1.20-Forge-4.0.4.jar with languages [LanguageSpec[languageName=javafml, acceptedVersions=[46,)]]
[04Apr2025 19:48:43.289] [main/DEBUG] [net.minecraftforge.fml.loading.moddiscovery.ModFileParser/LOADING]: Considering mod file candidate /workspaces/ServerPrueba/servidor_minecraft/mods/blue_skies-1.20.1-1.3.31.jar
[04Apr2025 19:48:43.290] [main/DEBUG] [net.minecraftforge.fml.loading.moddiscovery.ModFileInfo/LOADING]: Found valid mod file blue_skies-1.20.1-1.3.31.jar with {blue_skies} mods - versions {1.3.31}
[04Apr2025 19:48:43.290] [main/DEBUG] [net.minecraftforge.fml.loading.moddiscovery.ModFile/LOADING]: Loading mod file /workspaces/ServerPrueba/servidor_minecraft/mods/blue_skies-1.20.1-1.3.31.jar with languages [LanguageSpec[languageName=javafml, acceptedVersions=[47,)]]
[04Apr2025 19:48:43.292] [main/DEBUG] [net.minecraftforge.fml.loading.moddiscovery.ModFileParser/LOADING]: Considering mod file candidate /workspaces/ServerPrueba/servidor_minecraft/mods/YungsBetterWitchHuts-1.20-Forge-3.0.3.jar
[04Apr2025 19:48:43.293] [main/DEBUG] [net.minecraftforge.fml.loading.moddiscovery.ModFileInfo/LOADING]: Found valid mod file YungsBetterWitchHuts-1.20-Forge-3.0.3.jar with {betterwitchhuts} mods - versions {1.20-Forge-3.0.3}
[04Apr2025 19:48:43.293] [main/DEBUG] [net.minecraftforge.fml.loading.moddiscovery.ModFile/LOADING]: Loading mod file /workspaces/ServerPrueba/servidor_minecraft/mods/YungsBetterWitchHuts-1.20-Forge-3.0.3.jar with languages [LanguageSpec[languageName=javafml, acceptedVersions=[46,)]]
[04Apr2025 19:48:43.293] [main/DEBUG] [net.minecraftforge.fml.loading.moddiscovery.ModFileParser/LOADING]: Considering mod file candidate /workspaces/ServerPrueba/servidor_minecraft/mods/geckolib-forge-1.20.1-4.7.1.2.jar
[04Apr2025 19:48:43.295] [main/DEBUG] [net.minecraftforge.fml.loading.moddiscovery.ModFileInfo/LOADING]: Found valid mod file geckolib-forge-1.20.1-4.7.1.2.jar with {geckolib} mods - versions {4.7.1.2}
[04Apr2025 19:48:43.295] [main/DEBUG] [net.minecraftforge.fml.loading.moddiscovery.ModFile/LOADING]: Loading mod file /workspaces/ServerPrueba/servidor_minecraft/mods/geckolib-forge-1.20.1-4.7.1.2.jar with languages [LanguageSpec[languageName=javafml, acceptedVersions=[47,)]]
[04Apr2025 19:48:43.295] [main/DEBUG] [net.minecraftforge.fml.loading.moddiscovery.ModFileParser/LOADING]: Considering mod file candidate /workspaces/ServerPrueba/servidor_minecraft/mods/player-animation-lib-forge-1.0.2-rc1+1.20.jar
[04Apr2025 19:48:43.296] [main/DEBUG] [net.minecraftforge.fml.loading.moddiscovery.ModFileInfo/LOADING]: Found valid mod file player-animation-lib-forge-1.0.2-rc1+1.20.jar with {playeranimator} mods - versions {1.0.2-rc1+1.20}
[04Apr2025 19:48:43.296] [main/DEBUG] [net.minecraftforge.fml.loading.moddiscovery.ModFile/LOADING]: Loading mod file /workspaces/ServerPrueba/servidor_minecraft/mods/player-animation-lib-forge-1.0.2-rc1+1.20.jar with languages [LanguageSpec[languageName=javafml, acceptedVersions=[46.0.0,)]]
[04Apr2025 19:48:43.296] [main/DEBUG] [net.minecraftforge.fml.loading.moddiscovery.ModFileParser/LOADING]: Considering mod file candidate /workspaces/ServerPrueba/servidor_minecraft/mods/aether-1.20.1-1.5.2-neoforge.jar
[04Apr2025 19:48:43.297] [main/DEBUG] [net.minecraftforge.fml.loading.moddiscovery.ModFileInfo/LOADING]: Found valid mod file aether-1.20.1-1.5.2-neoforge.jar with {aether} mods - versions {1.20.1-1.5.2-neoforge}
[04Apr2025 19:48:43.297] [main/DEBUG] [net.minecraftforge.fml.loading.moddiscovery.ModFile/LOADING]: Loading mod file /workspaces/ServerPrueba/servidor_minecraft/mods/aether-1.20.1-1.5.2-neoforge.jar with languages [LanguageSpec[languageName=javafml, acceptedVersions=[47,)]]
[04Apr2025 19:48:43.297] [main/DEBUG] [net.minecraftforge.fml.loading.moddiscovery.ModFileParser/LOADING]: Considering mod file candidate /workspaces/ServerPrueba/servidor_minecraft/mods/jei-1.20.1-forge-15.20.0.106.jar
[04Apr2025 19:48:43.298] [main/DEBUG] [net.minecraftforge.fml.loading.moddiscovery.ModFileInfo/LOADING]: Found valid mod file jei-1.20.1-forge-15.20.0.106.jar with {jei} mods - versions {15.20.0.106}
[04Apr2025 19:48:43.298] [main/DEBUG] [net.minecraftforge.fml.loading.moddiscovery.ModFile/LOADING]: Loading mod file /workspaces/ServerPrueba/servidor_minecraft/mods/jei-1.20.1-forge-15.20.0.106.jar with languages [LanguageSpec[languageName=javafml, acceptedVersions=[47,)]]
[04Apr2025 19:48:43.298] [main/DEBUG] [net.minecraftforge.fml.loading.moddiscovery.ModFileParser/LOADING]: Considering mod file candidate /workspaces/ServerPrueba/servidor_minecraft/mods/YungsBetterOceanMonuments-1.20-Forge-3.0.4.jar
[04Apr2025 19:48:43.299] [main/DEBUG] [net.minecraftforge.fml.loading.moddiscovery.ModFileInfo/LOADING]: Found valid mod file YungsBetterOceanMonuments-1.20-Forge-3.0.4.jar with {betteroceanmonuments} mods - versions {1.20-Forge-3.0.4}
[04Apr2025 19:48:43.299] [main/DEBUG] [net.minecraftforge.fml.loading.moddiscovery.ModFile/LOADING]: Loading mod file /workspaces/ServerPrueba/servidor_minecraft/mods/YungsBetterOceanMonuments-1.20-Forge-3.0.4.jar with languages [LanguageSpec[languageName=javafml, acceptedVersions=[46,)]]
[04Apr2025 19:48:43.299] [main/DEBUG] [net.minecraftforge.fml.loading.moddiscovery.ModFileParser/LOADING]: Considering mod file candidate /workspaces/ServerPrueba/servidor_minecraft/mods/Incendium_1.20.x_v5.3.5.jar
[04Apr2025 19:48:43.300] [main/DEBUG] [net.minecraftforge.fml.loading.moddiscovery.ModFileInfo/LOADING]: Found valid mod file Incendium_1.20.x_v5.3.5.jar with {incendium} mods - versions {5.3.5}
[04Apr2025 19:48:43.300] [main/DEBUG] [net.minecraftforge.fml.loading.moddiscovery.ModFile/LOADING]: Loading mod file /workspaces/ServerPrueba/servidor_minecraft/mods/Incendium_1.20.x_v5.3.5.jar with languages [LanguageSpec[languageName=lowcodefml, acceptedVersions=[1,)]]
[04Apr2025 19:48:43.300] [main/DEBUG] [net.minecraftforge.fml.loading.moddiscovery.ModFileParser/LOADING]: Considering mod file candidate /workspaces/ServerPrueba/servidor_minecraft/mods/sophisticatedcore-1.20.1-1.2.23.902.jar
[04Apr2025 19:48:43.301] [main/DEBUG] [net.minecraftforge.fml.loading.moddiscovery.ModFileInfo/LOADING]: Found valid mod file sophisticatedcore-1.20.1-1.2.23.902.jar with {sophisticatedcore} mods - versions {1.2.23.902}
[04Apr2025 19:48:43.301] [main/DEBUG] [net.minecraftforge.fml.loading.moddiscovery.ModFile/LOADING]: Loading mod file /workspaces/ServerPrueba/servidor_minecraft/mods/sophisticatedcore-1.20.1-1.2.23.902.jar with languages [LanguageSpec[languageName=javafml, acceptedVersions=[47,)]]
[04Apr2025 19:48:43.301] [main/DEBUG] [net.minecraftforge.fml.loading.moddiscovery.ModFileParser/LOADING]: Considering mod file candidate /workspaces/ServerPrueba/servidor_minecraft/mods/GeckoLibOculusCompat-Forge-1.0.1.jar
[04Apr2025 19:48:43.302] [main/DEBUG] [net.minecraftforge.fml.loading.moddiscovery.ModFileInfo/LOADING]: Found valid mod file GeckoLibOculusCompat-Forge-1.0.1.jar with {geckoanimfix} mods - versions {1.0.0}
[04Apr2025 19:48:43.302] [main/DEBUG] [net.minecraftforge.fml.loading.moddiscovery.ModFile/LOADING]: Loading mod file /workspaces/ServerPrueba/servidor_minecraft/mods/GeckoLibOculusCompat-Forge-1.0.1.jar with languages [LanguageSpec[languageName=javafml, acceptedVersions=*]]
[04Apr2025 19:48:43.302] [main/DEBUG] [net.minecraftforge.fml.loading.moddiscovery.ModFileParser/LOADING]: Considering mod file candidate /workspaces/ServerPrueba/servidor_minecraft/mods/mod_whitelist-1.1.0.jar
[04Apr2025 19:48:43.303] [main/DEBUG] [net.minecraftforge.fml.loading.moddiscovery.ModFileInfo/LOADING]: Found valid mod file mod_whitelist-1.1.0.jar with {mod_whitelist} mods - versions {1.1.0}
[04Apr2025 19:48:43.303] [main/DEBUG] [net.minecraftforge.fml.loading.moddiscovery.ModFile/LOADING]: Loading mod file /workspaces/ServerPrueba/servidor_minecraft/mods/mod_whitelist-1.1.0.jar with languages [LanguageSpec[languageName=javafml, acceptedVersions=[46,)]]
[04Apr2025 19:48:43.303] [main/DEBUG] [net.minecraftforge.fml.loading.moddiscovery.ModFileParser/LOADING]: Considering mod file candidate /workspaces/ServerPrueba/servidor_minecraft/mods/waystones-forge-1.20.1-14.1.11.jar
[04Apr2025 19:48:43.303] [main/DEBUG] [net.minecraftforge.fml.loading.moddiscovery.ModFileInfo/LOADING]: Found valid mod file waystones-forge-1.20.1-14.1.11.jar with {waystones} mods - versions {14.1.11}
[04Apr2025 19:48:43.304] [main/DEBUG] [net.minecraftforge.fml.loading.moddiscovery.ModFile/LOADING]: Loading mod file /workspaces/ServerPrueba/servidor_minecraft/mods/waystones-forge-1.20.1-14.1.11.jar with languages [LanguageSpec[languageName=javafml, acceptedVersions=[46,)]]
[04Apr2025 19:48:43.304] [main/DEBUG] [net.minecraftforge.fml.loading.moddiscovery.ModFileParser/LOADING]: Considering mod file candidate /workspaces/ServerPrueba/servidor_minecraft/mods/Outstanding_Ores-Forge-1.0.6.jar
[04Apr2025 19:48:43.305] [main/DEBUG] [net.minecraftforge.fml.loading.moddiscovery.ModFileInfo/LOADING]: Found valid mod file Outstanding_Ores-Forge-1.0.6.jar with {outstanding_ores} mods - versions {1.0.0}
[04Apr2025 19:48:43.305] [main/DEBUG] [net.minecraftforge.fml.loading.moddiscovery.ModFile/LOADING]: Loading mod file /workspaces/ServerPrueba/servidor_minecraft/mods/Outstanding_Ores-Forge-1.0.6.jar with languages [LanguageSpec[languageName=javafml, acceptedVersions=[47,)]]
[04Apr2025 19:48:43.305] [main/DEBUG] [net.minecraftforge.fml.loading.moddiscovery.ModFileParser/LOADING]: Considering mod file candidate /workspaces/ServerPrueba/servidor_minecraft/mods/XaerosWorldMap_1.39.4_Forge_1.20.jar
[04Apr2025 19:48:43.305] [main/DEBUG] [net.minecraftforge.fml.loading.moddiscovery.ModFileInfo/LOADING]: Found valid mod file XaerosWorldMap_1.39.4_Forge_1.20.jar with {xaeroworldmap} mods - versions {1.39.4}
[04Apr2025 19:48:43.305] [main/DEBUG] [net.minecraftforge.fml.loading.moddiscovery.ModFile/LOADING]: Loading mod file /workspaces/ServerPrueba/servidor_minecraft/mods/XaerosWorldMap_1.39.4_Forge_1.20.jar with languages [LanguageSpec[languageName=javafml, acceptedVersions=[46,48)]]
[04Apr2025 19:48:43.306] [main/DEBUG] [net.minecraftforge.fml.loading.moddiscovery.ModFileParser/LOADING]: Found coremod xaeroworldmap_core with Javascript path META-INF/xaeroworldmap_core.js
[04Apr2025 19:48:43.306] [main/DEBUG] [net.minecraftforge.fml.loading.moddiscovery.ModFile/LOADING]: Found coremod META-INF/xaeroworldmap_core.js
[04Apr2025 19:48:43.306] [main/DEBUG] [net.minecraftforge.fml.loading.moddiscovery.ModFileParser/LOADING]: Considering mod file candidate /workspaces/ServerPrueba/servidor_minecraft/mods/citadel-2.6.1-1.20.1.jar
[04Apr2025 19:48:43.307] [main/DEBUG] [net.minecraftforge.fml.loading.moddiscovery.ModFileInfo/LOADING]: Found valid mod file citadel-2.6.1-1.20.1.jar with {citadel} mods - versions {2.6.1}
[04Apr2025 19:48:43.307] [main/DEBUG] [net.minecraftforge.fml.loading.moddiscovery.ModFile/LOADING]: Loading mod file /workspaces/ServerPrueba/servidor_minecraft/mods/citadel-2.6.1-1.20.1.jar with languages [LanguageSpec[languageName=javafml, acceptedVersions=[47,)]]
[04Apr2025 19:48:43.307] [main/DEBUG] [net.minecraftforge.fml.loading.moddiscovery.ModFileParser/LOADING]: Considering mod file candidate /workspaces/ServerPrueba/servidor_minecraft/mods/comforts-forge-6.4.0+1.20.1.jar
[04Apr2025 19:48:43.307] [main/DEBUG] [net.minecraftforge.fml.loading.moddiscovery.ModFileInfo/LOADING]: Found valid mod file comforts-forge-6.4.0+1.20.1.jar with {comforts} mods - versions {6.4.0+1.20.1}
[04Apr2025 19:48:43.308] [main/DEBUG] [net.minecraftforge.fml.loading.moddiscovery.ModFile/LOADING]: Loading mod file /workspaces/ServerPrueba/servidor_minecraft/mods/comforts-forge-6.4.0+1.20.1.jar with languages [LanguageSpec[languageName=javafml, acceptedVersions=[46,)]]
[04Apr2025 19:48:43.308] [main/DEBUG] [net.minecraftforge.fml.loading.moddiscovery.ModFileParser/LOADING]: Considering mod file candidate /workspaces/ServerPrueba/servidor_minecraft/mods/YungsCaveBiomes-1.20.1-Forge-2.0.4.jar
[04Apr2025 19:48:43.308] [main/DEBUG] [net.minecraftforge.fml.loading.moddiscovery.ModFileInfo/LOADING]: Found valid mod file YungsCaveBiomes-1.20.1-Forge-2.0.4.jar with {yungscavebiomes} mods - versions {1.20.1-Forge-2.0.4}
[04Apr2025 19:48:43.308] [main/DEBUG] [net.minecraftforge.fml.loading.moddiscovery.ModFile/LOADING]: Loading mod file /workspaces/ServerPrueba/servidor_minecraft/mods/YungsCaveBiomes-1.20.1-Forge-2.0.4.jar with languages [LanguageSpec[languageName=javafml, acceptedVersions=[46,)]]
[04Apr2025 19:48:43.309] [main/DEBUG] [net.minecraftforge.fml.loading.moddiscovery.ModFileParser/LOADING]: Considering mod file candidate /workspaces/ServerPrueba/servidor_minecraft/mods/badpackets-forge-0.4.3.jar
[04Apr2025 19:48:43.309] [main/DEBUG] [net.minecraftforge.fml.loading.moddiscovery.ModFileInfo/LOADING]: Found valid mod file badpackets-forge-0.4.3.jar with {badpackets} mods - versions {0.4.3}
[04Apr2025 19:48:43.309] [main/DEBUG] [net.minecraftforge.fml.loading.moddiscovery.ModFile/LOADING]: Loading mod file /workspaces/ServerPrueba/servidor_minecraft/mods/badpackets-forge-0.4.3.jar with languages [LanguageSpec[languageName=javafml, acceptedVersions=[38,)]]
[04Apr2025 19:48:43.309] [main/DEBUG] [net.minecraftforge.fml.loading.moddiscovery.ModFileParser/LOADING]: Considering mod file candidate /workspaces/ServerPrueba/servidor_minecraft/mods/YungsApi-1.20-Forge-4.0.6.jar
[04Apr2025 19:48:43.310] [main/DEBUG] [net.minecraftforge.fml.loading.moddiscovery.ModFileInfo/LOADING]: Found valid mod file YungsApi-1.20-Forge-4.0.6.jar with {yungsapi} mods - versions {1.20-Forge-4.0.6}
[04Apr2025 19:48:43.310] [main/DEBUG] [net.minecraftforge.fml.loading.moddiscovery.ModFile/LOADING]: Loading mod file /workspaces/ServerPrueba/servidor_minecraft/mods/YungsApi-1.20-Forge-4.0.6.jar with languages [LanguageSpec[languageName=javafml, acceptedVersions=[46,)]]
[04Apr2025 19:48:43.310] [main/DEBUG] [net.minecraftforge.fml.loading.moddiscovery.ModFileParser/LOADING]: Considering mod file candidate /workspaces/ServerPrueba/servidor_minecraft/mods/MobCaptains-v3.1.2.jar
[04Apr2025 19:48:43.310] [main/DEBUG] [net.minecraftforge.fml.loading.moddiscovery.ModFileInfo/LOADING]: Found valid mod file MobCaptains-v3.1.2.jar with {mobcaptains} mods - versions {3.1.1}
[04Apr2025 19:48:43.310] [main/DEBUG] [net.minecraftforge.fml.loading.moddiscovery.ModFile/LOADING]: Loading mod file /workspaces/ServerPrueba/servidor_minecraft/mods/MobCaptains-v3.1.2.jar with languages [LanguageSpec[languageName=lowcodefml, acceptedVersions=[1,)]]
[04Apr2025 19:48:43.310] [main/DEBUG] [net.minecraftforge.fml.loading.moddiscovery.ModFileParser/LOADING]: Considering mod file candidate /workspaces/ServerPrueba/servidor_minecraft/mods/sophisticatedbackpacks-1.20.1-3.23.6.1211.jar
[04Apr2025 19:48:43.311] [main/DEBUG] [net.minecraftforge.fml.loading.moddiscovery.ModFileInfo/LOADING]: Found valid mod file sophisticatedbackpacks-1.20.1-3.23.6.1211.jar with {sophisticatedbackpacks} mods - versions {3.23.6.1211}
[04Apr2025 19:48:43.311] [main/DEBUG] [net.minecraftforge.fml.loading.moddiscovery.ModFile/LOADING]: Loading mod file /workspaces/ServerPrueba/servidor_minecraft/mods/sophisticatedbackpacks-1.20.1-3.23.6.1211.jar with languages [LanguageSpec[languageName=javafml, acceptedVersions=[47,)]]
[04Apr2025 19:48:43.311] [main/DEBUG] [net.minecraftforge.fml.loading.moddiscovery.ModFileParser/LOADING]: Considering mod file candidate /workspaces/ServerPrueba/servidor_minecraft/mods/vapeaholic - Alpha-1.0.1.jar
[04Apr2025 19:48:43.311] [main/DEBUG] [net.minecraftforge.fml.loading.moddiscovery.ModFileInfo/LOADING]: Found valid mod file vapeaholic - Alpha-1.0.1.jar with {vapeaholic} mods - versions {1.0.1}
[04Apr2025 19:48:43.312] [main/DEBUG] [net.minecraftforge.fml.loading.moddiscovery.ModFile/LOADING]: Loading mod file /workspaces/ServerPrueba/servidor_minecraft/mods/vapeaholic - Alpha-1.0.1.jar with languages [LanguageSpec[languageName=javafml, acceptedVersions=[47,)]]
[04Apr2025 19:48:43.312] [main/DEBUG] [net.minecraftforge.fml.loading.moddiscovery.ModFileParser/LOADING]: Considering mod file candidate /workspaces/ServerPrueba/servidor_minecraft/mods/YungsBetterDesertTemples-1.20-Forge-3.0.3.jar
[04Apr2025 19:48:43.312] [main/DEBUG] [net.minecraftforge.fml.loading.moddiscovery.ModFileInfo/LOADING]: Found valid mod file YungsBetterDesertTemples-1.20-Forge-3.0.3.jar with {betterdeserttemples} mods - versions {1.20-Forge-3.0.3}
[04Apr2025 19:48:43.312] [main/DEBUG] [net.minecraftforge.fml.loading.moddiscovery.ModFile/LOADING]: Loading mod file /workspaces/ServerPrueba/servidor_minecraft/mods/YungsBetterDesertTemples-1.20-Forge-3.0.3.jar with languages [LanguageSpec[languageName=javafml, acceptedVersions=[46,)]]
[04Apr2025 19:48:43.312] [main/DEBUG] [net.minecraftforge.fml.loading.moddiscovery.ModFileParser/LOADING]: Considering mod file candidate /workspaces/ServerPrueba/servidor_minecraft/mods/iceandfire-2.1.13-1.20.1-beta-5.jar
[04Apr2025 19:48:43.313] [main/DEBUG] [net.minecraftforge.fml.loading.moddiscovery.ModFileInfo/LOADING]: Found valid mod file iceandfire-2.1.13-1.20.1-beta-5.jar with {iceandfire} mods - versions {2.1.13-1.20.1}
[04Apr2025 19:48:43.313] [main/DEBUG] [net.minecraftforge.fml.loading.moddiscovery.ModFile/LOADING]: Loading mod file /workspaces/ServerPrueba/servidor_minecraft/mods/iceandfire-2.1.13-1.20.1-beta-5.jar with languages [LanguageSpec[languageName=javafml, acceptedVersions=[37.0,)]]
[04Apr2025 19:48:43.313] [main/DEBUG] [net.minecraftforge.fml.loading.moddiscovery.ModFileParser/LOADING]: Considering mod file candidate /workspaces/ServerPrueba/servidor_minecraft/mods/balm-forge-1.20.1-7.3.25-all.jar
[04Apr2025 19:48:43.313] [main/DEBUG] [net.minecraftforge.fml.loading.moddiscovery.ModFileInfo/LOADING]: Found valid mod file balm-forge-1.20.1-7.3.25-all.jar with {balm} mods - versions {7.3.25}
[04Apr2025 19:48:43.314] [main/DEBUG] [net.minecraftforge.fml.loading.moddiscovery.ModFile/LOADING]: Loading mod file /workspaces/ServerPrueba/servidor_minecraft/mods/balm-forge-1.20.1-7.3.25-all.jar with languages [LanguageSpec[languageName=javafml, acceptedVersions=[46,)]]
[04Apr2025 19:48:43.314] [main/DEBUG] [net.minecraftforge.fml.loading.moddiscovery.ModFileParser/LOADING]: Considering mod file candidate /workspaces/ServerPrueba/servidor_minecraft/mods/BOMD-Forge-1.20.1-1.1.2.jar
[04Apr2025 19:48:43.314] [main/DEBUG] [net.minecraftforge.fml.loading.moddiscovery.ModFileInfo/LOADING]: Found valid mod file BOMD-Forge-1.20.1-1.1.2.jar with {bosses_of_mass_destruction} mods - versions {1.1.2}
[04Apr2025 19:48:43.314] [main/DEBUG] [net.minecraftforge.fml.loading.moddiscovery.ModFile/LOADING]: Loading mod file /workspaces/ServerPrueba/servidor_minecraft/mods/BOMD-Forge-1.20.1-1.1.2.jar with languages [LanguageSpec[languageName=javafml, acceptedVersions=[47,)]]
[04Apr2025 19:48:43.314] [main/DEBUG] [net.minecraftforge.fml.loading.moddiscovery.ModFileParser/LOADING]: Considering mod file candidate /workspaces/ServerPrueba/servidor_minecraft/mods/blueprint-1.20.1-7.1.2.jar
[04Apr2025 19:48:43.315] [main/DEBUG] [net.minecraftforge.fml.loading.moddiscovery.ModFileInfo/LOADING]: Found valid mod file blueprint-1.20.1-7.1.2.jar with {blueprint} mods - versions {7.1.2}
[04Apr2025 19:48:43.315] [main/DEBUG] [net.minecraftforge.fml.loading.moddiscovery.ModFile/LOADING]: Loading mod file /workspaces/ServerPrueba/servidor_minecraft/mods/blueprint-1.20.1-7.1.2.jar with languages [LanguageSpec[languageName=javafml, acceptedVersions=[32,)]]
[04Apr2025 19:48:43.315] [main/DEBUG] [net.minecraftforge.fml.loading.moddiscovery.ModFileParser/LOADING]: Considering mod file candidate /workspaces/ServerPrueba/servidor_minecraft/mods/Terralith_1.20.x_v2.5.4.jar
[04Apr2025 19:48:43.315] [main/DEBUG] [net.minecraftforge.fml.loading.moddiscovery.ModFileInfo/LOADING]: Found valid mod file Terralith_1.20.x_v2.5.4.jar with {terralith} mods - versions {2.5.4}
[04Apr2025 19:48:43.315] [main/DEBUG] [net.minecraftforge.fml.loading.moddiscovery.ModFile/LOADING]: Loading mod file /workspaces/ServerPrueba/servidor_minecraft/mods/Terralith_1.20.x_v2.5.4.jar with languages [LanguageSpec[languageName=lowcodefml, acceptedVersions=[1,)]]
[04Apr2025 19:48:43.315] [main/DEBUG] [net.minecraftforge.fml.loading.moddiscovery.ModFileParser/LOADING]: Considering mod file candidate 
[04Apr2025 19:48:43.316] [main/DEBUG] [net.minecraftforge.fml.loading.moddiscovery.ModFileInfo/LOADING]: Found valid mod file puzzlesaccessapi-forge-20.1.1.jar with {puzzlesaccessapi} mods - versions {20.1.1}
[04Apr2025 19:48:43.316] [main/DEBUG] [net.minecraftforge.fml.loading.moddiscovery.ModFile/LOADING]: Loading mod file  with languages [LanguageSpec[languageName=javafml, acceptedVersions=*]]
[04Apr2025 19:48:43.316] [main/DEBUG] [net.minecraftforge.fml.loading.moddiscovery.ModFileParser/LOADING]: Considering mod file candidate /workspaces/ServerPrueba/servidor_minecraft/mods/cloth-config-11.1.136-forge.jar
[04Apr2025 19:48:43.316] [main/DEBUG] [net.minecraftforge.fml.loading.moddiscovery.ModFileInfo/LOADING]: Found valid mod file cloth-config-11.1.136-forge.jar with {cloth_config} mods - versions {11.1.136}
[04Apr2025 19:48:43.316] [main/DEBUG] [net.minecraftforge.fml.loading.moddiscovery.ModFile/LOADING]: Loading mod file /workspaces/ServerPrueba/servidor_minecraft/mods/cloth-config-11.1.136-forge.jar with languages [LanguageSpec[languageName=javafml, acceptedVersions=[34,)]]
[04Apr2025 19:48:43.316] [main/DEBUG] [net.minecraftforge.fml.loading.moddiscovery.ModFileParser/LOADING]: Considering mod file candidate /workspaces/ServerPrueba/servidor_minecraft/mods/DungeonsAriseSevenSeas-1.19.2-1.0.2-forge.jar
[04Apr2025 19:48:43.317] [main/DEBUG] [net.minecraftforge.fml.loading.moddiscovery.ModFileInfo/LOADING]: Found valid mod file DungeonsAriseSevenSeas-1.19.2-1.0.2-forge.jar with {dungeons_arise_seven_seas} mods - versions {1.0.2}
[04Apr2025 19:48:43.317] [main/DEBUG] [net.minecraftforge.fml.loading.moddiscovery.ModFile/LOADING]: Loading mod file /workspaces/ServerPrueba/servidor_minecraft/mods/DungeonsAriseSevenSeas-1.19.2-1.0.2-forge.jar with languages [LanguageSpec[languageName=javafml, acceptedVersions=[43,)]]
[04Apr2025 19:48:43.317] [main/DEBUG] [net.minecraftforge.fml.loading.moddiscovery.ModFileParser/LOADING]: Considering mod file candidate /workspaces/ServerPrueba/servidor_minecraft/mods/YungsBetterNetherFortresses-1.20-Forge-2.0.6.jar
[04Apr2025 19:48:43.317] [main/DEBUG] [net.minecraftforge.fml.loading.moddiscovery.ModFileInfo/LOADING]: Found valid mod file YungsBetterNetherFortresses-1.20-Forge-2.0.6.jar with {betterfortresses} mods - versions {1.20-Forge-2.0.6}
[04Apr2025 19:48:43.317] [main/DEBUG] [net.minecraftforge.fml.loading.moddiscovery.ModFile/LOADING]: Loading mod file /workspaces/ServerPrueba/servidor_minecraft/mods/YungsBetterNetherFortresses-1.20-Forge-2.0.6.jar with languages [LanguageSpec[languageName=javafml, acceptedVersions=[46,)]]
[04Apr2025 19:48:43.318] [main/DEBUG] [net.minecraftforge.fml.loading.moddiscovery.ModFileParser/LOADING]: Considering mod file candidate /workspaces/ServerPrueba/servidor_minecraft/libraries/net/minecraftforge/forge/1.20.1-47.3.7/forge-1.20.1-47.3.7-universal.jar
[04Apr2025 19:48:43.318] [main/DEBUG] [net.minecraftforge.fml.loading.moddiscovery.ModFileInfo/LOADING]: Found valid mod file forge-1.20.1-47.3.7-universal.jar with {forge} mods - versions {47.3.7}
[04Apr2025 19:48:43.318] [main/DEBUG] [net.minecraftforge.fml.loading.moddiscovery.ModFile/LOADING]: Loading mod file /workspaces/ServerPrueba/servidor_minecraft/libraries/net/minecraftforge/forge/1.20.1-47.3.7/forge-1.20.1-47.3.7-universal.jar with languages [LanguageSpec[languageName=javafml, acceptedVersions=[24,]]]
[04Apr2025 19:48:43.319] [main/DEBUG] [net.minecraftforge.fml.loading.moddiscovery.ModFileParser/LOADING]: Found coremod field_to_method with Javascript path coremods/field_to_method.js
[04Apr2025 19:48:43.319] [main/DEBUG] [net.minecraftforge.fml.loading.moddiscovery.ModFileParser/LOADING]: Found coremod field_to_instanceof with Javascript path coremods/field_to_instanceof.js
[04Apr2025 19:48:43.319] [main/DEBUG] [net.minecraftforge.fml.loading.moddiscovery.ModFileParser/LOADING]: Found coremod add_bouncer_method with Javascript path coremods/add_bouncer_method.js
[04Apr2025 19:48:43.319] [main/DEBUG] [net.minecraftforge.fml.loading.moddiscovery.ModFileParser/LOADING]: Found coremod method_redirector with Javascript path coremods/method_redirector.js
[04Apr2025 19:48:43.319] [main/DEBUG] [net.minecraftforge.fml.loading.moddiscovery.ModFile/LOADING]: Found coremod coremods/field_to_method.js
[04Apr2025 19:48:43.319] [main/DEBUG] [net.minecraftforge.fml.loading.moddiscovery.ModFile/LOADING]: Found coremod coremods/field_to_instanceof.js
[04Apr2025 19:48:43.319] [main/DEBUG] [net.minecraftforge.fml.loading.moddiscovery.ModFile/LOADING]: Found coremod coremods/add_bouncer_method.js
[04Apr2025 19:48:43.319] [main/DEBUG] [net.minecraftforge.fml.loading.moddiscovery.ModFile/LOADING]: Found coremod coremods/method_redirector.js
[04Apr2025 19:48:43.319] [main/DEBUG] [net.minecraftforge.fml.loading.moddiscovery.ModFileParser/LOADING]: Considering mod file candidate /workspaces/ServerPrueba/servidor_minecraft/mods/twilightforest-1.20.1-4.3.2508-universal.jar
[04Apr2025 19:48:43.320] [main/DEBUG] [net.minecraftforge.fml.loading.moddiscovery.ModFileInfo/LOADING]: Found valid mod file twilightforest-1.20.1-4.3.2508-universal.jar with {twilightforest} mods - versions {4.3.2508}
[04Apr2025 19:48:43.320] [main/DEBUG] [net.minecraftforge.fml.loading.moddiscovery.ModFile/LOADING]: Loading mod file /workspaces/ServerPrueba/servidor_minecraft/mods/twilightforest-1.20.1-4.3.2508-universal.jar with languages [LanguageSpec[languageName=javafml, acceptedVersions=[47,)]]
[04Apr2025 19:48:43.320] [main/DEBUG] [net.minecraftforge.fml.loading.moddiscovery.ModFileParser/LOADING]: Found coremod seed with Javascript path META-INF/asm/seed.js
[04Apr2025 19:48:43.320] [main/DEBUG] [net.minecraftforge.fml.loading.moddiscovery.ModFileParser/LOADING]: Found coremod maprendercontext with Javascript path META-INF/asm/maprendercontext.js
[04Apr2025 19:48:43.320] [main/DEBUG] [net.minecraftforge.fml.loading.moddiscovery.ModFileParser/LOADING]: Found coremod music with Javascript path META-INF/asm/music.js
[04Apr2025 19:48:43.320] [main/DEBUG] [net.minecraftforge.fml.loading.moddiscovery.ModFileParser/LOADING]: Found coremod multipart with Javascript path META-INF/asm/multipart.js
[04Apr2025 19:48:43.320] [main/DEBUG] [net.minecraftforge.fml.loading.moddiscovery.ModFileParser/LOADING]: Found coremod foliage with Javascript path META-INF/asm/foliage.js
[04Apr2025 19:48:43.321] [main/DEBUG] [net.minecraftforge.fml.loading.moddiscovery.ModFileParser/LOADING]: Found coremod mount with Javascript path META-INF/asm/mount.js
[04Apr2025 19:48:43.321] [main/DEBUG] [net.minecraftforge.fml.loading.moddiscovery.ModFileParser/LOADING]: Found coremod book with Javascript path META-INF/asm/book.js
[04Apr2025 19:48:43.321] [main/DEBUG] [net.minecraftforge.fml.loading.moddiscovery.ModFileParser/LOADING]: Found coremod conquered with Javascript path META-INF/asm/conquered.js
[04Apr2025 19:48:43.321] [main/DEBUG] [net.minecraftforge.fml.loading.moddiscovery.ModFileParser/LOADING]: Found coremod reach with Javascript path META-INF/asm/reach.js
[04Apr2025 19:48:43.321] [main/DEBUG] [net.minecraftforge.fml.loading.moddiscovery.ModFileParser/LOADING]: Found coremod shroom with Javascript path META-INF/asm/shroom.js
[04Apr2025 19:48:43.321] [main/DEBUG] [net.minecraftforge.fml.loading.moddiscovery.ModFileParser/LOADING]: Found coremod cloud with Javascript path META-INF/asm/cloud.js
[04Apr2025 19:48:43.321] [main/DEBUG] [net.minecraftforge.fml.loading.moddiscovery.ModFileParser/LOADING]: Found coremod lead with Javascript path META-INF/asm/lead.js
[04Apr2025 19:48:43.321] [main/DEBUG] [net.minecraftforge.fml.loading.moddiscovery.ModFile/LOADING]: Found coremod META-INF/asm/seed.js
[04Apr2025 19:48:43.321] [main/DEBUG] [net.minecraftforge.fml.loading.moddiscovery.ModFile/LOADING]: Found coremod META-INF/asm/maprendercontext.js
[04Apr2025 19:48:43.321] [main/DEBUG] [net.minecraftforge.fml.loading.moddiscovery.ModFile/LOADING]: Found coremod META-INF/asm/music.js
[04Apr2025 19:48:43.321] [main/DEBUG] [net.minecraftforge.fml.loading.moddiscovery.ModFile/LOADING]: Found coremod META-INF/asm/multipart.js
[04Apr2025 19:48:43.321] [main/DEBUG] [net.minecraftforge.fml.loading.moddiscovery.ModFile/LOADING]: Found coremod META-INF/asm/foliage.js
[04Apr2025 19:48:43.322] [main/DEBUG] [net.minecraftforge.fml.loading.moddiscovery.ModFile/LOADING]: Found coremod META-INF/asm/mount.js
[04Apr2025 19:48:43.322] [main/DEBUG] [net.minecraftforge.fml.loading.moddiscovery.ModFile/LOADING]: Found coremod META-INF/asm/book.js
[04Apr2025 19:48:43.322] [main/DEBUG] [net.minecraftforge.fml.loading.moddiscovery.ModFile/LOADING]: Found coremod META-INF/asm/conquered.js
[04Apr2025 19:48:43.322] [main/DEBUG] [net.minecraftforge.fml.loading.moddiscovery.ModFile/LOADING]: Found coremod META-INF/asm/reach.js
[04Apr2025 19:48:43.322] [main/DEBUG] [net.minecraftforge.fml.loading.moddiscovery.ModFile/LOADING]: Found coremod META-INF/asm/shroom.js
[04Apr2025 19:48:43.322] [main/DEBUG] [net.minecraftforge.fml.loading.moddiscovery.ModFile/LOADING]: Found coremod META-INF/asm/cloud.js
[04Apr2025 19:48:43.322] [main/DEBUG] [net.minecraftforge.fml.loading.moddiscovery.ModFile/LOADING]: Found coremod META-INF/asm/lead.js
[04Apr2025 19:48:43.322] [main/DEBUG] [net.minecraftforge.fml.loading.moddiscovery.ModFileParser/LOADING]: Considering mod file candidate 
[04Apr2025 19:48:43.322] [main/DEBUG] [net.minecraftforge.fml.loading.moddiscovery.ModFileInfo/LOADING]: Found valid mod file athena-forge-1.20.1-3.1.1.jar with {athena} mods - versions {3.1.1}
[04Apr2025 19:48:43.323] [main/DEBUG] [net.minecraftforge.fml.loading.moddiscovery.ModFile/LOADING]: Loading mod file  with languages [LanguageSpec[languageName=javafml, acceptedVersions=[47,)]]
[04Apr2025 19:48:43.323] [main/DEBUG] [net.minecraftforge.fml.loading.moddiscovery.ModFileParser/LOADING]: Considering mod file candidate /workspaces/ServerPrueba/servidor_minecraft/mods/embeddium-0.3.31+mc1.20.1.jar
[04Apr2025 19:48:43.323] [main/DEBUG] [net.minecraftforge.fml.loading.moddiscovery.ModFileInfo/LOADING]: Found valid mod file embeddium-0.3.31+mc1.20.1.jar with {embeddium,rubidium} mods - versions {0.3.31+mc1.20.1,0.7.1}
[04Apr2025 19:48:43.323] [main/DEBUG] [net.minecraftforge.fml.loading.moddiscovery.ModFile/LOADING]: Loading mod file /workspaces/ServerPrueba/servidor_minecraft/mods/embeddium-0.3.31+mc1.20.1.jar with languages [LanguageSpec[languageName=javafml, acceptedVersions=[47,)]]
[04Apr2025 19:48:43.323] [main/DEBUG] [net.minecraftforge.fml.loading.moddiscovery.ModFileParser/LOADING]: Considering mod file candidate /workspaces/ServerPrueba/servidor_minecraft/mods/konkrete_forge_1.8.0_MC_1.20-1.20.1.jar
[04Apr2025 19:48:43.324] [main/DEBUG] [net.minecraftforge.fml.loading.moddiscovery.ModFileInfo/LOADING]: Found valid mod file konkrete_forge_1.8.0_MC_1.20-1.20.1.jar with {konkrete} mods - versions {1.8.0}
[04Apr2025 19:48:43.324] [main/DEBUG] [net.minecraftforge.fml.loading.moddiscovery.ModFile/LOADING]: Loading mod file /workspaces/ServerPrueba/servidor_minecraft/mods/konkrete_forge_1.8.0_MC_1.20-1.20.1.jar with languages [LanguageSpec[languageName=javafml, acceptedVersions=[46,)]]
[04Apr2025 19:48:43.324] [main/DEBUG] [net.minecraftforge.fml.loading.moddiscovery.ModFileParser/LOADING]: Considering mod file candidate /workspaces/ServerPrueba/servidor_minecraft/mods/structure_gel-1.20.1-2.16.2.jar
[04Apr2025 19:48:43.325] [main/DEBUG] [net.minecraftforge.fml.loading.moddiscovery.ModFileInfo/LOADING]: Found valid mod file structure_gel-1.20.1-2.16.2.jar with {structure_gel} mods - versions {2.16.2}
[04Apr2025 19:48:43.325] [main/DEBUG] [net.minecraftforge.fml.loading.moddiscovery.ModFile/LOADING]: Loading mod file /workspaces/ServerPrueba/servidor_minecraft/mods/structure_gel-1.20.1-2.16.2.jar with languages [LanguageSpec[languageName=javafml, acceptedVersions=[47,)]]
[04Apr2025 19:48:43.325] [main/DEBUG] [net.minecraftforge.fml.loading.moddiscovery.ModFileParser/LOADING]: Considering mod file candidate /workspaces/ServerPrueba/servidor_minecraft/mods/DungeonsArise-1.20.1-2.1.57-release.jar
[04Apr2025 19:48:43.325] [main/DEBUG] [net.minecraftforge.fml.loading.moddiscovery.ModFileInfo/LOADING]: Found valid mod file DungeonsArise-1.20.1-2.1.57-release.jar with {dungeons_arise} mods - versions {2.1.57-1.20.1}
[04Apr2025 19:48:43.325] [main/DEBUG] [net.minecraftforge.fml.loading.moddiscovery.ModFile/LOADING]: Loading mod file /workspaces/ServerPrueba/servidor_minecraft/mods/DungeonsArise-1.20.1-2.1.57-release.jar with languages [LanguageSpec[languageName=javafml, acceptedVersions=[41,)]]
[04Apr2025 19:48:43.326] [main/DEBUG] [net.minecraftforge.fml.loading.moddiscovery.ModFileParser/LOADING]: Considering mod file candidate /workspaces/ServerPrueba/servidor_minecraft/mods/tectonic-forge-1.20.1-2.4.1.jar
[04Apr2025 19:48:43.326] [main/DEBUG] [net.minecraftforge.fml.loading.moddiscovery.ModFileInfo/LOADING]: Found valid mod file tectonic-forge-1.20.1-2.4.1.jar with {tectonic} mods - versions {2.4.1}
[04Apr2025 19:48:43.326] [main/DEBUG] [net.minecraftforge.fml.loading.moddiscovery.ModFile/LOADING]: Loading mod file /workspaces/ServerPrueba/servidor_minecraft/mods/tectonic-forge-1.20.1-2.4.1.jar with languages [LanguageSpec[languageName=javafml, acceptedVersions=[44,)]]
[04Apr2025 19:48:43.326] [main/DEBUG] [net.minecraftforge.fml.loading.moddiscovery.ModFileParser/LOADING]: Considering mod file candidate /workspaces/ServerPrueba/servidor_minecraft/mods/FarmersDelight-1.20.1-1.2.7.jar
[04Apr2025 19:48:43.326] [main/DEBUG] [net.minecraftforge.fml.loading.moddiscovery.ModFileInfo/LOADING]: Found valid mod file FarmersDelight-1.20.1-1.2.7.jar with {farmersdelight} mods - versions {1.20.1-1.2.7}
[04Apr2025 19:48:43.327] [main/DEBUG] [net.minecraftforge.fml.loading.moddiscovery.ModFile/LOADING]: Loading mod file /workspaces/ServerPrueba/servidor_minecraft/mods/FarmersDelight-1.20.1-1.2.7.jar with languages [LanguageSpec[languageName=javafml, acceptedVersions=[46,)]]
[04Apr2025 19:48:43.327] [main/DEBUG] [net.minecraftforge.fml.loading.moddiscovery.ModFileInfo/LOADING]: Found valid mod file server-1.20.1-20230612.114412-srg.jar with {minecraft} mods - versions {1.20.1}
[04Apr2025 19:48:43.327] [main/DEBUG] [net.minecraftforge.fml.loading.moddiscovery.ModFile/LOADING]: Loading mod file /workspaces/ServerPrueba/servidor_minecraft/libraries/net/minecraft/server/1.20.1-20230612.114412/server-1.20.1-20230612.114412-srg.jar with languages [LanguageSpec[languageName=minecraft, acceptedVersions=1]]
[04Apr2025 19:48:43.327] [main/DEBUG] [net.minecraftforge.fml.loading.moddiscovery.ModFileParser/LOADING]: Considering mod file candidate /workspaces/ServerPrueba/servidor_minecraft/mods/simplyswords-forge-1.56.0-1.20.1.jar
[04Apr2025 19:48:43.328] [main/DEBUG] [net.minecraftforge.fml.loading.moddiscovery.ModFileInfo/LOADING]: Found valid mod file simplyswords-forge-1.56.0-1.20.1.jar with {simplyswords} mods - versions {1.56.0-1.20.1}
[04Apr2025 19:48:43.328] [main/DEBUG] [net.minecraftforge.fml.loading.moddiscovery.ModFile/LOADING]: Loading mod file /workspaces/ServerPrueba/servidor_minecraft/mods/simplyswords-forge-1.56.0-1.20.1.jar with languages [LanguageSpec[languageName=javafml, acceptedVersions=[41,)]]
[04Apr2025 19:48:43.328] [main/DEBUG] [net.minecraftforge.fml.loading.moddiscovery.ModFileParser/LOADING]: Considering mod file candidate /workspaces/ServerPrueba/servidor_minecraft/mods/voicechat-forge-1.20.1-2.5.28.jar
[04Apr2025 19:48:43.328] [main/DEBUG] [net.minecraftforge.fml.loading.moddiscovery.ModFileInfo/LOADING]: Found valid mod file voicechat-forge-1.20.1-2.5.28.jar with {voicechat} mods - versions {1.20.1-2.5.28}
[04Apr2025 19:48:43.329] [main/DEBUG] [net.minecraftforge.fml.loading.moddiscovery.ModFile/LOADING]: Loading mod file /workspaces/ServerPrueba/servidor_minecraft/mods/voicechat-forge-1.20.1-2.5.28.jar with languages [LanguageSpec[languageName=javafml, acceptedVersions=*]]
[04Apr2025 19:48:43.329] [main/DEBUG] [net.minecraftforge.fml.loading.moddiscovery.ModFileParser/LOADING]: Considering mod file candidate /workspaces/ServerPrueba/servidor_minecraft/mods/TerraBlender-forge-1.20.1-3.0.1.10.jar
[04Apr2025 19:48:43.329] [main/DEBUG] [net.minecraftforge.fml.loading.moddiscovery.ModFileInfo/LOADING]: Found valid mod file TerraBlender-forge-1.20.1-3.0.1.10.jar with {terrablender} mods - versions {3.0.1.10}
[04Apr2025 19:48:43.329] [main/DEBUG] [net.minecraftforge.fml.loading.moddiscovery.ModFile/LOADING]: Loading mod file /workspaces/ServerPrueba/servidor_minecraft/mods/TerraBlender-forge-1.20.1-3.0.1.10.jar with languages [LanguageSpec[languageName=javafml, acceptedVersions=[47,)]]
[04Apr2025 19:48:43.329] [main/DEBUG] [net.minecraftforge.fml.loading.moddiscovery.ModFileParser/LOADING]: Considering mod file candidate /workspaces/ServerPrueba/servidor_minecraft/mods/bettercombat-forge-1.8.6+1.20.1.jar
[04Apr2025 19:48:43.330] [main/DEBUG] [net.minecraftforge.fml.loading.moddiscovery.ModFileInfo/LOADING]: Found valid mod file bettercombat-forge-1.8.6+1.20.1.jar with {bettercombat} mods - versions {1.8.6+1.20.1}
[04Apr2025 19:48:43.330] [main/DEBUG] [net.minecraftforge.fml.loading.moddiscovery.ModFile/LOADING]: Loading mod file /workspaces/ServerPrueba/servidor_minecraft/mods/bettercombat-forge-1.8.6+1.20.1.jar with languages [LanguageSpec[languageName=javafml, acceptedVersions=[39,)]]
[04Apr2025 19:48:43.330] [main/DEBUG] [net.minecraftforge.fml.loading.moddiscovery.ModFileParser/LOADING]: Considering mod file candidate /workspaces/ServerPrueba/servidor_minecraft/mods/RegionsUnexploredForge-0.5.6+1.20.1.jar
[04Apr2025 19:48:43.330] [main/DEBUG] [net.minecraftforge.fml.loading.moddiscovery.ModFileInfo/LOADING]: Found valid mod file RegionsUnexploredForge-0.5.6+1.20.1.jar with {regions_unexplored} mods - versions {0.5.6}
[04Apr2025 19:48:43.330] [main/DEBUG] [net.minecraftforge.fml.loading.moddiscovery.ModFile/LOADING]: Loading mod file /workspaces/ServerPrueba/servidor_minecraft/mods/RegionsUnexploredForge-0.5.6+1.20.1.jar with languages [LanguageSpec[languageName=javafml, acceptedVersions=[47,)]]
[04Apr2025 19:48:43.331] [main/DEBUG] [net.minecraftforge.fml.loading.moddiscovery.ModFileParser/LOADING]: Considering mod file candidate /workspaces/ServerPrueba/servidor_minecraft/mods/MoreBows-1.0.13+1.20.x.forge.jar
[04Apr2025 19:48:43.331] [main/DEBUG] [net.minecraftforge.fml.loading.moddiscovery.ModFileInfo/LOADING]: Found valid mod file MoreBows-1.0.13+1.20.x.forge.jar with {morebows} mods - versions {1.0.13}
[04Apr2025 19:48:43.331] [main/DEBUG] [net.minecraftforge.fml.loading.moddiscovery.ModFile/LOADING]: Loading mod file /workspaces/ServerPrueba/servidor_minecraft/mods/MoreBows-1.0.13+1.20.x.forge.jar with languages [LanguageSpec[languageName=javafml, acceptedVersions=[46,)]]
[04Apr2025 19:48:43.331] [main/DEBUG] [net.minecraftforge.fml.loading.moddiscovery.ModFileParser/LOADING]: Considering mod file candidate /workspaces/ServerPrueba/servidor_minecraft/mods/dungeons-and-taverns-stronghold-rework-1.jar
[04Apr2025 19:48:43.332] [main/DEBUG] [net.minecraftforge.fml.loading.moddiscovery.ModFileInfo/LOADING]: Found valid mod file dungeons-and-taverns-stronghold-rework-1.jar with {mr_dungeons_andtavernsstrongholdrework} mods - versions {1}
[04Apr2025 19:48:43.332] [main/DEBUG] [net.minecraftforge.fml.loading.moddiscovery.ModFile/LOADING]: Loading mod file /workspaces/ServerPrueba/servidor_minecraft/mods/dungeons-and-taverns-stronghold-rework-1.jar with languages [LanguageSpec[languageName=lowcodefml, acceptedVersions=[40,)]]
[04Apr2025 19:48:43.332] [main/DEBUG] [net.minecraftforge.fml.loading.moddiscovery.ModFileParser/LOADING]: Considering mod file candidate /workspaces/ServerPrueba/servidor_minecraft/mods/Chunky-1.3.146.jar
[04Apr2025 19:48:43.332] [main/DEBUG] [net.minecraftforge.fml.loading.moddiscovery.ModFileInfo/LOADING]: Found valid mod file Chunky-1.3.146.jar with {chunky} mods - versions {1.3.146}
[04Apr2025 19:48:43.332] [main/DEBUG] [net.minecraftforge.fml.loading.moddiscovery.ModFile/LOADING]: Loading mod file /workspaces/ServerPrueba/servidor_minecraft/mods/Chunky-1.3.146.jar with languages [LanguageSpec[languageName=javafml, acceptedVersions=[38,)]]
[04Apr2025 19:48:43.332] [main/DEBUG] [net.minecraftforge.fml.loading.moddiscovery.ModFileParser/LOADING]: Considering mod file candidate 
[04Apr2025 19:48:43.333] [main/DEBUG] [net.minecraftforge.fml.loading.moddiscovery.ModFileInfo/LOADING]: Found valid mod file spectrelib-forge-0.13.15+1.20.1.jar with {spectrelib} mods - versions {0.13.15+1.20.1}
[04Apr2025 19:48:43.333] [main/DEBUG] [net.minecraftforge.fml.loading.moddiscovery.ModFile/LOADING]: Loading mod file  with languages [LanguageSpec[languageName=javafml, acceptedVersions=[41,)]]
[04Apr2025 19:48:43.333] [main/DEBUG] [net.minecraftforge.fml.loading.moddiscovery.ModFileParser/LOADING]: Considering mod file candidate /workspaces/ServerPrueba/servidor_minecraft/mods/YungsBridges-1.20-Forge-4.0.3.jar
[04Apr2025 19:48:43.334] [main/DEBUG] [net.minecraftforge.fml.loading.moddiscovery.ModFileInfo/LOADING]: Found valid mod file YungsBridges-1.20-Forge-4.0.3.jar with {yungsbridges} mods - versions {1.20-Forge-4.0.3}
[04Apr2025 19:48:43.334] [main/DEBUG] [net.minecraftforge.fml.loading.moddiscovery.ModFile/LOADING]: Loading mod file /workspaces/ServerPrueba/servidor_minecraft/mods/YungsBridges-1.20-Forge-4.0.3.jar with languages [LanguageSpec[languageName=javafml, acceptedVersions=[46,)]]
[04Apr2025 19:48:43.334] [main/DEBUG] [net.minecraftforge.fml.loading.moddiscovery.ModFileParser/LOADING]: Considering mod file candidate /workspaces/ServerPrueba/servidor_minecraft/mods/HangGlider-v8.0.1-1.20.1-Forge.jar
[04Apr2025 19:48:43.334] [main/DEBUG] [net.minecraftforge.fml.loading.moddiscovery.ModFileInfo/LOADING]: Found valid mod file HangGlider-v8.0.1-1.20.1-Forge.jar with {hangglider} mods - versions {8.0.1}
[04Apr2025 19:48:43.334] [main/DEBUG] [net.minecraftforge.fml.loading.moddiscovery.ModFile/LOADING]: Loading mod file /workspaces/ServerPrueba/servidor_minecraft/mods/HangGlider-v8.0.1-1.20.1-Forge.jar with languages [LanguageSpec[languageName=javafml, acceptedVersions=[47,)]]
[04Apr2025 19:48:43.334] [main/DEBUG] [net.minecraftforge.fml.loading.moddiscovery.ModFileParser/LOADING]: Considering mod file candidate 
[04Apr2025 19:48:43.335] [main/DEBUG] [net.minecraftforge.fml.loading.moddiscovery.ModFileInfo/LOADING]: Found valid mod file aeroblender-1.20.1-1.0.2-rc1-neoforge.jar with {aeroblender} mods - versions {1.20.1-1.0.2-rc1-neoforge}
[04Apr2025 19:48:43.335] [main/DEBUG] [net.minecraftforge.fml.loading.moddiscovery.ModFile/LOADING]: Loading mod file  with languages [LanguageSpec[languageName=javafml, acceptedVersions=[47,)]]
[04Apr2025 19:48:43.335] [main/DEBUG] [net.minecraftforge.fml.loading.moddiscovery.ModFileParser/LOADING]: Considering mod file candidate /workspaces/ServerPrueba/servidor_minecraft/mods/wthit-forge-8.16.1.jar
[04Apr2025 19:48:43.336] [main/DEBUG] [net.minecraftforge.fml.loading.moddiscovery.ModFileInfo/LOADING]: Found valid mod file wthit-forge-8.16.1.jar with {wthit,waila} mods - versions {8.16.1,8.16.1}
[04Apr2025 19:48:43.336] [main/DEBUG] [net.minecraftforge.fml.loading.moddiscovery.ModFile/LOADING]: Loading mod file /workspaces/ServerPrueba/servidor_minecraft/mods/wthit-forge-8.16.1.jar with languages [LanguageSpec[languageName=javafml, acceptedVersions=[38,)]]
[04Apr2025 19:48:43.336] [main/DEBUG] [net.minecraftforge.fml.loading.moddiscovery.ModFileParser/LOADING]: Considering mod file candidate 
[04Apr2025 19:48:43.336] [main/DEBUG] [net.minecraftforge.fml.loading.moddiscovery.ModFileInfo/LOADING]: Found valid mod file curios-forge-5.6.1+1.20.1.jar with {curios} mods - versions {5.6.1+1.20.1}
[04Apr2025 19:48:43.336] [main/DEBUG] [net.minecraftforge.fml.loading.moddiscovery.ModFile/LOADING]: Loading mod file  with languages [LanguageSpec[languageName=javafml, acceptedVersions=[41,)]]
[04Apr2025 19:48:43.336] [main/DEBUG] [net.minecraftforge.fml.loading.moddiscovery.ModFileParser/LOADING]: Considering mod file candidate /workspaces/ServerPrueba/servidor_minecraft/mods/Patchouli-1.20.1-84.1-FORGE.jar
[04Apr2025 19:48:43.337] [main/DEBUG] [net.minecraftforge.fml.loading.moddiscovery.ModFileInfo/LOADING]: Found valid mod file Patchouli-1.20.1-84.1-FORGE.jar with {patchouli} mods - versions {1.20.1-84.1-FORGE}
[04Apr2025 19:48:43.337] [main/DEBUG] [net.minecraftforge.fml.loading.moddiscovery.ModFile/LOADING]: Loading mod file /workspaces/ServerPrueba/servidor_minecraft/mods/Patchouli-1.20.1-84.1-FORGE.jar with languages [LanguageSpec[languageName=javafml, acceptedVersions=[47,)]]
[04Apr2025 19:48:43.337] [main/DEBUG] [net.minecraftforge.fml.loading.moddiscovery.ModFileParser/LOADING]: Considering mod file candidate /workspaces/ServerPrueba/servidor_minecraft/mods/Xaeros_Minimap_25.2.0_Forge_1.20.jar
[04Apr2025 19:48:43.337] [main/DEBUG] [net.minecraftforge.fml.loading.moddiscovery.ModFileInfo/LOADING]: Found valid mod file Xaeros_Minimap_25.2.0_Forge_1.20.jar with {xaerominimap} mods - versions {25.2.0}
[04Apr2025 19:48:43.338] [main/DEBUG] [net.minecraftforge.fml.loading.moddiscovery.ModFile/LOADING]: Loading mod file /workspaces/ServerPrueba/servidor_minecraft/mods/Xaeros_Minimap_25.2.0_Forge_1.20.jar with languages [LanguageSpec[languageName=javafml, acceptedVersions=[46,48)]]
[04Apr2025 19:48:43.338] [main/DEBUG] [net.minecraftforge.fml.loading.moddiscovery.ModFileParser/LOADING]: Found coremod xaerohud_core with Javascript path META-INF/xaerohud_core.js
[04Apr2025 19:48:43.338] [main/DEBUG] [net.minecraftforge.fml.loading.moddiscovery.ModFile/LOADING]: Found coremod META-INF/xaerohud_core.js
[04Apr2025 19:48:43.338] [main/DEBUG] [net.minecraftforge.fml.loading.moddiscovery.ModFileParser/LOADING]: Considering mod file candidate /workspaces/ServerPrueba/servidor_minecraft/mods/more_bows_and_arrows-merged-1.20.1-4.0.0.jar
[04Apr2025 19:48:43.339] [main/DEBUG] [net.minecraftforge.fml.loading.moddiscovery.ModFileInfo/LOADING]: Found valid mod file more_bows_and_arrows-merged-1.20.1-4.0.0.jar with {more_bows_and_arrows} mods - versions {4.0.0}
[04Apr2025 19:48:43.339] [main/DEBUG] [net.minecraftforge.fml.loading.moddiscovery.ModFile/LOADING]: Loading mod file /workspaces/ServerPrueba/servidor_minecraft/mods/more_bows_and_arrows-merged-1.20.1-4.0.0.jar with languages [LanguageSpec[languageName=javafml, acceptedVersions=[43,)]]
[04Apr2025 19:48:43.340] [main/DEBUG] [net.minecraftforge.fml.loading.moddiscovery.ModFileParser/LOADING]: Considering mod file candidate /workspaces/ServerPrueba/servidor_minecraft/mods/CerbonsAPI-Forge-1.20.1-1.1.0.jar
[04Apr2025 19:48:43.340] [main/DEBUG] [net.minecraftforge.fml.loading.moddiscovery.ModFileInfo/LOADING]: Found valid mod file CerbonsAPI-Forge-1.20.1-1.1.0.jar with {cerbons_api} mods - versions {1.1.0}
[04Apr2025 19:48:43.341] [main/DEBUG] [net.minecraftforge.fml.loading.moddiscovery.ModFile/LOADING]: Loading mod file /workspaces/ServerPrueba/servidor_minecraft/mods/CerbonsAPI-Forge-1.20.1-1.1.0.jar with languages [LanguageSpec[languageName=javafml, acceptedVersions=[47,)]]
[04Apr2025 19:48:43.341] [main/DEBUG] [net.minecraftforge.fml.loading.moddiscovery.ModFileParser/LOADING]: Considering mod file candidate /workspaces/ServerPrueba/servidor_minecraft/mods/Nullscape_1.20.x_v1.2.8.jar
[04Apr2025 19:48:43.341] [main/DEBUG] [net.minecraftforge.fml.loading.moddiscovery.ModFileInfo/LOADING]: Found valid mod file Nullscape_1.20.x_v1.2.8.jar with {nullscape} mods - versions {1.2.8}
[04Apr2025 19:48:43.341] [main/DEBUG] [net.minecraftforge.fml.loading.moddiscovery.ModFile/LOADING]: Loading mod file /workspaces/ServerPrueba/servidor_minecraft/mods/Nullscape_1.20.x_v1.2.8.jar with languages [LanguageSpec[languageName=lowcodefml, acceptedVersions=[1,)]]
[04Apr2025 19:48:43.341] [main/DEBUG] [net.minecraftforge.fml.loading.moddiscovery.ModFileParser/LOADING]: Considering mod file candidate /workspaces/ServerPrueba/servidor_minecraft/mods/dungeons-and-taverns-3.0.3.f.jar
[04Apr2025 19:48:43.342] [main/DEBUG] [net.minecraftforge.fml.loading.moddiscovery.ModFileInfo/LOADING]: Found valid mod file dungeons-and-taverns-3.0.3.f.jar with {mr_dungeons_andtaverns} mods - versions {3.0.3.f}
[04Apr2025 19:48:43.342] [main/DEBUG] [net.minecraftforge.fml.loading.moddiscovery.ModFile/LOADING]: Loading mod file /workspaces/ServerPrueba/servidor_minecraft/mods/dungeons-and-taverns-3.0.3.f.jar with languages [LanguageSpec[languageName=lowcodefml, acceptedVersions=[40,)]]
[04Apr2025 19:48:43.342] [main/DEBUG] [net.minecraftforge.fml.loading.moddiscovery.ModFileParser/LOADING]: Considering mod file candidate /workspaces/ServerPrueba/servidor_minecraft/mods/YungsExtras-1.20-Forge-4.0.3.jar
[04Apr2025 19:48:43.342] [main/DEBUG] [net.minecraftforge.fml.loading.moddiscovery.ModFileInfo/LOADING]: Found valid mod file YungsExtras-1.20-Forge-4.0.3.jar with {yungsextras} mods - versions {1.20-Forge-4.0.3}
[04Apr2025 19:48:43.343] [main/DEBUG] [net.minecraftforge.fml.loading.moddiscovery.ModFile/LOADING]: Loading mod file /workspaces/ServerPrueba/servidor_minecraft/mods/YungsExtras-1.20-Forge-4.0.3.jar with languages [LanguageSpec[languageName=javafml, acceptedVersions=[46,)]]
[04Apr2025 19:48:43.343] [main/DEBUG] [net.minecraftforge.fml.loading.moddiscovery.ModFileParser/LOADING]: Considering mod file candidate /workspaces/ServerPrueba/servidor_minecraft/mods/entityculling-forge-1.7.3-mc1.20.1.jar
[04Apr2025 19:48:43.343] [main/DEBUG] [net.minecraftforge.fml.loading.moddiscovery.ModFileInfo/LOADING]: Found valid mod file entityculling-forge-1.7.3-mc1.20.1.jar with {entityculling} mods - versions {1.7.3}
[04Apr2025 19:48:43.344] [main/DEBUG] [net.minecraftforge.fml.loading.moddiscovery.ModFile/LOADING]: Loading mod file /workspaces/ServerPrueba/servidor_minecraft/mods/entityculling-forge-1.7.3-mc1.20.1.jar with languages [LanguageSpec[languageName=javafml, acceptedVersions=[28,)]]
[04Apr2025 19:48:43.344] [main/DEBUG] [net.minecraftforge.fml.loading.moddiscovery.ModFileParser/LOADING]: Considering mod file candidate /workspaces/ServerPrueba/servidor_minecraft/mods/tombstone-1.20.1-8.9.2.jar
[04Apr2025 19:48:43.344] [main/DEBUG] [net.minecraftforge.fml.loading.moddiscovery.ModFileInfo/LOADING]: Found valid mod file tombstone-1.20.1-8.9.2.jar with {tombstone} mods - versions {8.9.2}
[04Apr2025 19:48:43.344] [main/DEBUG] [net.minecraftforge.fml.loading.moddiscovery.ModFile/LOADING]: Loading mod file /workspaces/ServerPrueba/servidor_minecraft/mods/tombstone-1.20.1-8.9.2.jar with languages [LanguageSpec[languageName=javafml, acceptedVersions=[46,)]]
[04Apr2025 19:48:43.345] [main/DEBUG] [net.minecraftforge.fml.loading.moddiscovery.ModFileParser/LOADING]: Considering mod file candidate /workspaces/ServerPrueba/servidor_minecraft/mods/YungsBetterStrongholds-1.20-Forge-4.0.3.jar
[04Apr2025 19:48:43.345] [main/DEBUG] [net.minecraftforge.fml.loading.moddiscovery.ModFileInfo/LOADING]: Found valid mod file YungsBetterStrongholds-1.20-Forge-4.0.3.jar with {betterstrongholds} mods - versions {1.20-Forge-4.0.3}
[04Apr2025 19:48:43.345] [main/DEBUG] [net.minecraftforge.fml.loading.moddiscovery.ModFile/LOADING]: Loading mod file /workspaces/ServerPrueba/servidor_minecraft/mods/YungsBetterStrongholds-1.20-Forge-4.0.3.jar with languages [LanguageSpec[languageName=javafml, acceptedVersions=[46,)]]
[04Apr2025 19:48:43.345] [main/DEBUG] [net.minecraftforge.fml.loading.moddiscovery.ModFileParser/LOADING]: Considering mod file candidate 
[04Apr2025 19:48:43.346] [main/DEBUG] [net.minecraftforge.fml.loading.moddiscovery.ModFileInfo/LOADING]: Found valid mod file cumulus_menus-1.20.1-1.0.1-neoforge.jar with {cumulus_menus} mods - versions {1.20.1-1.0.1-neoforge}
[04Apr2025 19:48:43.346] [main/DEBUG] [net.minecraftforge.fml.loading.moddiscovery.ModFile/LOADING]: Loading mod file  with languages [LanguageSpec[languageName=javafml, acceptedVersions=[47,)]]
[04Apr2025 19:48:43.346] [main/DEBUG] [net.minecraftforge.fml.loading.moddiscovery.ModFileParser/LOADING]: Considering mod file candidate /workspaces/ServerPrueba/servidor_minecraft/mods/appleskin-forge-mc1.20.1-2.5.1.jar
[04Apr2025 19:48:43.347] [main/DEBUG] [net.minecraftforge.fml.loading.moddiscovery.ModFileInfo/LOADING]: Found valid mod file appleskin-forge-mc1.20.1-2.5.1.jar with {appleskin} mods - versions {2.5.1+mc1.20.1}
[04Apr2025 19:48:43.347] [main/DEBUG] [net.minecraftforge.fml.loading.moddiscovery.ModFile/LOADING]: Loading mod file /workspaces/ServerPrueba/servidor_minecraft/mods/appleskin-forge-mc1.20.1-2.5.1.jar with languages [LanguageSpec[languageName=javafml, acceptedVersions=[47,)]]
[04Apr2025 19:48:43.347] [main/DEBUG] [net.minecraftforge.fml.loading.moddiscovery.ModFileParser/LOADING]: Considering mod file candidate /workspaces/ServerPrueba/servidor_minecraft/mods/architectury-9.2.14-forge.jar
[04Apr2025 19:48:43.347] [main/DEBUG] [net.minecraftforge.fml.loading.moddiscovery.ModFileInfo/LOADING]: Found valid mod file architectury-9.2.14-forge.jar with {architectury} mods - versions {9.2.14}
[04Apr2025 19:48:43.347] [main/DEBUG] [net.minecraftforge.fml.loading.moddiscovery.ModFile/LOADING]: Loading mod file /workspaces/ServerPrueba/servidor_minecraft/mods/architectury-9.2.14-forge.jar with languages [LanguageSpec[languageName=javafml, acceptedVersions=[46,)]]
[04Apr2025 19:48:43.348] [main/DEBUG] [net.minecraftforge.fml.loading.moddiscovery.ModFileParser/LOADING]: Considering mod file candidate /workspaces/ServerPrueba/servidor_minecraft/mods/deeperdarker-forge-1.20.1-1.3.3.jar
[04Apr2025 19:48:43.348] [main/DEBUG] [net.minecraftforge.fml.loading.moddiscovery.ModFileInfo/LOADING]: Found valid mod file deeperdarker-forge-1.20.1-1.3.3.jar with {deeperdarker} mods - versions {1.3.3}
[04Apr2025 19:48:43.348] [main/DEBUG] [net.minecraftforge.fml.loading.moddiscovery.ModFile/LOADING]: Loading mod file /workspaces/ServerPrueba/servidor_minecraft/mods/deeperdarker-forge-1.20.1-1.3.3.jar with languages [LanguageSpec[languageName=javafml, acceptedVersions=[47,)]]
[04Apr2025 19:48:43.348] [main/DEBUG] [net.minecraftforge.fml.loading.moddiscovery.ModFileParser/LOADING]: Considering mod file candidate /workspaces/ServerPrueba/servidor_minecraft/mods/ferritecore-6.0.1-forge.jar
[04Apr2025 19:48:43.349] [main/DEBUG] [net.minecraftforge.fml.loading.moddiscovery.ModFileInfo/LOADING]: Found valid mod file ferritecore-6.0.1-forge.jar with {ferritecore} mods - versions {6.0.1}
[04Apr2025 19:48:43.349] [main/DEBUG] [net.minecraftforge.fml.loading.moddiscovery.ModFile/LOADING]: Loading mod file /workspaces/ServerPrueba/servidor_minecraft/mods/ferritecore-6.0.1-forge.jar with languages [LanguageSpec[languageName=javafml, acceptedVersions=[28,)]]
[04Apr2025 19:48:43.349] [main/DEBUG] [net.minecraftforge.fml.loading.moddiscovery.ModFileParser/LOADING]: Considering mod file candidate /workspaces/ServerPrueba/servidor_minecraft/mods/dynamic-fps-3.9.0+minecraft-1.20.0-forge.jar
[04Apr2025 19:48:43.349] [main/DEBUG] [net.minecraftforge.fml.loading.moddiscovery.ModFileInfo/LOADING]: Found valid mod file dynamic-fps-3.9.0+minecraft-1.20.0-forge.jar with {dynamic_fps} mods - versions {3.9.0}
[04Apr2025 19:48:43.349] [main/DEBUG] [net.minecraftforge.fml.loading.moddiscovery.ModFile/LOADING]: Loading mod file /workspaces/ServerPrueba/servidor_minecraft/mods/dynamic-fps-3.9.0+minecraft-1.20.0-forge.jar with languages [LanguageSpec[languageName=javafml, acceptedVersions=[1,)]]
[04Apr2025 19:48:43.350] [main/DEBUG] [net.minecraftforge.fml.loading.moddiscovery.ModFileParser/LOADING]: Considering mod file candidate /workspaces/ServerPrueba/servidor_minecraft/mods/PuzzlesLib-v8.1.29-1.20.1-Forge.jar
[04Apr2025 19:48:43.350] [main/DEBUG] [net.minecraftforge.fml.loading.moddiscovery.ModFileInfo/LOADING]: Found valid mod file PuzzlesLib-v8.1.29-1.20.1-Forge.jar with {puzzleslib} mods - versions {8.1.29}
[04Apr2025 19:48:43.350] [main/DEBUG] [net.minecraftforge.fml.loading.moddiscovery.ModFile/LOADING]: Loading mod file /workspaces/ServerPrueba/servidor_minecraft/mods/PuzzlesLib-v8.1.29-1.20.1-Forge.jar with languages [LanguageSpec[languageName=javafml, acceptedVersions=[47,)]]
[04Apr2025 19:48:43.350] [main/DEBUG] [net.minecraftforge.fml.loading.moddiscovery.ModFileParser/LOADING]: Considering mod file candidate /workspaces/ServerPrueba/servidor_minecraft/mods/YungsBetterEndIsland-1.20-Forge-2.0.6.jar
[04Apr2025 19:48:43.351] [main/DEBUG] [net.minecraftforge.fml.loading.moddiscovery.ModFileInfo/LOADING]: Found valid mod file YungsBetterEndIsland-1.20-Forge-2.0.6.jar with {betterendisland} mods - versions {1.20-Forge-2.0.6}
[04Apr2025 19:48:43.351] [main/DEBUG] [net.minecraftforge.fml.loading.moddiscovery.ModFile/LOADING]: Loading mod file /workspaces/ServerPrueba/servidor_minecraft/mods/YungsBetterEndIsland-1.20-Forge-2.0.6.jar with languages [LanguageSpec[languageName=javafml, acceptedVersions=[46,)]]
[04Apr2025 19:48:43.351] [main/DEBUG] [net.minecraftforge.fml.loading.moddiscovery.ModFileParser/LOADING]: Considering mod file candidate 
[04Apr2025 19:48:43.351] [main/DEBUG] [net.minecraftforge.fml.loading.moddiscovery.ModFileInfo/LOADING]: Found valid mod file nitrogen_internals-1.20.1-1.0.12-neoforge.jar with {nitrogen_internals} mods - versions {1.20.1-1.0.12-neoforge}
[04Apr2025 19:48:43.351] [main/DEBUG] [net.minecraftforge.fml.loading.moddiscovery.ModFile/LOADING]: Loading mod file  with languages [LanguageSpec[languageName=javafml, acceptedVersions=[47,)]]
[04Apr2025 19:48:43.352] [main/DEBUG] [net.minecraftforge.fml.loading.moddiscovery.ModFileParser/LOADING]: Considering mod file candidate /workspaces/ServerPrueba/servidor_minecraft/mods/justzoom_forge_2.1.1_MC_1.20.1.jar
[04Apr2025 19:48:43.352] [main/DEBUG] [net.minecraftforge.fml.loading.moddiscovery.ModFileInfo/LOADING]: Found valid mod file justzoom_forge_2.1.1_MC_1.20.1.jar with {justzoom} mods - versions {2.1.1}
[04Apr2025 19:48:43.352] [main/DEBUG] [net.minecraftforge.fml.loading.moddiscovery.ModFile/LOADING]: Loading mod file /workspaces/ServerPrueba/servidor_minecraft/mods/justzoom_forge_2.1.1_MC_1.20.1.jar with languages [LanguageSpec[languageName=javafml, acceptedVersions=[47,)]]
[04Apr2025 19:48:43.352] [main/DEBUG] [net.minecraftforge.fml.loading.moddiscovery.ModFileParser/LOADING]: Considering mod file candidate /workspaces/ServerPrueba/servidor_minecraft/mods/monolib-forge-1.20.1-2.0.0.jar
[04Apr2025 19:48:43.353] [main/DEBUG] [net.minecraftforge.fml.loading.moddiscovery.ModFileInfo/LOADING]: Found valid mod file monolib-forge-1.20.1-2.0.0.jar with {monolib} mods - versions {2.0.0}
[04Apr2025 19:48:43.353] [main/DEBUG] [net.minecraftforge.fml.loading.moddiscovery.ModFile/LOADING]: Loading mod file /workspaces/ServerPrueba/servidor_minecraft/mods/monolib-forge-1.20.1-2.0.0.jar with languages [LanguageSpec[languageName=javafml, acceptedVersions=[0,)]]
[04Apr2025 19:48:43.353] [main/DEBUG] [net.minecraftforge.fml.loading.moddiscovery.ModFileParser/LOADING]: Considering mod file candidate /workspaces/ServerPrueba/servidor_minecraft/mods/The_Undergarden-1.20.1-0.8.14.jar
[04Apr2025 19:48:43.353] [main/DEBUG] [net.minecraftforge.fml.loading.moddiscovery.ModFileInfo/LOADING]: Found valid mod file The_Undergarden-1.20.1-0.8.14.jar with {undergarden} mods - versions {0.8.14}
[04Apr2025 19:48:43.353] [main/DEBUG] [net.minecraftforge.fml.loading.moddiscovery.ModFile/LOADING]: Loading mod file /workspaces/ServerPrueba/servidor_minecraft/mods/The_Undergarden-1.20.1-0.8.14.jar with languages [LanguageSpec[languageName=javafml, acceptedVersions=[47,)]]
[04Apr2025 19:48:43.354] [main/DEBUG] [net.minecraftforge.fml.loading.moddiscovery.ModFileParser/LOADING]: Considering mod file candidate /workspaces/ServerPrueba/servidor_minecraft/mods/the_bumblezone-7.6.7+1.20.1-forge.jar
[04Apr2025 19:48:43.354] [main/DEBUG] [net.minecraftforge.fml.loading.moddiscovery.ModFileInfo/LOADING]: Found valid mod file the_bumblezone-7.6.7+1.20.1-forge.jar with {the_bumblezone} mods - versions {7.6.7+1.20.1-forge}
[04Apr2025 19:48:43.354] [main/DEBUG] [net.minecraftforge.fml.loading.moddiscovery.ModFile/LOADING]: Loading mod file /workspaces/ServerPrueba/servidor_minecraft/mods/the_bumblezone-7.6.7+1.20.1-forge.jar with languages [LanguageSpec[languageName=javafml, acceptedVersions=[38,)]]
[04Apr2025 19:48:43.354] [main/DEBUG] [net.minecraftforge.fml.loading.moddiscovery.ModFileParser/LOADING]: Considering mod file candidate /workspaces/ServerPrueba/servidor_minecraft/mods/deep_aether-1.20.1-1.1.5.jar
[04Apr2025 19:48:43.355] [main/DEBUG] [net.minecraftforge.fml.loading.moddiscovery.ModFileInfo/LOADING]: Found valid mod file deep_aether-1.20.1-1.1.5.jar with {deep_aether} mods - versions {1.20.1-1.1.5}
[04Apr2025 19:48:43.355] [main/DEBUG] [net.minecraftforge.fml.loading.moddiscovery.ModFile/LOADING]: Loading mod file /workspaces/ServerPrueba/servidor_minecraft/mods/deep_aether-1.20.1-1.1.5.jar with languages [LanguageSpec[languageName=javafml, acceptedVersions=[47,)]]
[04Apr2025 19:48:43.355] [main/DEBUG] [net.minecraftforge.fml.loading.moddiscovery.ModFileParser/LOADING]: Considering mod file candidate /workspaces/ServerPrueba/servidor_minecraft/mods/toms_storage-1.20-1.7.0.jar
[04Apr2025 19:48:43.355] [main/DEBUG] [net.minecraftforge.fml.loading.moddiscovery.ModFileInfo/LOADING]: Found valid mod file toms_storage-1.20-1.7.0.jar with {toms_storage} mods - versions {1.7.0}
[04Apr2025 19:48:43.355] [main/DEBUG] [net.minecraftforge.fml.loading.moddiscovery.ModFile/LOADING]: Loading mod file /workspaces/ServerPrueba/servidor_minecraft/mods/toms_storage-1.20-1.7.0.jar with languages [LanguageSpec[languageName=javafml, acceptedVersions=[46,)]]
[04Apr2025 19:48:43.356] [main/DEBUG] [net.minecraftforge.fml.loading.moddiscovery.ModFileParser/LOADING]: Considering mod file candidate /workspaces/ServerPrueba/servidor_minecraft/mods/YungsBetterMineshafts-1.20-Forge-4.0.4.jar
[04Apr2025 19:48:43.356] [main/DEBUG] [net.minecraftforge.fml.loading.moddiscovery.ModFileInfo/LOADING]: Found valid mod file YungsBetterMineshafts-1.20-Forge-4.0.4.jar with {bettermineshafts} mods - versions {1.20-Forge-4.0.4}
[04Apr2025 19:48:43.356] [main/DEBUG] [net.minecraftforge.fml.loading.moddiscovery.ModFile/LOADING]: Loading mod file /workspaces/ServerPrueba/servidor_minecraft/mods/YungsBetterMineshafts-1.20-Forge-4.0.4.jar with languages [LanguageSpec[languageName=javafml, acceptedVersions=[46,)]]
[04Apr2025 19:48:43.356] [main/DEBUG] [net.minecraftforge.fml.loading.moddiscovery.ModFileParser/LOADING]: Considering mod file candidate /workspaces/ServerPrueba/servidor_minecraft/mods/BetterAdvancements-NeoForge-1.20.1-0.4.2.25.jar
[04Apr2025 19:48:43.357] [main/DEBUG] [net.minecraftforge.fml.loading.moddiscovery.ModFileInfo/LOADING]: Found valid mod file BetterAdvancements-NeoForge-1.20.1-0.4.2.25.jar with {betteradvancements} mods - versions {0.4.2.25}
[04Apr2025 19:48:43.357] [main/DEBUG] [net.minecraftforge.fml.loading.moddiscovery.ModFile/LOADING]: Loading mod file /workspaces/ServerPrueba/servidor_minecraft/mods/BetterAdvancements-NeoForge-1.20.1-0.4.2.25.jar with languages [LanguageSpec[languageName=javafml, acceptedVersions=[47,)]]
[04Apr2025 19:48:43.357] [main/DEBUG] [net.minecraftforge.fml.loading.moddiscovery.ModFileParser/LOADING]: Considering mod file candidate /workspaces/ServerPrueba/servidor_minecraft/mods/trimmable_tools-forge-2.0.5.jar
[04Apr2025 19:48:43.357] [main/DEBUG] [net.minecraftforge.fml.loading.moddiscovery.ModFileInfo/LOADING]: Found valid mod file trimmable_tools-forge-2.0.5.jar with {trimmable_tools} mods - versions {2.0.5}
[04Apr2025 19:48:43.357] [main/DEBUG] [net.minecraftforge.fml.loading.moddiscovery.ModFile/LOADING]: Loading mod file /workspaces/ServerPrueba/servidor_minecraft/mods/trimmable_tools-forge-2.0.5.jar with languages [LanguageSpec[languageName=javafml, acceptedVersions=[47,)]]
[04Apr2025 19:48:43.357] [main/DEBUG] [net.minecraftforge.fml.loading.moddiscovery.ModFileParser/LOADING]: Considering mod file candidate /workspaces/ServerPrueba/servidor_minecraft/mods/YungsBetterJungleTemples-1.20-Forge-2.0.5.jar
[04Apr2025 19:48:43.358] [main/DEBUG] [net.minecraftforge.fml.loading.moddiscovery.ModFileInfo/LOADING]: Found valid mod file YungsBetterJungleTemples-1.20-Forge-2.0.5.jar with {betterjungletemples} mods - versions {1.20-Forge-2.0.5}
[04Apr2025 19:48:43.358] [main/DEBUG] [net.minecraftforge.fml.loading.moddiscovery.ModFile/LOADING]: Loading mod file /workspaces/ServerPrueba/servidor_minecraft/mods/YungsBetterJungleTemples-1.20-Forge-2.0.5.jar with languages [LanguageSpec[languageName=javafml, acceptedVersions=[46,)]]
[04Apr2025 19:48:43.358] [main/DEBUG] [net.minecraftforge.fml.loading.moddiscovery.ModFile/LOADING]: Loading mod file  with languages []
[04Apr2025 19:48:43.358] [main/DEBUG] [net.minecraftforge.fml.loading.moddiscovery.ModFileParser/LOADING]: Considering mod file candidate 
[04Apr2025 19:48:43.358] [main/DEBUG] [net.minecraftforge.fml.loading.moddiscovery.ModFileInfo/LOADING]: Found valid mod file mixinextras-forge-0.4.1.jar with {mixinextras} mods - versions {0.4.1}
[04Apr2025 19:48:43.358] [main/DEBUG] [net.minecraftforge.fml.loading.moddiscovery.ModFile/LOADING]: Loading mod file  with languages [LanguageSpec[languageName=javafml, acceptedVersions=*]]
[04Apr2025 19:48:43.358] [main/DEBUG] [net.minecraftforge.fml.loading.moddiscovery.ModFile/LOADING]: Loading mod file  with languages []
[04Apr2025 19:48:43.358] [main/DEBUG] [net.minecraftforge.fml.loading.moddiscovery.ModFile/LOADING]: Loading mod file  with languages []
[04Apr2025 19:48:43.359] [main/DEBUG] [net.minecraftforge.fml.loading.moddiscovery.ModFile/LOADING]: Loading mod file  with languages []
[04Apr2025 19:48:43.359] [main/DEBUG] [net.minecraftforge.fml.loading.moddiscovery.ModFileParser/LOADING]: Considering mod file candidate 
[04Apr2025 19:48:43.359] [main/DEBUG] [net.minecraftforge.fml.loading.moddiscovery.ModFileInfo/LOADING]: Found valid mod file mixinextras-forge-0.4.1.jar with {mixinextras} mods - versions {0.4.1}
[04Apr2025 19:48:43.359] [main/DEBUG] [net.minecraftforge.fml.loading.moddiscovery.ModFile/LOADING]: Loading mod file  with languages [LanguageSpec[languageName=javafml, acceptedVersions=*]]
[04Apr2025 19:48:43.359] [main/DEBUG] [net.minecraftforge.fml.loading.moddiscovery.ModFile/LOADING]: Loading mod file  with languages []
[04Apr2025 19:48:43.359] [main/DEBUG] [net.minecraftforge.fml.loading.moddiscovery.ModFile/LOADING]: Loading mod file  with languages []
[04Apr2025 19:48:43.360] [main/DEBUG] [cpw.mods.modlauncher.TransformationServiceDecorator/MODLAUNCHER]: End scan trigger - transformation service fml
[04Apr2025 19:48:43.372] [main/DEBUG] [net.minecraftforge.fml.loading.LanguageLoadingProvider/CORE]: Found 3 language providers
[04Apr2025 19:48:43.372] [main/DEBUG] [net.minecraftforge.fml.loading.LanguageLoadingProvider/CORE]: Found language provider minecraft, version 1.0
[04Apr2025 19:48:43.373] [main/DEBUG] [net.minecraftforge.fml.loading.LanguageLoadingProvider/CORE]: Found language provider lowcodefml, version 47
[04Apr2025 19:48:43.373] [main/DEBUG] [net.minecraftforge.fml.loading.LanguageLoadingProvider/CORE]: Found language provider javafml, version 47
[04Apr2025 19:48:43.377] [main/DEBUG] [net.minecraftforge.fml.loading.UniqueModListBuilder/]: Found 2 mods for first modid mclib, selecting most recent based on version data
[04Apr2025 19:48:43.377] [main/DEBUG] [net.minecraftforge.fml.loading.UniqueModListBuilder/]: Selected file mclib-20.jar for modid mclib with version 0.0NONE
[04Apr2025 19:48:43.377] [main/DEBUG] [net.minecraftforge.fml.loading.UniqueModListBuilder/]: Found 2 mods for first modid mixinextras, selecting most recent based on version data
[04Apr2025 19:48:43.377] [main/DEBUG] [net.minecraftforge.fml.loading.UniqueModListBuilder/]: Selected file mixinextras-forge-0.4.1.jar for modid mixinextras with version 0.4.1
[04Apr2025 19:48:43.378] [main/DEBUG] [net.minecraftforge.fml.loading.UniqueModListBuilder/]: Found 2 mods for first modid battery, selecting most recent based on version data
[04Apr2025 19:48:43.378] [main/DEBUG] [net.minecraftforge.fml.loading.UniqueModListBuilder/]: Selected file battery-1.3.0.jar for modid battery with version 0.0NONE
[04Apr2025 19:48:43.378] [main/DEBUG] [net.minecraftforge.fml.loading.UniqueModListBuilder/]: Found 2 mods for first modid MixinExtras, selecting most recent based on version data
[04Apr2025 19:48:43.378] [main/DEBUG] [net.minecraftforge.fml.loading.UniqueModListBuilder/]: Selected file MixinExtras-0.4.1.jar for modid MixinExtras with version 0.0NONE
[04Apr2025 19:48:43.379] [main/DEBUG] [net.minecraftforge.fml.loading.ModSorter/]: Configured system mods: [minecraft, forge]
[04Apr2025 19:48:43.380] [main/DEBUG] [net.minecraftforge.fml.loading.ModSorter/]: Found system mod: minecraft
[04Apr2025 19:48:43.380] [main/DEBUG] [net.minecraftforge.fml.loading.ModSorter/]: Found system mod: forge
[04Apr2025 19:48:43.383] [main/DEBUG] [net.minecraftforge.fml.loading.ModSorter/LOADING]: Found 194 mod requirements (179 mandatory, 15 optional)
[04Apr2025 19:48:43.385] [main/DEBUG] [net.minecraftforge.fml.loading.ModSorter/LOADING]: Found 0 mod requirements missing (0 mandatory, 0 optional)
[04Apr2025 19:48:44.209] [main/DEBUG] [cpw.mods.modlauncher.TransformationServicesHandler/MODLAUNCHER]: Transformation services loading transformers
[04Apr2025 19:48:44.210] [main/DEBUG] [cpw.mods.modlauncher.TransformationServiceDecorator/MODLAUNCHER]: Initializing transformers for transformation service mixin
[04Apr2025 19:48:44.210] [main/DEBUG] [cpw.mods.modlauncher.TransformationServiceDecorator/MODLAUNCHER]: Initialized transformers for transformation service mixin
[04Apr2025 19:48:44.210] [main/DEBUG] [cpw.mods.modlauncher.TransformationServiceDecorator/MODLAUNCHER]: Initializing transformers for transformation service fml
[04Apr2025 19:48:44.210] [main/DEBUG] [net.minecraftforge.fml.loading.FMLServiceProvider/CORE]: Loading coremod transformers
[04Apr2025 19:48:44.210] [main/DEBUG] [net.minecraftforge.coremod.CoreModEngine/COREMOD]: Loading CoreMod from META-INF/xaeroworldmap_core.js
[04Apr2025 19:48:44.510] [main/DEBUG] [net.minecraftforge.coremod.CoreModEngine/COREMOD]: CoreMod loaded successfully
[04Apr2025 19:48:44.510] [main/DEBUG] [net.minecraftforge.coremod.CoreModEngine/COREMOD]: Loading CoreMod from coremods/field_to_method.js
[04Apr2025 19:48:44.587] [main/DEBUG] [net.minecraftforge.coremod.CoreModEngine/COREMOD]: CoreMod loaded successfully
[04Apr2025 19:48:44.587] [main/DEBUG] [net.minecraftforge.coremod.CoreModEngine/COREMOD]: Loading CoreMod from coremods/field_to_instanceof.js
[04Apr2025 19:48:44.643] [main/DEBUG] [net.minecraftforge.coremod.CoreModEngine/COREMOD]: CoreMod loaded successfully
[04Apr2025 19:48:44.643] [main/DEBUG] [net.minecraftforge.coremod.CoreModEngine/COREMOD]: Loading CoreMod from coremods/add_bouncer_method.js
[04Apr2025 19:48:44.718] [main/DEBUG] [net.minecraftforge.coremod.CoreModEngine/COREMOD]: CoreMod loaded successfully
[04Apr2025 19:48:44.718] [main/DEBUG] [net.minecraftforge.coremod.CoreModEngine/COREMOD]: Loading CoreMod from coremods/method_redirector.js
[04Apr2025 19:48:44.793] [main/DEBUG] [net.minecraftforge.coremod.CoreModEngine/COREMOD]: CoreMod loaded successfully
[04Apr2025 19:48:44.793] [main/DEBUG] [net.minecraftforge.coremod.CoreModEngine/COREMOD]: Loading CoreMod from META-INF/asm/seed.js
[04Apr2025 19:48:44.809] [main/DEBUG] [net.minecraftforge.coremod.CoreModEngine/COREMOD]: CoreMod loaded successfully
[04Apr2025 19:48:44.809] [main/DEBUG] [net.minecraftforge.coremod.CoreModEngine/COREMOD]: Loading CoreMod from META-INF/asm/maprendercontext.js
[04Apr2025 19:48:44.839] [main/DEBUG] [net.minecraftforge.coremod.CoreModEngine/COREMOD]: CoreMod loaded successfully
[04Apr2025 19:48:44.839] [main/DEBUG] [net.minecraftforge.coremod.CoreModEngine/COREMOD]: Loading CoreMod from META-INF/asm/music.js
[04Apr2025 19:48:44.850] [main/DEBUG] [net.minecraftforge.coremod.CoreModEngine/COREMOD]: CoreMod loaded successfully
[04Apr2025 19:48:44.850] [main/DEBUG] [net.minecraftforge.coremod.CoreModEngine/COREMOD]: Loading CoreMod from META-INF/asm/multipart.js
[04Apr2025 19:48:44.874] [main/DEBUG] [net.minecraftforge.coremod.CoreModEngine/COREMOD]: CoreMod loaded successfully
[04Apr2025 19:48:44.874] [main/DEBUG] [net.minecraftforge.coremod.CoreModEngine/COREMOD]: Loading CoreMod from META-INF/asm/foliage.js
[04Apr2025 19:48:44.888] [main/DEBUG] [net.minecraftforge.coremod.CoreModEngine/COREMOD]: CoreMod loaded successfully
[04Apr2025 19:48:44.888] [main/DEBUG] [net.minecraftforge.coremod.CoreModEngine/COREMOD]: Loading CoreMod from META-INF/asm/mount.js
[04Apr2025 19:48:44.906] [main/DEBUG] [net.minecraftforge.coremod.CoreModEngine/COREMOD]: CoreMod loaded successfully
[04Apr2025 19:48:44.906] [main/DEBUG] [net.minecraftforge.coremod.CoreModEngine/COREMOD]: Loading CoreMod from META-INF/asm/book.js
[04Apr2025 19:48:44.926] [main/DEBUG] [net.minecraftforge.coremod.CoreModEngine/COREMOD]: CoreMod loaded successfully
[04Apr2025 19:48:44.926] [main/DEBUG] [net.minecraftforge.coremod.CoreModEngine/COREMOD]: Loading CoreMod from META-INF/asm/conquered.js
[04Apr2025 19:48:44.936] [main/DEBUG] [net.minecraftforge.coremod.CoreModEngine/COREMOD]: CoreMod loaded successfully
[04Apr2025 19:48:44.937] [main/DEBUG] [net.minecraftforge.coremod.CoreModEngine/COREMOD]: Loading CoreMod from META-INF/asm/reach.js
[04Apr2025 19:48:44.951] [main/DEBUG] [net.minecraftforge.coremod.CoreModEngine/COREMOD]: CoreMod loaded successfully
[04Apr2025 19:48:44.951] [main/DEBUG] [net.minecraftforge.coremod.CoreModEngine/COREMOD]: Loading CoreMod from META-INF/asm/shroom.js
[04Apr2025 19:48:44.963] [main/DEBUG] [net.minecraftforge.coremod.CoreModEngine/COREMOD]: CoreMod loaded successfully
[04Apr2025 19:48:44.964] [main/DEBUG] [net.minecraftforge.coremod.CoreModEngine/COREMOD]: Loading CoreMod from META-INF/asm/cloud.js
[04Apr2025 19:48:44.976] [main/DEBUG] [net.minecraftforge.coremod.CoreModEngine/COREMOD]: CoreMod loaded successfully
[04Apr2025 19:48:44.976] [main/DEBUG] [net.minecraftforge.coremod.CoreModEngine/COREMOD]: Loading CoreMod from META-INF/asm/lead.js
[04Apr2025 19:48:44.989] [main/DEBUG] [net.minecraftforge.coremod.CoreModEngine/COREMOD]: CoreMod loaded successfully
[04Apr2025 19:48:44.989] [main/DEBUG] [net.minecraftforge.coremod.CoreModEngine/COREMOD]: Loading CoreMod from META-INF/xaerohud_core.js
[04Apr2025 19:48:45.062] [main/DEBUG] [net.minecraftforge.coremod.CoreModEngine/COREMOD]: CoreMod loaded successfully
[04Apr2025 19:48:45.080] [main/DEBUG] [cpw.mods.modlauncher.TransformStore/MODLAUNCHER]: Adding transformer net.minecraftforge.coremod.transformer.CoreModMethodTransformer@267ff4df to Target : METHOD {Lnet/minecraft/client/multiplayer/ClientPacketListener;} {m_6773_} {(Lnet/minecraft/network/protocol/game/ClientboundBlockUpdatePacket;)V}
[04Apr2025 19:48:45.081] [main/DEBUG] [cpw.mods.modlauncher.TransformStore/MODLAUNCHER]: Adding transformer net.minecraftforge.coremod.transformer.CoreModMethodTransformer@2094bf3d to Target : METHOD {Lnet/minecraft/client/multiplayer/ClientPacketListener;} {m_5771_} {(Lnet/minecraft/network/protocol/game/ClientboundSectionBlocksUpdatePacket;)V}
[04Apr2025 19:48:45.081] [main/DEBUG] [cpw.mods.modlauncher.TransformStore/MODLAUNCHER]: Adding transformer net.minecraftforge.coremod.transformer.CoreModMethodTransformer@1b17d8ab to Target : METHOD {Lnet/minecraft/client/multiplayer/ClientPacketListener;} {m_194198_} {(IILnet/minecraft/network/protocol/game/ClientboundLevelChunkPacketData;)V}
[04Apr2025 19:48:45.081] [main/DEBUG] [cpw.mods.modlauncher.TransformStore/MODLAUNCHER]: Adding transformer net.minecraftforge.coremod.transformer.CoreModMethodTransformer@7f6b7426 to Target : METHOD {Lnet/minecraft/client/multiplayer/ClientPacketListener;} {m_183388_} {(Lnet/minecraft/network/protocol/game/ClientboundLevelChunkWithLightPacket;)V}
[04Apr2025 19:48:45.081] [main/DEBUG] [cpw.mods.modlauncher.TransformStore/MODLAUNCHER]: Adding transformer net.minecraftforge.coremod.transformer.CoreModMethodTransformer@687eb455 to Target : METHOD {Lnet/minecraft/client/multiplayer/ClientPacketListener;} {m_183514_} {(Lnet/minecraft/network/protocol/game/ClientboundLightUpdatePacket;)V}
[04Apr2025 19:48:45.081] [main/DEBUG] [cpw.mods.modlauncher.TransformStore/MODLAUNCHER]: Adding transformer net.minecraftforge.coremod.transformer.CoreModMethodTransformer@6d969330 to Target : METHOD {Lnet/minecraft/client/multiplayer/ClientPacketListener;} {m_194252_} {(Lnet/minecraft/network/protocol/game/ClientboundForgetLevelChunkPacket;)V}
[04Apr2025 19:48:45.081] [main/DEBUG] [cpw.mods.modlauncher.TransformStore/MODLAUNCHER]: Adding transformer net.minecraftforge.coremod.transformer.CoreModMethodTransformer@4861cca9 to Target : METHOD {Lnet/minecraft/client/player/AbstractClientPlayer;} {m_108561_} {()Lnet/minecraft/resources/ResourceLocation;}
[04Apr2025 19:48:45.081] [main/DEBUG] [cpw.mods.modlauncher.TransformStore/MODLAUNCHER]: Adding transformer net.minecraftforge.coremod.transformer.CoreModMethodTransformer@6c8f4bc7 to Target : METHOD {Lnet/minecraft/world/entity/player/Player;} {m_36170_} {(Lnet/minecraft/world/entity/player/PlayerModelPart;)Z}
[04Apr2025 19:48:45.081] [main/DEBUG] [cpw.mods.modlauncher.TransformStore/MODLAUNCHER]: Adding transformer net.minecraftforge.coremod.transformer.CoreModMethodTransformer@714e861f to Target : METHOD {Lnet/minecraft/client/multiplayer/ClientPacketListener;} {m_5998_} {(Lnet/minecraft/network/protocol/game/ClientboundLoginPacket;)V}
[04Apr2025 19:48:45.082] [main/DEBUG] [cpw.mods.modlauncher.TransformStore/MODLAUNCHER]: Adding transformer net.minecraftforge.coremod.transformer.CoreModMethodTransformer@28989415 to Target : METHOD {Lnet/minecraft/client/multiplayer/ClientPacketListener;} {m_261044_} {()V}
[04Apr2025 19:48:45.082] [main/DEBUG] [cpw.mods.modlauncher.TransformStore/MODLAUNCHER]: Adding transformer net.minecraftforge.coremod.transformer.CoreModMethodTransformer@6eda012b to Target : METHOD {Lnet/minecraft/server/players/PlayerList;} {m_11229_} {(Lnet/minecraft/server/level/ServerPlayer;Lnet/minecraft/server/level/ServerLevel;)V}
[04Apr2025 19:48:45.082] [main/DEBUG] [cpw.mods.modlauncher.TransformStore/MODLAUNCHER]: Adding transformer net.minecraftforge.coremod.transformer.CoreModMethodTransformer@781dbe44 to Target : METHOD {Lnet/minecraft/world/level/storage/LevelStorageSource$LevelStorageAccess;} {m_78311_} {()V}
[04Apr2025 19:48:45.082] [main/DEBUG] [cpw.mods.modlauncher.TransformStore/MODLAUNCHER]: Adding transformer net.minecraftforge.coremod.transformer.CoreModMethodTransformer@7d66a126 to Target : METHOD {Lnet/minecraft/client/Minecraft;} {m_91383_} {(Z)V}
[04Apr2025 19:48:45.082] [main/DEBUG] [cpw.mods.modlauncher.TransformStore/MODLAUNCHER]: Adding transformer net.minecraftforge.coremod.transformer.CoreModMethodTransformer@1132baa3 to Target : METHOD {Lnet/minecraft/client/Minecraft;} {m_91383_} {(Z)V}
[04Apr2025 19:48:45.082] [main/DEBUG] [cpw.mods.modlauncher.TransformStore/MODLAUNCHER]: Adding transformer net.minecraftforge.coremod.transformer.CoreModMethodTransformer@2fdf22f7 to Target : METHOD {Lnet/minecraft/client/multiplayer/chat/ChatListener;} {m_240494_} {(Lnet/minecraft/network/chat/Component;Z)V}
[04Apr2025 19:48:45.082] [main/DEBUG] [cpw.mods.modlauncher.TransformStore/MODLAUNCHER]: Adding transformer net.minecraftforge.coremod.transformer.CoreModMethodTransformer@3a2546d6 to Target : METHOD {Lnet/minecraft/client/multiplayer/chat/ChatListener;} {m_245141_} {(Lnet/minecraft/network/chat/Component;Lnet/minecraft/network/chat/ChatType$Bound;)V}
[04Apr2025 19:48:45.082] [main/DEBUG] [cpw.mods.modlauncher.TransformStore/MODLAUNCHER]: Adding transformer net.minecraftforge.coremod.transformer.CoreModMethodTransformer@7282af25 to Target : METHOD {Lnet/minecraft/client/multiplayer/ClientPacketListener;} {m_6571_} {(Lnet/minecraft/network/protocol/game/ClientboundSetDefaultSpawnPositionPacket;)V}
[04Apr2025 19:48:45.082] [main/DEBUG] [cpw.mods.modlauncher.TransformStore/MODLAUNCHER]: Adding transformer net.minecraftforge.coremod.transformer.CoreModMethodTransformer@7661e474 to Target : METHOD {Lnet/minecraft/world/level/levelgen/WorldOptions;} {<init>} {(JZZLjava/util/Optional;)V}
[04Apr2025 19:48:45.082] [main/DEBUG] [cpw.mods.modlauncher.TransformStore/MODLAUNCHER]: Adding transformer net.minecraftforge.coremod.transformer.CoreModMethodTransformer@20ffb8d5 to Target : METHOD {Lnet/minecraft/client/gui/MapRenderer$MapInstance;} {m_93291_} {(Lcom/mojang/blaze3d/vertex/PoseStack;Lnet/minecraft/client/renderer/MultiBufferSource;ZI)V}
[04Apr2025 19:48:45.082] [main/DEBUG] [cpw.mods.modlauncher.TransformStore/MODLAUNCHER]: Adding transformer net.minecraftforge.coremod.transformer.CoreModMethodTransformer@307c59ea to Target : METHOD {Lnet/minecraft/client/renderer/ItemInHandRenderer;} {m_109371_} {(Lnet/minecraft/client/player/AbstractClientPlayer;FFLnet/minecraft/world/InteractionHand;FLnet/minecraft/world/item/ItemStack;FLcom/mojang/blaze3d/vertex/PoseStack;Lnet/minecraft/client/renderer/MultiBufferSource;I)V}
[04Apr2025 19:48:45.083] [main/DEBUG] [cpw.mods.modlauncher.TransformStore/MODLAUNCHER]: Adding transformer net.minecraftforge.coremod.transformer.CoreModMethodTransformer@57e03347 to Target : METHOD {Lnet/minecraft/world/entity/decoration/ItemFrame;} {m_218868_} {()Ljava/util/OptionalInt;}
[04Apr2025 19:48:45.083] [main/DEBUG] [cpw.mods.modlauncher.TransformStore/MODLAUNCHER]: Adding transformer net.minecraftforge.coremod.transformer.CoreModMethodTransformer@2edb2f8b to Target : METHOD {Lnet/minecraft/client/renderer/ItemInHandRenderer;} {m_109366_} {(Lcom/mojang/blaze3d/vertex/PoseStack;Lnet/minecraft/client/renderer/MultiBufferSource;ILnet/minecraft/world/item/ItemStack;)V}
[04Apr2025 19:48:45.083] [main/DEBUG] [cpw.mods.modlauncher.TransformStore/MODLAUNCHER]: Adding transformer net.minecraftforge.coremod.transformer.CoreModMethodTransformer@733f1395 to Target : METHOD {Lnet/minecraft/world/item/MapItem;} {m_7373_} {(Lnet/minecraft/world/item/ItemStack;Lnet/minecraft/world/level/Level;Ljava/util/List;Lnet/minecraft/world/item/TooltipFlag;)V}
[04Apr2025 19:48:45.083] [main/DEBUG] [cpw.mods.modlauncher.TransformStore/MODLAUNCHER]: Adding transformer net.minecraftforge.coremod.transformer.CoreModMethodTransformer@21dea711 to Target : METHOD {Lnet/minecraft/client/sounds/MusicManager;} {m_120183_} {()V}
[04Apr2025 19:48:45.083] [main/DEBUG] [cpw.mods.modlauncher.TransformStore/MODLAUNCHER]: Adding transformer net.minecraftforge.coremod.transformer.CoreModMethodTransformer@7772d266 to Target : METHOD {Lnet/minecraft/server/level/ServerEntity;} {m_8543_} {()V}
[04Apr2025 19:48:45.083] [main/DEBUG] [cpw.mods.modlauncher.TransformStore/MODLAUNCHER]: Adding transformer net.minecraftforge.coremod.transformer.CoreModMethodTransformer@a21c74 to Target : METHOD {Lnet/minecraft/client/renderer/entity/EntityRenderDispatcher;} {m_6213_} {(Lnet/minecraft/server/packs/resources/ResourceManager;)V}
[04Apr2025 19:48:45.083] [main/DEBUG] [cpw.mods.modlauncher.TransformStore/MODLAUNCHER]: Adding transformer net.minecraftforge.coremod.transformer.CoreModMethodTransformer@b8a144e to Target : METHOD {Lnet/minecraft/client/renderer/entity/EntityRenderDispatcher;} {m_114382_} {(Lnet/minecraft/world/entity/Entity;)Lnet/minecraft/client/renderer/entity/EntityRenderer;}
[04Apr2025 19:48:45.083] [main/DEBUG] [cpw.mods.modlauncher.TransformStore/MODLAUNCHER]: Adding transformer net.minecraftforge.coremod.transformer.CoreModMethodTransformer@5fb8dc01 to Target : METHOD {Lnet/minecraft/client/renderer/LevelRenderer;} {m_109599_} {(Lcom/mojang/blaze3d/vertex/PoseStack;FJZLnet/minecraft/client/Camera;Lnet/minecraft/client/renderer/GameRenderer;Lnet/minecraft/client/renderer/LightTexture;Lorg/joml/Matrix4f;)V}
[04Apr2025 19:48:45.083] [main/DEBUG] [cpw.mods.modlauncher.TransformStore/MODLAUNCHER]: Adding transformer net.minecraftforge.coremod.transformer.CoreModMethodTransformer@3e38c472 to Target : METHOD {Lnet/minecraft/client/renderer/BiomeColors;} {m_108807_} {(Lnet/minecraft/world/level/biome/Biome;DD)I}
[04Apr2025 19:48:45.083] [main/DEBUG] [cpw.mods.modlauncher.TransformStore/MODLAUNCHER]: Adding transformer net.minecraftforge.coremod.transformer.CoreModMethodTransformer@2ee92e7d to Target : METHOD {Lnet/minecraft/client/player/LocalPlayer;} {m_6083_} {()V}
[04Apr2025 19:48:45.084] [main/DEBUG] [cpw.mods.modlauncher.TransformStore/MODLAUNCHER]: Adding transformer net.minecraftforge.coremod.transformer.CoreModMethodTransformer@759a678a to Target : METHOD {Lnet/minecraft/world/item/WrittenBookItem;} {m_7626_} {(Lnet/minecraft/world/item/ItemStack;)Lnet/minecraft/network/chat/Component;}
[04Apr2025 19:48:45.084] [main/DEBUG] [cpw.mods.modlauncher.TransformStore/MODLAUNCHER]: Adding transformer net.minecraftforge.coremod.transformer.CoreModMethodTransformer@6cdbe5ec to Target : METHOD {Lnet/minecraft/world/level/levelgen/structure/StructureStart;} {m_226857_} {(Lnet/minecraft/world/level/levelgen/structure/pieces/StructurePieceSerializationContext;Lnet/minecraft/nbt/CompoundTag;J)Lnet/minecraft/world/level/levelgen/structure/StructureStart;}
[04Apr2025 19:48:45.084] [main/DEBUG] [cpw.mods.modlauncher.TransformStore/MODLAUNCHER]: Adding transformer net.minecraftforge.coremod.transformer.CoreModMethodTransformer@14b8a751 to Target : METHOD {Lnet/minecraft/world/item/Item;} {m_41435_} {(Lnet/minecraft/world/level/Level;Lnet/minecraft/world/entity/player/Player;Lnet/minecraft/world/level/ClipContext$Fluid;)Lnet/minecraft/world/phys/BlockHitResult;}
[04Apr2025 19:48:45.084] [main/DEBUG] [cpw.mods.modlauncher.TransformStore/MODLAUNCHER]: Adding transformer net.minecraftforge.coremod.transformer.CoreModMethodTransformer@7345f97d to Target : METHOD {Lnet/minecraft/world/level/block/MushroomBlock;} {m_7898_} {(Lnet/minecraft/world/level/block/state/BlockState;Lnet/minecraft/world/level/LevelReader;Lnet/minecraft/core/BlockPos;)Z}
[04Apr2025 19:48:45.084] [main/DEBUG] [cpw.mods.modlauncher.TransformStore/MODLAUNCHER]: Adding transformer net.minecraftforge.coremod.transformer.CoreModMethodTransformer@554566a8 to Target : METHOD {Lnet/minecraft/world/level/Level;} {m_46758_} {(Lnet/minecraft/core/BlockPos;)Z}
[04Apr2025 19:48:45.084] [main/DEBUG] [cpw.mods.modlauncher.TransformStore/MODLAUNCHER]: Adding transformer net.minecraftforge.coremod.transformer.CoreModMethodTransformer@66020d69 to Target : METHOD {Lnet/minecraft/world/entity/decoration/LeashFenceKnotEntity;} {m_7088_} {()Z}
[04Apr2025 19:48:45.084] [main/DEBUG] [cpw.mods.modlauncher.TransformStore/MODLAUNCHER]: Adding transformer net.minecraftforge.coremod.transformer.CoreModMethodTransformer@3751acd7 to Target : METHOD {Lnet/minecraft/client/multiplayer/ClientPacketListener;} {m_6773_} {(Lnet/minecraft/network/protocol/game/ClientboundBlockUpdatePacket;)V}
[04Apr2025 19:48:45.084] [main/DEBUG] [cpw.mods.modlauncher.TransformStore/MODLAUNCHER]: Adding transformer net.minecraftforge.coremod.transformer.CoreModMethodTransformer@6b832551 to Target : METHOD {Lnet/minecraft/client/multiplayer/ClientPacketListener;} {m_5771_} {(Lnet/minecraft/network/protocol/game/ClientboundSectionBlocksUpdatePacket;)V}
[04Apr2025 19:48:45.084] [main/DEBUG] [cpw.mods.modlauncher.TransformStore/MODLAUNCHER]: Adding transformer net.minecraftforge.coremod.transformer.CoreModMethodTransformer@150d6eaf to Target : METHOD {Lnet/minecraft/client/multiplayer/ClientPacketListener;} {m_194198_} {(IILnet/minecraft/network/protocol/game/ClientboundLevelChunkPacketData;)V}
[04Apr2025 19:48:45.084] [main/DEBUG] [cpw.mods.modlauncher.TransformStore/MODLAUNCHER]: Adding transformer net.minecraftforge.coremod.transformer.CoreModMethodTransformer@63124022 to Target : METHOD {Lnet/minecraft/client/multiplayer/ClientPacketListener;} {m_183388_} {(Lnet/minecraft/network/protocol/game/ClientboundLevelChunkWithLightPacket;)V}
[04Apr2025 19:48:45.084] [main/DEBUG] [cpw.mods.modlauncher.TransformStore/MODLAUNCHER]: Adding transformer net.minecraftforge.coremod.transformer.CoreModMethodTransformer@591f6f83 to Target : METHOD {Lnet/minecraft/client/multiplayer/ClientPacketListener;} {m_183514_} {(Lnet/minecraft/network/protocol/game/ClientboundLightUpdatePacket;)V}
[04Apr2025 19:48:45.085] [main/DEBUG] [cpw.mods.modlauncher.TransformStore/MODLAUNCHER]: Adding transformer net.minecraftforge.coremod.transformer.CoreModMethodTransformer@2b44605c to Target : METHOD {Lnet/minecraft/client/multiplayer/ClientPacketListener;} {m_194252_} {(Lnet/minecraft/network/protocol/game/ClientboundForgetLevelChunkPacket;)V}
[04Apr2025 19:48:45.085] [main/DEBUG] [cpw.mods.modlauncher.TransformStore/MODLAUNCHER]: Adding transformer net.minecraftforge.coremod.transformer.CoreModMethodTransformer@55421b8d to Target : METHOD {Lnet/minecraft/client/multiplayer/ClientPacketListener;} {m_6571_} {(Lnet/minecraft/network/protocol/game/ClientboundSetDefaultSpawnPositionPacket;)V}
[04Apr2025 19:48:45.085] [main/DEBUG] [cpw.mods.modlauncher.TransformStore/MODLAUNCHER]: Adding transformer net.minecraftforge.coremod.transformer.CoreModMethodTransformer@24a04257 to Target : METHOD {Lnet/minecraft/client/player/AbstractClientPlayer;} {m_108561_} {()Lnet/minecraft/resources/ResourceLocation;}
[04Apr2025 19:48:45.085] [main/DEBUG] [cpw.mods.modlauncher.TransformStore/MODLAUNCHER]: Adding transformer net.minecraftforge.coremod.transformer.CoreModMethodTransformer@6615237 to Target : METHOD {Lnet/minecraft/world/entity/player/Player;} {m_36170_} {(Lnet/minecraft/world/entity/player/PlayerModelPart;)Z}
[04Apr2025 19:48:45.086] [main/DEBUG] [cpw.mods.modlauncher.TransformStore/MODLAUNCHER]: Adding transformer net.minecraftforge.coremod.transformer.CoreModMethodTransformer@eaf8427 to Target : METHOD {Lnet/minecraft/client/multiplayer/ClientPacketListener;} {m_5998_} {(Lnet/minecraft/network/protocol/game/ClientboundLoginPacket;)V}
[04Apr2025 19:48:45.086] [main/DEBUG] [cpw.mods.modlauncher.TransformStore/MODLAUNCHER]: Adding transformer net.minecraftforge.coremod.transformer.CoreModMethodTransformer@4bf4680c to Target : METHOD {Lnet/minecraft/client/multiplayer/ClientPacketListener;} {m_261044_} {()V}
[04Apr2025 19:48:45.086] [main/DEBUG] [cpw.mods.modlauncher.TransformStore/MODLAUNCHER]: Adding transformer net.minecraftforge.coremod.transformer.CoreModMethodTransformer@6d6039df to Target : METHOD {Lnet/minecraft/client/player/LocalPlayer;} {m_7583_} {()V}
[04Apr2025 19:48:45.086] [main/DEBUG] [cpw.mods.modlauncher.TransformStore/MODLAUNCHER]: Adding transformer net.minecraftforge.coremod.transformer.CoreModMethodTransformer@611c3eae to Target : METHOD {Lnet/minecraft/server/players/PlayerList;} {m_11229_} {(Lnet/minecraft/server/level/ServerPlayer;Lnet/minecraft/server/level/ServerLevel;)V}
[04Apr2025 19:48:45.086] [main/DEBUG] [cpw.mods.modlauncher.TransformStore/MODLAUNCHER]: Adding transformer net.minecraftforge.coremod.transformer.CoreModMethodTransformer@13e00016 to Target : METHOD {Lnet/minecraft/client/gui/components/BossHealthOverlay;} {m_280652_} {(Lnet/minecraft/client/gui/GuiGraphics;)V}
[04Apr2025 19:48:45.087] [main/DEBUG] [cpw.mods.modlauncher.TransformStore/MODLAUNCHER]: Adding transformer net.minecraftforge.coremod.transformer.CoreModMethodTransformer@7b3cbe6e to Target : METHOD {Lnet/minecraft/client/model/ListModel;} {m_7695_} {(Lcom/mojang/blaze3d/vertex/PoseStack;Lcom/mojang/blaze3d/vertex/VertexConsumer;IIFFFF)V}
[04Apr2025 19:48:45.087] [main/DEBUG] [cpw.mods.modlauncher.TransformStore/MODLAUNCHER]: Adding transformer net.minecraftforge.coremod.transformer.CoreModMethodTransformer@177ede17 to Target : METHOD {Lnet/minecraft/client/model/AgeableListModel;} {m_7695_} {(Lcom/mojang/blaze3d/vertex/PoseStack;Lcom/mojang/blaze3d/vertex/VertexConsumer;IIFFFF)V}
[04Apr2025 19:48:45.087] [main/DEBUG] [cpw.mods.modlauncher.TransformStore/MODLAUNCHER]: Adding transformer net.minecraftforge.coremod.transformer.CoreModMethodTransformer@17176b18 to Target : METHOD {Lnet/minecraft/client/model/LlamaModel;} {m_7695_} {(Lcom/mojang/blaze3d/vertex/PoseStack;Lcom/mojang/blaze3d/vertex/VertexConsumer;IIFFFF)V}
[04Apr2025 19:48:45.088] [main/DEBUG] [cpw.mods.modlauncher.TransformStore/MODLAUNCHER]: Adding transformer net.minecraftforge.coremod.transformer.CoreModMethodTransformer@4e4395c to Target : METHOD {Lnet/minecraft/client/model/RabbitModel;} {m_7695_} {(Lcom/mojang/blaze3d/vertex/PoseStack;Lcom/mojang/blaze3d/vertex/VertexConsumer;IIFFFF)V}
[04Apr2025 19:48:45.088] [main/DEBUG] [cpw.mods.modlauncher.TransformStore/MODLAUNCHER]: Adding transformer net.minecraftforge.coremod.transformer.CoreModMethodTransformer@1ab53860 to Target : METHOD {Lnet/minecraft/client/renderer/entity/EnderDragonRenderer$DragonModel;} {m_7695_} {(Lcom/mojang/blaze3d/vertex/PoseStack;Lcom/mojang/blaze3d/vertex/VertexConsumer;IIFFFF)V}
[04Apr2025 19:48:45.089] [main/DEBUG] [cpw.mods.modlauncher.TransformStore/MODLAUNCHER]: Adding transformer net.minecraftforge.coremod.transformer.CoreModMethodTransformer@7b5ac347 to Target : METHOD {Lnet/minecraft/client/model/HierarchicalModel;} {m_7695_} {(Lcom/mojang/blaze3d/vertex/PoseStack;Lcom/mojang/blaze3d/vertex/VertexConsumer;IIFFFF)V}
[04Apr2025 19:48:45.089] [main/DEBUG] [cpw.mods.modlauncher.TransformStore/MODLAUNCHER]: Adding transformer net.minecraftforge.coremod.transformer.CoreModMethodTransformer@57b9389f to Target : METHOD {Lnet/minecraft/client/model/geom/ModelPart;} {m_104290_} {(Lcom/mojang/blaze3d/vertex/PoseStack$Pose;Lcom/mojang/blaze3d/vertex/VertexConsumer;IIFFFF)V}
[04Apr2025 19:48:45.089] [main/DEBUG] [cpw.mods.modlauncher.TransformStore/MODLAUNCHER]: Adding transformer net.minecraftforge.coremod.transformer.CoreModMethodTransformer@72b2c5ed to Target : METHOD {Lnet/minecraft/world/level/storage/LevelStorageSource$LevelStorageAccess;} {m_78311_} {()V}
[04Apr2025 19:48:45.089] [main/DEBUG] [cpw.mods.modlauncher.TransformStore/MODLAUNCHER]: Adding transformer net.minecraftforge.coremod.transformer.CoreModMethodTransformer@41f785e3 to Target : METHOD {Lnet/minecraft/client/multiplayer/ClientPacketListener;} {m_246623_} {(Ljava/lang/String;)V}
[04Apr2025 19:48:45.090] [main/DEBUG] [cpw.mods.modlauncher.TransformStore/MODLAUNCHER]: Adding transformer net.minecraftforge.coremod.transformer.CoreModMethodTransformer@6c9a3661 to Target : METHOD {Lnet/minecraft/client/multiplayer/ClientPacketListener;} {m_246979_} {(Ljava/lang/String;)Z}
[04Apr2025 19:48:45.090] [main/DEBUG] [cpw.mods.modlauncher.TransformStore/MODLAUNCHER]: Adding transformer net.minecraftforge.coremod.transformer.CoreModMethodTransformer@727986ad to Target : METHOD {Lnet/minecraft/client/multiplayer/chat/ChatListener;} {m_240494_} {(Lnet/minecraft/network/chat/Component;Z)V}
[04Apr2025 19:48:45.090] [main/DEBUG] [cpw.mods.modlauncher.TransformStore/MODLAUNCHER]: Adding transformer net.minecraftforge.coremod.transformer.CoreModMethodTransformer@1600a8a2 to Target : METHOD {Lnet/minecraft/client/multiplayer/chat/ChatListener;} {m_245141_} {(Lnet/minecraft/network/chat/Component;Lnet/minecraft/network/chat/ChatType$Bound;)V}
[04Apr2025 19:48:45.090] [main/DEBUG] [cpw.mods.modlauncher.TransformStore/MODLAUNCHER]: Adding transformer net.minecraftforge.coremod.transformer.CoreModMethodTransformer@6b25ef1c to Target : METHOD {Lnet/minecraft/client/ToggleKeyMapping;} {m_90857_} {()Z}
[04Apr2025 19:48:45.090] [main/DEBUG] [cpw.mods.modlauncher.TransformStore/MODLAUNCHER]: Adding transformer net.minecraftforge.coremod.transformer.CoreModClassTransformer@68c34db2 to Target : CLASS {Lnet/minecraft/world/level/chunk/LevelChunk;} {} {V}
[04Apr2025 19:48:45.090] [main/DEBUG] [cpw.mods.modlauncher.TransformStore/MODLAUNCHER]: Adding transformer net.minecraftforge.coremod.transformer.CoreModClassTransformer@7b95bdb0 to Target : CLASS {Lnet/minecraft/client/multiplayer/ClientPacketListener;} {} {V}
[04Apr2025 19:48:45.090] [main/DEBUG] [cpw.mods.modlauncher.TransformStore/MODLAUNCHER]: Adding transformer net.minecraftforge.coremod.transformer.CoreModClassTransformer@3f0ce0d1 to Target : CLASS {Lnet/minecraft/client/multiplayer/ClientLevel;} {} {V}
[04Apr2025 19:48:45.091] [main/DEBUG] [cpw.mods.modlauncher.TransformStore/MODLAUNCHER]: Adding transformer net.minecraftforge.coremod.transformer.CoreModClassTransformer@664db2ca to Target : CLASS {Lnet/minecraft/network/protocol/game/ClientboundSectionBlocksUpdatePacket;} {} {V}
[04Apr2025 19:48:45.091] [main/DEBUG] [cpw.mods.modlauncher.TransformStore/MODLAUNCHER]: Adding transformer net.minecraftforge.coremod.transformer.CoreModClassTransformer@1491cd6c to Target : CLASS {Lnet/minecraft/client/gui/components/CycleButton;} {} {V}
[04Apr2025 19:48:45.091] [main/DEBUG] [cpw.mods.modlauncher.TransformStore/MODLAUNCHER]: Adding transformer net.minecraftforge.coremod.transformer.CoreModClassTransformer@423f8a73 to Target : CLASS {Lnet/minecraft/server/MinecraftServer;} {} {V}
[04Apr2025 19:48:45.092] [main/DEBUG] [cpw.mods.modlauncher.TransformStore/MODLAUNCHER]: Adding transformer net.minecraftforge.coremod.transformer.CoreModClassTransformer@1aedf08d to Target : CLASS {Lnet/minecraft/server/level/ServerPlayer;} {} {V}
[04Apr2025 19:48:45.092] [main/DEBUG] [cpw.mods.modlauncher.TransformStore/MODLAUNCHER]: Adding transformer net.minecraftforge.coremod.transformer.CoreModClassTransformer@113dcaf8 to Target : CLASS {Lnet/minecraft/client/Minecraft;} {} {V}
[04Apr2025 19:48:45.092] [main/DEBUG] [cpw.mods.modlauncher.TransformStore/MODLAUNCHER]: Adding transformer net.minecraftforge.coremod.transformer.CoreModClassTransformer@b5d9f1e to Target : CLASS {Lnet/minecraft/server/level/ServerLevel;} {} {V}
[04Apr2025 19:48:45.092] [main/DEBUG] [cpw.mods.modlauncher.TransformStore/MODLAUNCHER]: Adding transformer net.minecraftforge.coremod.transformer.CoreModClassTransformer@350ff014 to Target : CLASS {Lnet/minecraft/world/level/biome/Biome;} {} {V}
[04Apr2025 19:48:45.093] [main/DEBUG] [cpw.mods.modlauncher.TransformStore/MODLAUNCHER]: Adding transformer net.minecraftforge.coremod.transformer.CoreModClassTransformer@401317a0 to Target : CLASS {Lnet/minecraft/world/level/levelgen/structure/Structure;} {} {V}
[04Apr2025 19:48:45.093] [main/DEBUG] [cpw.mods.modlauncher.TransformStore/MODLAUNCHER]: Adding transformer net.minecraftforge.coremod.transformer.CoreModClassTransformer@3f866f50 to Target : CLASS {Lnet/minecraft/world/effect/MobEffectInstance;} {} {V}
[04Apr2025 19:48:45.093] [main/DEBUG] [cpw.mods.modlauncher.TransformStore/MODLAUNCHER]: Adding transformer net.minecraftforge.coremod.transformer.CoreModClassTransformer@5844a2d1 to Target : CLASS {Lnet/minecraft/world/level/block/LiquidBlock;} {} {V}
[04Apr2025 19:48:45.093] [main/DEBUG] [cpw.mods.modlauncher.TransformStore/MODLAUNCHER]: Adding transformer net.minecraftforge.coremod.transformer.CoreModClassTransformer@1201769d to Target : CLASS {Lnet/minecraft/world/item/BucketItem;} {} {V}
[04Apr2025 19:48:45.093] [main/DEBUG] [cpw.mods.modlauncher.TransformStore/MODLAUNCHER]: Adding transformer net.minecraftforge.coremod.transformer.CoreModClassTransformer@4af7dd6a to Target : CLASS {Lnet/minecraft/world/level/block/StairBlock;} {} {V}
[04Apr2025 19:48:45.093] [main/DEBUG] [cpw.mods.modlauncher.TransformStore/MODLAUNCHER]: Adding transformer net.minecraftforge.coremod.transformer.CoreModClassTransformer@4607d78b to Target : CLASS {Lnet/minecraft/world/level/block/FlowerPotBlock;} {} {V}
[04Apr2025 19:48:45.093] [main/DEBUG] [cpw.mods.modlauncher.TransformStore/MODLAUNCHER]: Adding transformer net.minecraftforge.coremod.transformer.CoreModClassTransformer@3b28b7b0 to Target : CLASS {Lnet/minecraft/world/item/ItemStack;} {} {V}
[04Apr2025 19:48:45.093] [main/DEBUG] [cpw.mods.modlauncher.TransformStore/MODLAUNCHER]: Adding transformer net.minecraftforge.coremod.transformer.CoreModClassTransformer@22048bd6 to Target : CLASS {Lnet/minecraft/network/play/client/CClientSettingsPacket;} {} {V}
[04Apr2025 19:48:45.093] [main/DEBUG] [cpw.mods.modlauncher.TransformStore/MODLAUNCHER]: Adding transformer net.minecraftforge.coremod.transformer.CoreModClassTransformer@566c1e71 to Target : CLASS {Lnet/minecraft/world/level/levelgen/structure/structures/OceanMonumentPieces$OceanMonumentPiece;} {} {V}
[04Apr2025 19:48:45.093] [main/DEBUG] [cpw.mods.modlauncher.TransformStore/MODLAUNCHER]: Adding transformer net.minecraftforge.coremod.transformer.CoreModClassTransformer@566c1e71 to Target : CLASS {Lnet/minecraft/world/entity/raid/Raid;} {} {V}
[04Apr2025 19:48:45.094] [main/DEBUG] [cpw.mods.modlauncher.TransformStore/MODLAUNCHER]: Adding transformer net.minecraftforge.coremod.transformer.CoreModClassTransformer@566c1e71 to Target : CLASS {Lnet/minecraft/world/entity/EntityType;} {} {V}
[04Apr2025 19:48:45.094] [main/DEBUG] [cpw.mods.modlauncher.TransformStore/MODLAUNCHER]: Adding transformer net.minecraftforge.coremod.transformer.CoreModClassTransformer@566c1e71 to Target : CLASS {Lnet/minecraft/world/level/levelgen/structure/structures/OceanRuinPieces$OceanRuinPiece;} {} {V}
[04Apr2025 19:48:45.094] [main/DEBUG] [cpw.mods.modlauncher.TransformStore/MODLAUNCHER]: Adding transformer net.minecraftforge.coremod.transformer.CoreModClassTransformer@566c1e71 to Target : CLASS {Lnet/minecraft/world/entity/monster/Zombie;} {} {V}
[04Apr2025 19:48:45.094] [main/DEBUG] [cpw.mods.modlauncher.TransformStore/MODLAUNCHER]: Adding transformer net.minecraftforge.coremod.transformer.CoreModClassTransformer@566c1e71 to Target : CLASS {Lnet/minecraft/world/entity/animal/frog/Tadpole;} {} {V}
[04Apr2025 19:48:45.094] [main/DEBUG] [cpw.mods.modlauncher.TransformStore/MODLAUNCHER]: Adding transformer net.minecraftforge.coremod.transformer.CoreModClassTransformer@566c1e71 to Target : CLASS {Lnet/minecraft/world/entity/monster/Spider;} {} {V}
[04Apr2025 19:48:45.094] [main/DEBUG] [cpw.mods.modlauncher.TransformStore/MODLAUNCHER]: Adding transformer net.minecraftforge.coremod.transformer.CoreModClassTransformer@566c1e71 to Target : CLASS {Lnet/minecraft/world/level/levelgen/structure/structures/WoodlandMansionPieces$WoodlandMansionPiece;} {} {V}
[04Apr2025 19:48:45.094] [main/DEBUG] [cpw.mods.modlauncher.TransformStore/MODLAUNCHER]: Adding transformer net.minecraftforge.coremod.transformer.CoreModClassTransformer@566c1e71 to Target : CLASS {Lnet/minecraft/world/entity/monster/Strider;} {} {V}
[04Apr2025 19:48:45.094] [main/DEBUG] [cpw.mods.modlauncher.TransformStore/MODLAUNCHER]: Adding transformer net.minecraftforge.coremod.transformer.CoreModClassTransformer@566c1e71 to Target : CLASS {Lnet/minecraft/world/level/levelgen/PatrolSpawner;} {} {V}
[04Apr2025 19:48:45.094] [main/DEBUG] [cpw.mods.modlauncher.TransformStore/MODLAUNCHER]: Adding transformer net.minecraftforge.coremod.transformer.CoreModClassTransformer@566c1e71 to Target : CLASS {Lnet/minecraft/world/level/levelgen/structure/templatesystem/StructureTemplate;} {} {V}
[04Apr2025 19:48:45.095] [main/DEBUG] [cpw.mods.modlauncher.TransformStore/MODLAUNCHER]: Adding transformer net.minecraftforge.coremod.transformer.CoreModClassTransformer@566c1e71 to Target : CLASS {Lnet/minecraft/world/entity/animal/horse/SkeletonTrapGoal;} {} {V}
[04Apr2025 19:48:45.095] [main/DEBUG] [cpw.mods.modlauncher.TransformStore/MODLAUNCHER]: Adding transformer net.minecraftforge.coremod.transformer.CoreModClassTransformer@566c1e71 to Target : CLASS {Lnet/minecraft/world/entity/monster/ZombieVillager;} {} {V}
[04Apr2025 19:48:45.095] [main/DEBUG] [cpw.mods.modlauncher.TransformStore/MODLAUNCHER]: Adding transformer net.minecraftforge.coremod.transformer.CoreModClassTransformer@566c1e71 to Target : CLASS {Lnet/minecraft/server/commands/RaidCommand;} {} {V}
[04Apr2025 19:48:45.095] [main/DEBUG] [cpw.mods.modlauncher.TransformStore/MODLAUNCHER]: Adding transformer net.minecraftforge.coremod.transformer.CoreModClassTransformer@566c1e71 to Target : CLASS {Lnet/minecraft/server/commands/SummonCommand;} {} {V}
[04Apr2025 19:48:45.095] [main/DEBUG] [cpw.mods.modlauncher.TransformStore/MODLAUNCHER]: Adding transformer net.minecraftforge.coremod.transformer.CoreModClassTransformer@566c1e71 to Target : CLASS {Lnet/minecraft/world/entity/npc/Villager;} {} {V}
[04Apr2025 19:48:45.095] [main/DEBUG] [cpw.mods.modlauncher.TransformStore/MODLAUNCHER]: Adding transformer net.minecraftforge.coremod.transformer.CoreModClassTransformer@566c1e71 to Target : CLASS {Lnet/minecraft/world/level/levelgen/structure/structures/SwampHutPiece;} {} {V}
[04Apr2025 19:48:45.095] [main/DEBUG] [cpw.mods.modlauncher.TransformStore/MODLAUNCHER]: Adding transformer net.minecraftforge.coremod.transformer.CoreModClassTransformer@566c1e71 to Target : CLASS {Lnet/minecraft/world/entity/ai/village/VillageSiege;} {} {V}
[04Apr2025 19:48:45.095] [main/DEBUG] [cpw.mods.modlauncher.TransformStore/MODLAUNCHER]: Adding transformer net.minecraftforge.coremod.transformer.CoreModClassTransformer@566c1e71 to Target : CLASS {Lnet/minecraft/world/level/levelgen/PhantomSpawner;} {} {V}
[04Apr2025 19:48:45.095] [main/DEBUG] [cpw.mods.modlauncher.TransformStore/MODLAUNCHER]: Adding transformer net.minecraftforge.coremod.transformer.CoreModClassTransformer@566c1e71 to Target : CLASS {Lnet/minecraft/world/level/NaturalSpawner;} {} {V}
[04Apr2025 19:48:45.095] [main/DEBUG] [cpw.mods.modlauncher.TransformStore/MODLAUNCHER]: Adding transformer net.minecraftforge.coremod.transformer.CoreModClassTransformer@566c1e71 to Target : CLASS {Lnet/minecraft/world/entity/monster/Evoker$EvokerSummonSpellGoal;} {} {V}
[04Apr2025 19:48:45.095] [main/DEBUG] [cpw.mods.modlauncher.TransformStore/MODLAUNCHER]: Adding transformer net.minecraftforge.coremod.transformer.CoreModClassTransformer@566c1e71 to Target : CLASS {Lnet/minecraft/world/entity/npc/CatSpawner;} {} {V}
[04Apr2025 19:48:45.095] [main/DEBUG] [cpw.mods.modlauncher.TransformStore/MODLAUNCHER]: Adding transformer net.minecraftforge.coremod.transformer.CoreModClassTransformer@2e2f20b8 to Target : CLASS {Lnet/minecraft/world/level/chunk/LevelChunk;} {} {V}
[04Apr2025 19:48:45.095] [main/DEBUG] [cpw.mods.modlauncher.TransformStore/MODLAUNCHER]: Adding transformer net.minecraftforge.coremod.transformer.CoreModClassTransformer@504497fa to Target : CLASS {Lnet/minecraft/client/multiplayer/ClientPacketListener;} {} {V}
[04Apr2025 19:48:45.095] [main/DEBUG] [cpw.mods.modlauncher.TransformStore/MODLAUNCHER]: Adding transformer net.minecraftforge.coremod.transformer.CoreModClassTransformer@5618fc1f to Target : CLASS {Lnet/minecraft/client/multiplayer/ClientLevel;} {} {V}
[04Apr2025 19:48:45.095] [main/DEBUG] [cpw.mods.modlauncher.TransformStore/MODLAUNCHER]: Adding transformer net.minecraftforge.coremod.transformer.CoreModClassTransformer@60b1ff3b to Target : CLASS {Lnet/minecraft/network/protocol/game/ClientboundSectionBlocksUpdatePacket;} {} {V}
[04Apr2025 19:48:45.096] [main/DEBUG] [cpw.mods.modlauncher.TransformStore/MODLAUNCHER]: Adding transformer net.minecraftforge.coremod.transformer.CoreModClassTransformer@374c3975 to Target : CLASS {Lnet/minecraft/client/gui/components/CycleButton;} {} {V}
[04Apr2025 19:48:45.096] [main/DEBUG] [cpw.mods.modlauncher.TransformStore/MODLAUNCHER]: Adding transformer net.minecraftforge.coremod.transformer.CoreModClassTransformer@43c39321 to Target : CLASS {Lnet/minecraft/server/MinecraftServer;} {} {V}
[04Apr2025 19:48:45.096] [main/DEBUG] [cpw.mods.modlauncher.TransformStore/MODLAUNCHER]: Adding transformer net.minecraftforge.coremod.transformer.CoreModClassTransformer@52aa7742 to Target : CLASS {Lnet/minecraft/server/level/ServerPlayer;} {} {V}
[04Apr2025 19:48:45.096] [main/DEBUG] [cpw.mods.modlauncher.TransformStore/MODLAUNCHER]: Adding transformer net.minecraftforge.coremod.transformer.CoreModClassTransformer@3d0d120b to Target : CLASS {Lnet/minecraft/client/Minecraft;} {} {V}
[04Apr2025 19:48:45.096] [main/DEBUG] [cpw.mods.modlauncher.TransformStore/MODLAUNCHER]: Adding transformer net.minecraftforge.coremod.transformer.CoreModClassTransformer@6b5c134e to Target : CLASS {Lnet/minecraft/client/gui/components/AbstractSelectionList;} {} {V}
[04Apr2025 19:48:45.096] [main/DEBUG] [cpw.mods.modlauncher.TransformationServiceDecorator/MODLAUNCHER]: Initialized transformers for transformation service fml
[04Apr2025 19:48:47.453] [main/DEBUG] [mixin/]: Processing prepare() for PlatformAgent[MixinPlatformAgentDefault:ModLauncher Root Container(ModLauncher:4f56a0a2)]
[04Apr2025 19:48:47.453] [main/DEBUG] [mixin/]: Processing launch tasks for PlatformAgent[MixinPlatformAgentDefault:ModLauncher Root Container(ModLauncher:4f56a0a2)]
[04Apr2025 19:48:47.453] [main/DEBUG] [mixin/]: Adding mixin platform agents for container SecureJarResource(betterdungeons)
[04Apr2025 19:48:47.454] [main/DEBUG] [mixin/]: Instancing new MixinPlatformAgentMinecraftForge for SecureJarResource(betterdungeons)
[04Apr2025 19:48:47.454] [main/DEBUG] [mixin/]: MixinPlatformAgentMinecraftForge rejected container SecureJarResource(betterdungeons)
[04Apr2025 19:48:47.454] [main/DEBUG] [mixin/]: Instancing new MixinPlatformAgentDefault for SecureJarResource(betterdungeons)
[04Apr2025 19:48:47.454] [main/DEBUG] [mixin/]: MixinPlatformAgentDefault accepted container SecureJarResource(betterdungeons)
[04Apr2025 19:48:47.454] [main/DEBUG] [mixin/]: Processing prepare() for PlatformAgent[MixinPlatformAgentDefault:SecureJarResource(betterdungeons)]
[04Apr2025 19:48:47.454] [main/DEBUG] [mixin/]: Registering mixin config: betterdungeons.mixins.json
[04Apr2025 19:48:47.473] [main/DEBUG] [mixin/]: Compatibility level JAVA_17 specified by betterdungeons.mixins.json is higher than the maximum level supported by this version of mixin (JAVA_13).
[04Apr2025 19:48:47.477] [main/INFO] [mixin/]: Compatibility level set to JAVA_17
[04Apr2025 19:48:47.477] [main/DEBUG] [mixin/]: Registering mixin config: betterdungeons_forge.mixins.json
[04Apr2025 19:48:47.481] [main/DEBUG] [mixin/]: Adding mixin platform agents for container SecureJarResource(notenoughcrashes)
[04Apr2025 19:48:47.482] [main/DEBUG] [mixin/]: Instancing new MixinPlatformAgentMinecraftForge for SecureJarResource(notenoughcrashes)
[04Apr2025 19:48:47.482] [main/DEBUG] [mixin/]: MixinPlatformAgentMinecraftForge rejected container SecureJarResource(notenoughcrashes)
[04Apr2025 19:48:47.482] [main/DEBUG] [mixin/]: Instancing new MixinPlatformAgentDefault for SecureJarResource(notenoughcrashes)
[04Apr2025 19:48:47.482] [main/DEBUG] [mixin/]: MixinPlatformAgentDefault accepted container SecureJarResource(notenoughcrashes)
[04Apr2025 19:48:47.482] [main/DEBUG] [mixin/]: Processing prepare() for PlatformAgent[MixinPlatformAgentDefault:SecureJarResource(notenoughcrashes)]
[04Apr2025 19:48:47.482] [main/DEBUG] [mixin/]: Registering mixin config: notenoughcrashes.mixins.json
[04Apr2025 19:48:47.485] [main/DEBUG] [mixin/]: Registering mixin config: notenoughcrashes.forge.mixins.json
[04Apr2025 19:48:47.488] [main/DEBUG] [mixin/]: Compatibility level JAVA_8 specified by notenoughcrashes.forge.mixins.json is lower than the default level supported by the current mixin service (JAVA_16).
[04Apr2025 19:48:47.488] [main/DEBUG] [mixin/]: Adding mixin platform agents for container SecureJarResource(kuma_api)
[04Apr2025 19:48:47.488] [main/DEBUG] [mixin/]: Instancing new MixinPlatformAgentMinecraftForge for SecureJarResource(kuma_api)
[04Apr2025 19:48:47.488] [main/DEBUG] [mixin/]: MixinPlatformAgentMinecraftForge rejected container SecureJarResource(kuma_api)
[04Apr2025 19:48:47.488] [main/DEBUG] [mixin/]: Instancing new MixinPlatformAgentDefault for SecureJarResource(kuma_api)
[04Apr2025 19:48:47.488] [main/DEBUG] [mixin/]: MixinPlatformAgentDefault accepted container SecureJarResource(kuma_api)
[04Apr2025 19:48:47.488] [main/DEBUG] [mixin/]: Processing prepare() for PlatformAgent[MixinPlatformAgentDefault:SecureJarResource(kuma_api)]
[04Apr2025 19:48:47.488] [main/DEBUG] [mixin/]: Registering mixin config: kuma_api.mixins.json
[04Apr2025 19:48:47.490] [main/DEBUG] [mixin/]: Registering mixin config: kuma_api.forge.mixins.json
[04Apr2025 19:48:47.492] [main/DEBUG] [mixin/]: Adding mixin platform agents for container SecureJarResource(blue_skies)
[04Apr2025 19:48:47.492] [main/DEBUG] [mixin/]: Instancing new MixinPlatformAgentMinecraftForge for SecureJarResource(blue_skies)
[04Apr2025 19:48:47.492] [main/DEBUG] [mixin/]: MixinPlatformAgentMinecraftForge rejected container SecureJarResource(blue_skies)
[04Apr2025 19:48:47.493] [main/DEBUG] [mixin/]: Instancing new MixinPlatformAgentDefault for SecureJarResource(blue_skies)
[04Apr2025 19:48:47.493] [main/DEBUG] [mixin/]: MixinPlatformAgentDefault accepted container SecureJarResource(blue_skies)
[04Apr2025 19:48:47.493] [main/DEBUG] [mixin/]: Processing prepare() for PlatformAgent[MixinPlatformAgentDefault:SecureJarResource(blue_skies)]
[04Apr2025 19:48:47.493] [main/DEBUG] [mixin/]: Registering mixin config: blue_skies.mixins.json
[04Apr2025 19:48:47.527] [main/DEBUG] [mixin/]: Adding mixin platform agents for container SecureJarResource(betterwitchhuts)
[04Apr2025 19:48:47.527] [main/DEBUG] [mixin/]: Instancing new MixinPlatformAgentMinecraftForge for SecureJarResource(betterwitchhuts)
[04Apr2025 19:48:47.527] [main/DEBUG] [mixin/]: MixinPlatformAgentMinecraftForge rejected container SecureJarResource(betterwitchhuts)
[04Apr2025 19:48:47.527] [main/DEBUG] [mixin/]: Instancing new MixinPlatformAgentDefault for SecureJarResource(betterwitchhuts)
[04Apr2025 19:48:47.527] [main/DEBUG] [mixin/]: MixinPlatformAgentDefault accepted container SecureJarResource(betterwitchhuts)
[04Apr2025 19:48:47.528] [main/DEBUG] [mixin/]: Processing prepare() for PlatformAgent[MixinPlatformAgentDefault:SecureJarResource(betterwitchhuts)]
[04Apr2025 19:48:47.528] [main/DEBUG] [mixin/]: Registering mixin config: betterwitchhuts.mixins.json
[04Apr2025 19:48:47.533] [main/DEBUG] [mixin/]: Registering mixin config: betterwitchhuts_forge.mixins.json
[04Apr2025 19:48:47.535] [main/DEBUG] [mixin/]: Adding mixin platform agents for container SecureJarResource(geckolib)
[04Apr2025 19:48:47.536] [main/DEBUG] [mixin/]: Instancing new MixinPlatformAgentMinecraftForge for SecureJarResource(geckolib)
[04Apr2025 19:48:47.536] [main/DEBUG] [mixin/]: MixinPlatformAgentMinecraftForge rejected container SecureJarResource(geckolib)
[04Apr2025 19:48:47.536] [main/DEBUG] [mixin/]: Instancing new MixinPlatformAgentDefault for SecureJarResource(geckolib)
[04Apr2025 19:48:47.536] [main/DEBUG] [mixin/]: MixinPlatformAgentDefault accepted container SecureJarResource(geckolib)
[04Apr2025 19:48:47.536] [main/DEBUG] [mixin/]: Processing prepare() for PlatformAgent[MixinPlatformAgentDefault:SecureJarResource(geckolib)]
[04Apr2025 19:48:47.536] [main/DEBUG] [mixin/]: Registering mixin config: geckolib.mixins.json
[04Apr2025 19:48:47.538] [main/DEBUG] [mixin/]: Adding mixin platform agents for container SecureJarResource(playeranimator)
[04Apr2025 19:48:47.538] [main/DEBUG] [mixin/]: Instancing new MixinPlatformAgentMinecraftForge for SecureJarResource(playeranimator)
[04Apr2025 19:48:47.538] [main/DEBUG] [mixin/]: MixinPlatformAgentMinecraftForge rejected container SecureJarResource(playeranimator)
[04Apr2025 19:48:47.539] [main/DEBUG] [mixin/]: Instancing new MixinPlatformAgentDefault for SecureJarResource(playeranimator)
[04Apr2025 19:48:47.539] [main/DEBUG] [mixin/]: MixinPlatformAgentDefault accepted container SecureJarResource(playeranimator)
[04Apr2025 19:48:47.539] [main/DEBUG] [mixin/]: Processing prepare() for PlatformAgent[MixinPlatformAgentDefault:SecureJarResource(playeranimator)]
[04Apr2025 19:48:47.539] [main/DEBUG] [mixin/]: Registering mixin config: playerAnimator-common.mixins.json
[04Apr2025 19:48:47.541] [main/DEBUG] [mixin/]: Compatibility level JAVA_16 specified by playerAnimator-common.mixins.json is higher than the maximum level supported by this version of mixin (JAVA_13).
[04Apr2025 19:48:47.541] [main/DEBUG] [mixin/]: Adding mixin platform agents for container SecureJarResource(aether)
[04Apr2025 19:48:47.541] [main/DEBUG] [mixin/]: Instancing new MixinPlatformAgentMinecraftForge for SecureJarResource(aether)
[04Apr2025 19:48:47.541] [main/DEBUG] [mixin/]: MixinPlatformAgentMinecraftForge rejected container SecureJarResource(aether)
[04Apr2025 19:48:47.541] [main/DEBUG] [mixin/]: Instancing new MixinPlatformAgentDefault for SecureJarResource(aether)
[04Apr2025 19:48:47.541] [main/DEBUG] [mixin/]: MixinPlatformAgentDefault accepted container SecureJarResource(aether)
[04Apr2025 19:48:47.541] [main/DEBUG] [mixin/]: Processing prepare() for PlatformAgent[MixinPlatformAgentDefault:SecureJarResource(aether)]
[04Apr2025 19:48:47.541] [main/DEBUG] [mixin/]: Registering mixin config: aether.mixins.json
[04Apr2025 19:48:47.544] [main/DEBUG] [mixin/]: Adding mixin platform agents for container SecureJarResource(jei)
[04Apr2025 19:48:47.544] [main/DEBUG] [mixin/]: Instancing new MixinPlatformAgentMinecraftForge for SecureJarResource(jei)
[04Apr2025 19:48:47.544] [main/DEBUG] [mixin/]: MixinPlatformAgentMinecraftForge rejected container SecureJarResource(jei)
[04Apr2025 19:48:47.544] [main/DEBUG] [mixin/]: Instancing new MixinPlatformAgentDefault for SecureJarResource(jei)
[04Apr2025 19:48:47.544] [main/DEBUG] [mixin/]: MixinPlatformAgentDefault accepted container SecureJarResource(jei)
[04Apr2025 19:48:47.544] [main/DEBUG] [mixin/]: Processing prepare() for PlatformAgent[MixinPlatformAgentDefault:SecureJarResource(jei)]
[04Apr2025 19:48:47.544] [main/DEBUG] [mixin/]: Adding mixin platform agents for container SecureJarResource(betteroceanmonuments)
[04Apr2025 19:48:47.544] [main/DEBUG] [mixin/]: Instancing new MixinPlatformAgentMinecraftForge for SecureJarResource(betteroceanmonuments)
[04Apr2025 19:48:47.544] [main/DEBUG] [mixin/]: MixinPlatformAgentMinecraftForge rejected container SecureJarResource(betteroceanmonuments)
[04Apr2025 19:48:47.544] [main/DEBUG] [mixin/]: Instancing new MixinPlatformAgentDefault for SecureJarResource(betteroceanmonuments)
[04Apr2025 19:48:47.544] [main/DEBUG] [mixin/]: MixinPlatformAgentDefault accepted container SecureJarResource(betteroceanmonuments)
[04Apr2025 19:48:47.544] [main/DEBUG] [mixin/]: Processing prepare() for PlatformAgent[MixinPlatformAgentDefault:SecureJarResource(betteroceanmonuments)]
[04Apr2025 19:48:47.544] [main/DEBUG] [mixin/]: Registering mixin config: betteroceanmonuments.mixins.json
[04Apr2025 19:48:47.547] [main/DEBUG] [mixin/]: Registering mixin config: betteroceanmonuments_forge.mixins.json
[04Apr2025 19:48:47.549] [main/DEBUG] [mixin/]: Adding mixin platform agents for container SecureJarResource(incendium)
[04Apr2025 19:48:47.549] [main/DEBUG] [mixin/]: Instancing new MixinPlatformAgentMinecraftForge for SecureJarResource(incendium)
[04Apr2025 19:48:47.549] [main/DEBUG] [mixin/]: MixinPlatformAgentMinecraftForge rejected container SecureJarResource(incendium)
[04Apr2025 19:48:47.549] [main/DEBUG] [mixin/]: Instancing new MixinPlatformAgentDefault for SecureJarResource(incendium)
[04Apr2025 19:48:47.549] [main/DEBUG] [mixin/]: MixinPlatformAgentDefault accepted container SecureJarResource(incendium)
[04Apr2025 19:48:47.549] [main/DEBUG] [mixin/]: Processing prepare() for PlatformAgent[MixinPlatformAgentDefault:SecureJarResource(incendium)]
[04Apr2025 19:48:47.549] [main/DEBUG] [mixin/]: Adding mixin platform agents for container SecureJarResource(sophisticatedcore)
[04Apr2025 19:48:47.549] [main/DEBUG] [mixin/]: Instancing new MixinPlatformAgentMinecraftForge for SecureJarResource(sophisticatedcore)
[04Apr2025 19:48:47.549] [main/DEBUG] [mixin/]: MixinPlatformAgentMinecraftForge rejected container SecureJarResource(sophisticatedcore)
[04Apr2025 19:48:47.549] [main/DEBUG] [mixin/]: Instancing new MixinPlatformAgentDefault for SecureJarResource(sophisticatedcore)
[04Apr2025 19:48:47.549] [main/DEBUG] [mixin/]: MixinPlatformAgentDefault accepted container SecureJarResource(sophisticatedcore)
[04Apr2025 19:48:47.549] [main/DEBUG] [mixin/]: Processing prepare() for PlatformAgent[MixinPlatformAgentDefault:SecureJarResource(sophisticatedcore)]
[04Apr2025 19:48:47.549] [main/DEBUG] [mixin/]: Adding mixin platform agents for container SecureJarResource(geckoanimfix)
[04Apr2025 19:48:47.549] [main/DEBUG] [mixin/]: Instancing new MixinPlatformAgentMinecraftForge for SecureJarResource(geckoanimfix)
[04Apr2025 19:48:47.549] [main/DEBUG] [mixin/]: MixinPlatformAgentMinecraftForge rejected container SecureJarResource(geckoanimfix)
[04Apr2025 19:48:47.549] [main/DEBUG] [mixin/]: Instancing new MixinPlatformAgentDefault for SecureJarResource(geckoanimfix)
[04Apr2025 19:48:47.549] [main/DEBUG] [mixin/]: MixinPlatformAgentDefault accepted container SecureJarResource(geckoanimfix)
[04Apr2025 19:48:47.549] [main/DEBUG] [mixin/]: Processing prepare() for PlatformAgent[MixinPlatformAgentDefault:SecureJarResource(geckoanimfix)]
[04Apr2025 19:48:47.549] [main/DEBUG] [mixin/]: Registering mixin config: geckoanimfix.forge.mixins.json
[04Apr2025 19:48:47.551] [main/DEBUG] [mixin/]: Compatibility level JAVA_16 specified by geckoanimfix.forge.mixins.json is higher than the maximum level supported by this version of mixin (JAVA_13).
[04Apr2025 19:48:47.551] [main/ERROR] [mixin/]: Mixin config geckoanimfix.forge.mixins.json does not specify "minVersion" property
[04Apr2025 19:48:47.551] [main/DEBUG] [mixin/]: Adding mixin platform agents for container SecureJarResource(mod_whitelist)
[04Apr2025 19:48:47.552] [main/DEBUG] [mixin/]: Instancing new MixinPlatformAgentMinecraftForge for SecureJarResource(mod_whitelist)
[04Apr2025 19:48:47.552] [main/DEBUG] [mixin/]: MixinPlatformAgentMinecraftForge rejected container SecureJarResource(mod_whitelist)
[04Apr2025 19:48:47.552] [main/DEBUG] [mixin/]: Instancing new MixinPlatformAgentDefault for SecureJarResource(mod_whitelist)
[04Apr2025 19:48:47.552] [main/DEBUG] [mixin/]: MixinPlatformAgentDefault accepted container SecureJarResource(mod_whitelist)
[04Apr2025 19:48:47.552] [main/DEBUG] [mixin/]: Processing prepare() for PlatformAgent[MixinPlatformAgentDefault:SecureJarResource(mod_whitelist)]
[04Apr2025 19:48:47.552] [main/DEBUG] [mixin/]: Registering mixin config: mod_whitelist.mixins.json
[04Apr2025 19:48:47.554] [main/DEBUG] [mixin/]: Adding mixin platform agents for container SecureJarResource(waystones)
[04Apr2025 19:48:47.554] [main/DEBUG] [mixin/]: Instancing new MixinPlatformAgentMinecraftForge for SecureJarResource(waystones)
[04Apr2025 19:48:47.554] [main/DEBUG] [mixin/]: MixinPlatformAgentMinecraftForge rejected container SecureJarResource(waystones)
[04Apr2025 19:48:47.554] [main/DEBUG] [mixin/]: Instancing new MixinPlatformAgentDefault for SecureJarResource(waystones)
[04Apr2025 19:48:47.554] [main/DEBUG] [mixin/]: MixinPlatformAgentDefault accepted container SecureJarResource(waystones)
[04Apr2025 19:48:47.555] [main/DEBUG] [mixin/]: Processing prepare() for PlatformAgent[MixinPlatformAgentDefault:SecureJarResource(waystones)]
[04Apr2025 19:48:47.555] [main/DEBUG] [mixin/]: Registering mixin config: waystones.mixins.json
[04Apr2025 19:48:47.556] [main/DEBUG] [mixin/]: Adding mixin platform agents for container SecureJarResource(outstanding_ores)
[04Apr2025 19:48:47.557] [main/DEBUG] [mixin/]: Instancing new MixinPlatformAgentMinecraftForge for SecureJarResource(outstanding_ores)
[04Apr2025 19:48:47.557] [main/DEBUG] [mixin/]: MixinPlatformAgentMinecraftForge rejected container SecureJarResource(outstanding_ores)
[04Apr2025 19:48:47.557] [main/DEBUG] [mixin/]: Instancing new MixinPlatformAgentDefault for SecureJarResource(outstanding_ores)
[04Apr2025 19:48:47.557] [main/DEBUG] [mixin/]: MixinPlatformAgentDefault accepted container SecureJarResource(outstanding_ores)
[04Apr2025 19:48:47.557] [main/DEBUG] [mixin/]: Processing prepare() for PlatformAgent[MixinPlatformAgentDefault:SecureJarResource(outstanding_ores)]
[04Apr2025 19:48:47.557] [main/DEBUG] [mixin/]: Adding mixin platform agents for container SecureJarResource(xaeroworldmap)
[04Apr2025 19:48:47.557] [main/DEBUG] [mixin/]: Instancing new MixinPlatformAgentMinecraftForge for SecureJarResource(xaeroworldmap)
[04Apr2025 19:48:47.557] [main/DEBUG] [mixin/]: MixinPlatformAgentMinecraftForge rejected container SecureJarResource(xaeroworldmap)
[04Apr2025 19:48:47.557] [main/DEBUG] [mixin/]: Instancing new MixinPlatformAgentDefault for SecureJarResource(xaeroworldmap)
[04Apr2025 19:48:47.557] [main/DEBUG] [mixin/]: MixinPlatformAgentDefault accepted container SecureJarResource(xaeroworldmap)
[04Apr2025 19:48:47.557] [main/DEBUG] [mixin/]: Processing prepare() for PlatformAgent[MixinPlatformAgentDefault:SecureJarResource(xaeroworldmap)]
[04Apr2025 19:48:47.557] [main/DEBUG] [mixin/]: Adding mixin platform agents for container SecureJarResource(yungscavebiomes)
[04Apr2025 19:48:47.557] [main/DEBUG] [mixin/]: Instancing new MixinPlatformAgentMinecraftForge for SecureJarResource(yungscavebiomes)
[04Apr2025 19:48:47.557] [main/DEBUG] [mixin/]: MixinPlatformAgentMinecraftForge rejected container SecureJarResource(yungscavebiomes)
[04Apr2025 19:48:47.557] [main/DEBUG] [mixin/]: Instancing new MixinPlatformAgentDefault for SecureJarResource(yungscavebiomes)
[04Apr2025 19:48:47.557] [main/DEBUG] [mixin/]: MixinPlatformAgentDefault accepted container SecureJarResource(yungscavebiomes)
[04Apr2025 19:48:47.557] [main/DEBUG] [mixin/]: Processing prepare() for PlatformAgent[MixinPlatformAgentDefault:SecureJarResource(yungscavebiomes)]
[04Apr2025 19:48:47.557] [main/DEBUG] [mixin/]: Registering mixin config: yungscavebiomes.mixins.json
[04Apr2025 19:48:47.560] [main/DEBUG] [mixin/]: Registering mixin config: yungscavebiomes_forge.mixins.json
[04Apr2025 19:48:47.562] [main/DEBUG] [mixin/]: Adding mixin platform agents for container SecureJarResource(comforts)
[04Apr2025 19:48:47.562] [main/DEBUG] [mixin/]: Instancing new MixinPlatformAgentMinecraftForge for SecureJarResource(comforts)
[04Apr2025 19:48:47.562] [main/DEBUG] [mixin/]: MixinPlatformAgentMinecraftForge rejected container SecureJarResource(comforts)
[04Apr2025 19:48:47.562] [main/DEBUG] [mixin/]: Instancing new MixinPlatformAgentDefault for SecureJarResource(comforts)
[04Apr2025 19:48:47.562] [main/DEBUG] [mixin/]: MixinPlatformAgentDefault accepted container SecureJarResource(comforts)
[04Apr2025 19:48:47.563] [main/DEBUG] [mixin/]: Processing prepare() for PlatformAgent[MixinPlatformAgentDefault:SecureJarResource(comforts)]
[04Apr2025 19:48:47.563] [main/DEBUG] [mixin/]: Registering mixin config: comforts.mixins.json
[04Apr2025 19:48:47.565] [main/DEBUG] [mixin/]: Adding mixin platform agents for container SecureJarResource(citadel)
[04Apr2025 19:48:47.565] [main/DEBUG] [mixin/]: Instancing new MixinPlatformAgentMinecraftForge for SecureJarResource(citadel)
[04Apr2025 19:48:47.565] [main/DEBUG] [mixin/]: MixinPlatformAgentMinecraftForge rejected container SecureJarResource(citadel)
[04Apr2025 19:48:47.565] [main/DEBUG] [mixin/]: Instancing new MixinPlatformAgentDefault for SecureJarResource(citadel)
[04Apr2025 19:48:47.565] [main/DEBUG] [mixin/]: MixinPlatformAgentDefault accepted container SecureJarResource(citadel)
[04Apr2025 19:48:47.566] [main/DEBUG] [mixin/]: Processing prepare() for PlatformAgent[MixinPlatformAgentDefault:SecureJarResource(citadel)]
[04Apr2025 19:48:47.566] [main/DEBUG] [mixin/]: Registering mixin config: citadel.mixins.json
[04Apr2025 19:48:47.570] [main/DEBUG] [mixin/]: Adding mixin platform agents for container SecureJarResource(badpackets)
[04Apr2025 19:48:47.570] [main/DEBUG] [mixin/]: Instancing new MixinPlatformAgentMinecraftForge for SecureJarResource(badpackets)
[04Apr2025 19:48:47.570] [main/DEBUG] [mixin/]: MixinPlatformAgentMinecraftForge rejected container SecureJarResource(badpackets)
[04Apr2025 19:48:47.570] [main/DEBUG] [mixin/]: Instancing new MixinPlatformAgentDefault for SecureJarResource(badpackets)
[04Apr2025 19:48:47.570] [main/DEBUG] [mixin/]: MixinPlatformAgentDefault accepted container SecureJarResource(badpackets)
[04Apr2025 19:48:47.570] [main/DEBUG] [mixin/]: Processing prepare() for PlatformAgent[MixinPlatformAgentDefault:SecureJarResource(badpackets)]
[04Apr2025 19:48:47.570] [main/DEBUG] [mixin/]: Registering mixin config: badpackets.mixins.json
[04Apr2025 19:48:47.572] [main/DEBUG] [mixin/]: Compatibility level JAVA_16 specified by badpackets.mixins.json is higher than the maximum level supported by this version of mixin (JAVA_13).
[04Apr2025 19:48:47.572] [main/DEBUG] [mixin/]: Adding mixin platform agents for container SecureJarResource(yungsapi)
[04Apr2025 19:48:47.572] [main/DEBUG] [mixin/]: Instancing new MixinPlatformAgentMinecraftForge for SecureJarResource(yungsapi)
[04Apr2025 19:48:47.572] [main/DEBUG] [mixin/]: MixinPlatformAgentMinecraftForge rejected container SecureJarResource(yungsapi)
[04Apr2025 19:48:47.572] [main/DEBUG] [mixin/]: Instancing new MixinPlatformAgentDefault for SecureJarResource(yungsapi)
[04Apr2025 19:48:47.572] [main/DEBUG] [mixin/]: MixinPlatformAgentDefault accepted container SecureJarResource(yungsapi)
[04Apr2025 19:48:47.572] [main/DEBUG] [mixin/]: Processing prepare() for PlatformAgent[MixinPlatformAgentDefault:SecureJarResource(yungsapi)]
[04Apr2025 19:48:47.572] [main/DEBUG] [mixin/]: Registering mixin config: yungsapi.mixins.json
[04Apr2025 19:48:47.577] [main/DEBUG] [mixin/]: Registering mixin config: yungsapi_forge.mixins.json
[04Apr2025 19:48:47.579] [main/DEBUG] [mixin/]: Adding mixin platform agents for container SecureJarResource(mixinextras)
[04Apr2025 19:48:47.579] [main/DEBUG] [mixin/]: Instancing new MixinPlatformAgentMinecraftForge for SecureJarResource(mixinextras)
[04Apr2025 19:48:47.579] [main/DEBUG] [mixin/]: MixinPlatformAgentMinecraftForge rejected container SecureJarResource(mixinextras)
[04Apr2025 19:48:47.579] [main/DEBUG] [mixin/]: Instancing new MixinPlatformAgentDefault for SecureJarResource(mixinextras)
[04Apr2025 19:48:47.580] [main/DEBUG] [mixin/]: MixinPlatformAgentDefault accepted container SecureJarResource(mixinextras)
[04Apr2025 19:48:47.580] [main/DEBUG] [mixin/]: Processing prepare() for PlatformAgent[MixinPlatformAgentDefault:SecureJarResource(mixinextras)]
[04Apr2025 19:48:47.580] [main/DEBUG] [mixin/]: Registering mixin config: mixinextras.init.mixins.json
[04Apr2025 19:48:47.582] [main/DEBUG] [mixin/]: Adding mixin platform agents for container SecureJarResource(mobcaptains)
[04Apr2025 19:48:47.582] [main/DEBUG] [mixin/]: Instancing new MixinPlatformAgentMinecraftForge for SecureJarResource(mobcaptains)
[04Apr2025 19:48:47.582] [main/DEBUG] [mixin/]: MixinPlatformAgentMinecraftForge rejected container SecureJarResource(mobcaptains)
[04Apr2025 19:48:47.582] [main/DEBUG] [mixin/]: Instancing new MixinPlatformAgentDefault for SecureJarResource(mobcaptains)
[04Apr2025 19:48:47.582] [main/DEBUG] [mixin/]: MixinPlatformAgentDefault accepted container SecureJarResource(mobcaptains)
[04Apr2025 19:48:47.582] [main/DEBUG] [mixin/]: Processing prepare() for PlatformAgent[MixinPlatformAgentDefault:SecureJarResource(mobcaptains)]
[04Apr2025 19:48:47.582] [main/DEBUG] [mixin/]: Adding mixin platform agents for container SecureJarResource(sophisticatedbackpacks)
[04Apr2025 19:48:47.582] [main/DEBUG] [mixin/]: Instancing new MixinPlatformAgentMinecraftForge for SecureJarResource(sophisticatedbackpacks)
[04Apr2025 19:48:47.582] [main/DEBUG] [mixin/]: MixinPlatformAgentMinecraftForge rejected container SecureJarResource(sophisticatedbackpacks)
[04Apr2025 19:48:47.582] [main/DEBUG] [mixin/]: Instancing new MixinPlatformAgentDefault for SecureJarResource(sophisticatedbackpacks)
[04Apr2025 19:48:47.582] [main/DEBUG] [mixin/]: MixinPlatformAgentDefault accepted container SecureJarResource(sophisticatedbackpacks)
[04Apr2025 19:48:47.582] [main/DEBUG] [mixin/]: Processing prepare() for PlatformAgent[MixinPlatformAgentDefault:SecureJarResource(sophisticatedbackpacks)]
[04Apr2025 19:48:47.582] [main/DEBUG] [mixin/]: Adding mixin platform agents for container SecureJarResource(vapeaholic)
[04Apr2025 19:48:47.582] [main/DEBUG] [mixin/]: Instancing new MixinPlatformAgentMinecraftForge for SecureJarResource(vapeaholic)
[04Apr2025 19:48:47.582] [main/DEBUG] [mixin/]: MixinPlatformAgentMinecraftForge rejected container SecureJarResource(vapeaholic)
[04Apr2025 19:48:47.582] [main/DEBUG] [mixin/]: Instancing new MixinPlatformAgentDefault for SecureJarResource(vapeaholic)
[04Apr2025 19:48:47.582] [main/DEBUG] [mixin/]: MixinPlatformAgentDefault accepted container SecureJarResource(vapeaholic)
[04Apr2025 19:48:47.582] [main/DEBUG] [mixin/]: Processing prepare() for PlatformAgent[MixinPlatformAgentDefault:SecureJarResource(vapeaholic)]
[04Apr2025 19:48:47.583] [main/DEBUG] [mixin/]: Adding mixin platform agents for container SecureJarResource(betterdeserttemples)
[04Apr2025 19:48:47.583] [main/DEBUG] [mixin/]: Instancing new MixinPlatformAgentMinecraftForge for SecureJarResource(betterdeserttemples)
[04Apr2025 19:48:47.583] [main/DEBUG] [mixin/]: MixinPlatformAgentMinecraftForge rejected container SecureJarResource(betterdeserttemples)
[04Apr2025 19:48:47.583] [main/DEBUG] [mixin/]: Instancing new MixinPlatformAgentDefault for SecureJarResource(betterdeserttemples)
[04Apr2025 19:48:47.583] [main/DEBUG] [mixin/]: MixinPlatformAgentDefault accepted container SecureJarResource(betterdeserttemples)
[04Apr2025 19:48:47.583] [main/DEBUG] [mixin/]: Processing prepare() for PlatformAgent[MixinPlatformAgentDefault:SecureJarResource(betterdeserttemples)]
[04Apr2025 19:48:47.583] [main/DEBUG] [mixin/]: Registering mixin config: betterdeserttemples.mixins.json
[04Apr2025 19:48:47.584] [main/DEBUG] [mixin/]: Registering mixin config: betterdeserttemples_forge.mixins.json
[04Apr2025 19:48:47.586] [main/DEBUG] [mixin/]: Adding mixin platform agents for container SecureJarResource(iceandfire)
[04Apr2025 19:48:47.586] [main/DEBUG] [mixin/]: Instancing new MixinPlatformAgentMinecraftForge for SecureJarResource(iceandfire)
[04Apr2025 19:48:47.586] [main/DEBUG] [mixin/]: MixinPlatformAgentMinecraftForge rejected container SecureJarResource(iceandfire)
[04Apr2025 19:48:47.586] [main/DEBUG] [mixin/]: Instancing new MixinPlatformAgentDefault for SecureJarResource(iceandfire)
[04Apr2025 19:48:47.586] [main/DEBUG] [mixin/]: MixinPlatformAgentDefault accepted container SecureJarResource(iceandfire)
[04Apr2025 19:48:47.586] [main/DEBUG] [mixin/]: Processing prepare() for PlatformAgent[MixinPlatformAgentDefault:SecureJarResource(iceandfire)]
[04Apr2025 19:48:47.586] [main/DEBUG] [mixin/]: Registering mixin config: iceandfire.mixins.json
[04Apr2025 19:48:47.588] [main/DEBUG] [mixin/]: Adding mixin platform agents for container SecureJarResource(balm)
[04Apr2025 19:48:47.588] [main/DEBUG] [mixin/]: Instancing new MixinPlatformAgentMinecraftForge for SecureJarResource(balm)
[04Apr2025 19:48:47.588] [main/DEBUG] [mixin/]: MixinPlatformAgentMinecraftForge rejected container SecureJarResource(balm)
[04Apr2025 19:48:47.588] [main/DEBUG] [mixin/]: Instancing new MixinPlatformAgentDefault for SecureJarResource(balm)
[04Apr2025 19:48:47.588] [main/DEBUG] [mixin/]: MixinPlatformAgentDefault accepted container SecureJarResource(balm)
[04Apr2025 19:48:47.588] [main/DEBUG] [mixin/]: Processing prepare() for PlatformAgent[MixinPlatformAgentDefault:SecureJarResource(balm)]
[04Apr2025 19:48:47.588] [main/DEBUG] [mixin/]: Registering mixin config: balm.mixins.json
[04Apr2025 19:48:47.590] [main/DEBUG] [mixin/]: Adding mixin platform agents for container SecureJarResource(bosses_of_mass_destruction)
[04Apr2025 19:48:47.590] [main/DEBUG] [mixin/]: Instancing new MixinPlatformAgentMinecraftForge for SecureJarResource(bosses_of_mass_destruction)
[04Apr2025 19:48:47.590] [main/DEBUG] [mixin/]: MixinPlatformAgentMinecraftForge rejected container SecureJarResource(bosses_of_mass_destruction)
[04Apr2025 19:48:47.590] [main/DEBUG] [mixin/]: Instancing new MixinPlatformAgentDefault for SecureJarResource(bosses_of_mass_destruction)
[04Apr2025 19:48:47.590] [main/DEBUG] [mixin/]: MixinPlatformAgentDefault accepted container SecureJarResource(bosses_of_mass_destruction)
[04Apr2025 19:48:47.590] [main/DEBUG] [mixin/]: Processing prepare() for PlatformAgent[MixinPlatformAgentDefault:SecureJarResource(bosses_of_mass_destruction)]
[04Apr2025 19:48:47.590] [main/DEBUG] [mixin/]: Registering mixin config: mixins.bosses_of_mass_destruction.json
[04Apr2025 19:48:47.592] [main/DEBUG] [mixin/]: Adding mixin platform agents for container SecureJarResource(terralith)
[04Apr2025 19:48:47.592] [main/DEBUG] [mixin/]: Instancing new MixinPlatformAgentMinecraftForge for SecureJarResource(terralith)
[04Apr2025 19:48:47.592] [main/DEBUG] [mixin/]: MixinPlatformAgentMinecraftForge rejected container SecureJarResource(terralith)
[04Apr2025 19:48:47.592] [main/DEBUG] [mixin/]: Instancing new MixinPlatformAgentDefault for SecureJarResource(terralith)
[04Apr2025 19:48:47.592] [main/DEBUG] [mixin/]: MixinPlatformAgentDefault accepted container SecureJarResource(terralith)
[04Apr2025 19:48:47.592] [main/DEBUG] [mixin/]: Processing prepare() for PlatformAgent[MixinPlatformAgentDefault:SecureJarResource(terralith)]
[04Apr2025 19:48:47.592] [main/DEBUG] [mixin/]: Adding mixin platform agents for container SecureJarResource(blueprint)
[04Apr2025 19:48:47.592] [main/DEBUG] [mixin/]: Instancing new MixinPlatformAgentMinecraftForge for SecureJarResource(blueprint)
[04Apr2025 19:48:47.592] [main/DEBUG] [mixin/]: MixinPlatformAgentMinecraftForge rejected container SecureJarResource(blueprint)
[04Apr2025 19:48:47.592] [main/DEBUG] [mixin/]: Instancing new MixinPlatformAgentDefault for SecureJarResource(blueprint)
[04Apr2025 19:48:47.592] [main/DEBUG] [mixin/]: MixinPlatformAgentDefault accepted container SecureJarResource(blueprint)
[04Apr2025 19:48:47.592] [main/DEBUG] [mixin/]: Processing prepare() for PlatformAgent[MixinPlatformAgentDefault:SecureJarResource(blueprint)]
[04Apr2025 19:48:47.592] [main/DEBUG] [mixin/]: Registering mixin config: blueprint.mixins.json
[04Apr2025 19:48:47.597] [main/DEBUG] [mixin/]: Adding mixin platform agents for container SecureJarResource(puzzlesaccessapi)
[04Apr2025 19:48:47.597] [main/DEBUG] [mixin/]: Instancing new MixinPlatformAgentMinecraftForge for SecureJarResource(puzzlesaccessapi)
[04Apr2025 19:48:47.597] [main/DEBUG] [mixin/]: MixinPlatformAgentMinecraftForge rejected container SecureJarResource(puzzlesaccessapi)
[04Apr2025 19:48:47.597] [main/DEBUG] [mixin/]: Instancing new MixinPlatformAgentDefault for SecureJarResource(puzzlesaccessapi)
[04Apr2025 19:48:47.597] [main/DEBUG] [mixin/]: MixinPlatformAgentDefault accepted container SecureJarResource(puzzlesaccessapi)
[04Apr2025 19:48:47.597] [main/DEBUG] [mixin/]: Processing prepare() for PlatformAgent[MixinPlatformAgentDefault:SecureJarResource(puzzlesaccessapi)]
[04Apr2025 19:48:47.597] [main/DEBUG] [mixin/]: Registering mixin config: puzzlesaccessapi.common.mixins.json
[04Apr2025 19:48:47.600] [main/DEBUG] [mixin/]: Registering mixin config: puzzlesaccessapi.forge.mixins.json
[04Apr2025 19:48:47.602] [main/DEBUG] [mixin/]: Adding mixin platform agents for container SecureJarResource(betterfortresses)
[04Apr2025 19:48:47.602] [main/DEBUG] [mixin/]: Instancing new MixinPlatformAgentMinecraftForge for SecureJarResource(betterfortresses)
[04Apr2025 19:48:47.602] [main/DEBUG] [mixin/]: MixinPlatformAgentMinecraftForge rejected container SecureJarResource(betterfortresses)
[04Apr2025 19:48:47.602] [main/DEBUG] [mixin/]: Instancing new MixinPlatformAgentDefault for SecureJarResource(betterfortresses)
[04Apr2025 19:48:47.602] [main/DEBUG] [mixin/]: MixinPlatformAgentDefault accepted container SecureJarResource(betterfortresses)
[04Apr2025 19:48:47.602] [main/DEBUG] [mixin/]: Processing prepare() for PlatformAgent[MixinPlatformAgentDefault:SecureJarResource(betterfortresses)]
[04Apr2025 19:48:47.603] [main/DEBUG] [mixin/]: Registering mixin config: betterfortresses.mixins.json
[04Apr2025 19:48:47.604] [main/DEBUG] [mixin/]: Registering mixin config: betterfortresses_forge.mixins.json
[04Apr2025 19:48:47.606] [main/DEBUG] [mixin/]: Adding mixin platform agents for container SecureJarResource(dungeons_arise_seven_seas)
[04Apr2025 19:48:47.606] [main/DEBUG] [mixin/]: Instancing new MixinPlatformAgentMinecraftForge for SecureJarResource(dungeons_arise_seven_seas)
[04Apr2025 19:48:47.607] [main/DEBUG] [mixin/]: MixinPlatformAgentMinecraftForge rejected container SecureJarResource(dungeons_arise_seven_seas)
[04Apr2025 19:48:47.607] [main/DEBUG] [mixin/]: Instancing new MixinPlatformAgentDefault for SecureJarResource(dungeons_arise_seven_seas)
[04Apr2025 19:48:47.607] [main/DEBUG] [mixin/]: MixinPlatformAgentDefault accepted container SecureJarResource(dungeons_arise_seven_seas)
[04Apr2025 19:48:47.607] [main/DEBUG] [mixin/]: Processing prepare() for PlatformAgent[MixinPlatformAgentDefault:SecureJarResource(dungeons_arise_seven_seas)]
[04Apr2025 19:48:47.607] [main/DEBUG] [mixin/]: Adding mixin platform agents for container SecureJarResource(cloth_config)
[04Apr2025 19:48:47.607] [main/DEBUG] [mixin/]: Instancing new MixinPlatformAgentMinecraftForge for SecureJarResource(cloth_config)
[04Apr2025 19:48:47.607] [main/DEBUG] [mixin/]: MixinPlatformAgentMinecraftForge rejected container SecureJarResource(cloth_config)
[04Apr2025 19:48:47.607] [main/DEBUG] [mixin/]: Instancing new MixinPlatformAgentDefault for SecureJarResource(cloth_config)
[04Apr2025 19:48:47.607] [main/DEBUG] [mixin/]: MixinPlatformAgentDefault accepted container SecureJarResource(cloth_config)
[04Apr2025 19:48:47.607] [main/DEBUG] [mixin/]: Processing prepare() for PlatformAgent[MixinPlatformAgentDefault:SecureJarResource(cloth_config)]
[04Apr2025 19:48:47.607] [main/DEBUG] [mixin/]: Adding mixin platform agents for container SecureJarResource(forge)
[04Apr2025 19:48:47.608] [main/DEBUG] [mixin/]: Instancing new MixinPlatformAgentMinecraftForge for SecureJarResource(forge)
[04Apr2025 19:48:47.608] [main/DEBUG] [mixin/]: MixinPlatformAgentMinecraftForge rejected container SecureJarResource(forge)
[04Apr2025 19:48:47.608] [main/DEBUG] [mixin/]: Instancing new MixinPlatformAgentDefault for SecureJarResource(forge)
[04Apr2025 19:48:47.608] [main/DEBUG] [mixin/]: MixinPlatformAgentDefault accepted container SecureJarResource(forge)
[04Apr2025 19:48:47.608] [main/DEBUG] [mixin/]: Processing prepare() for PlatformAgent[MixinPlatformAgentDefault:SecureJarResource(forge)]
[04Apr2025 19:48:47.608] [main/DEBUG] [mixin/]: Adding mixin platform agents for container SecureJarResource(twilightforest)
[04Apr2025 19:48:47.608] [main/DEBUG] [mixin/]: Instancing new MixinPlatformAgentMinecraftForge for SecureJarResource(twilightforest)
[04Apr2025 19:48:47.608] [main/DEBUG] [mixin/]: MixinPlatformAgentMinecraftForge rejected container SecureJarResource(twilightforest)
[04Apr2025 19:48:47.608] [main/DEBUG] [mixin/]: Instancing new MixinPlatformAgentDefault for SecureJarResource(twilightforest)
[04Apr2025 19:48:47.608] [main/DEBUG] [mixin/]: MixinPlatformAgentDefault accepted container SecureJarResource(twilightforest)
[04Apr2025 19:48:47.608] [main/DEBUG] [mixin/]: Processing prepare() for PlatformAgent[MixinPlatformAgentDefault:SecureJarResource(twilightforest)]
[04Apr2025 19:48:47.608] [main/DEBUG] [mixin/]: Adding mixin platform agents for container SecureJarResource(konkrete)
[04Apr2025 19:48:47.608] [main/DEBUG] [mixin/]: Instancing new MixinPlatformAgentMinecraftForge for SecureJarResource(konkrete)
[04Apr2025 19:48:47.608] [main/DEBUG] [mixin/]: MixinPlatformAgentMinecraftForge rejected container SecureJarResource(konkrete)
[04Apr2025 19:48:47.608] [main/DEBUG] [mixin/]: Instancing new MixinPlatformAgentDefault for SecureJarResource(konkrete)
[04Apr2025 19:48:47.608] [main/DEBUG] [mixin/]: MixinPlatformAgentDefault accepted container SecureJarResource(konkrete)
[04Apr2025 19:48:47.608] [main/DEBUG] [mixin/]: Processing prepare() for PlatformAgent[MixinPlatformAgentDefault:SecureJarResource(konkrete)]
[04Apr2025 19:48:47.608] [main/DEBUG] [mixin/]: Registering mixin config: konkrete.mixin.json
[04Apr2025 19:48:47.610] [main/DEBUG] [mixin/]: Adding mixin platform agents for container SecureJarResource(embeddium)
[04Apr2025 19:48:47.610] [main/DEBUG] [mixin/]: Instancing new MixinPlatformAgentMinecraftForge for SecureJarResource(embeddium)
[04Apr2025 19:48:47.610] [main/DEBUG] [mixin/]: MixinPlatformAgentMinecraftForge rejected container SecureJarResource(embeddium)
[04Apr2025 19:48:47.610] [main/DEBUG] [mixin/]: Instancing new MixinPlatformAgentDefault for SecureJarResource(embeddium)
[04Apr2025 19:48:47.610] [main/DEBUG] [mixin/]: MixinPlatformAgentDefault accepted container SecureJarResource(embeddium)
[04Apr2025 19:48:47.610] [main/DEBUG] [mixin/]: Processing prepare() for PlatformAgent[MixinPlatformAgentDefault:SecureJarResource(embeddium)]
[04Apr2025 19:48:47.610] [main/DEBUG] [mixin/]: Registering mixin config: embeddium.mixins.json
[04Apr2025 19:48:47.612] [main/DEBUG] [mixin/]: Adding mixin platform agents for container SecureJarResource(athena)
[04Apr2025 19:48:47.612] [main/DEBUG] [mixin/]: Instancing new MixinPlatformAgentMinecraftForge for SecureJarResource(athena)
[04Apr2025 19:48:47.612] [main/DEBUG] [mixin/]: MixinPlatformAgentMinecraftForge rejected container SecureJarResource(athena)
[04Apr2025 19:48:47.612] [main/DEBUG] [mixin/]: Instancing new MixinPlatformAgentDefault for SecureJarResource(athena)
[04Apr2025 19:48:47.612] [main/DEBUG] [mixin/]: MixinPlatformAgentDefault accepted container SecureJarResource(athena)
[04Apr2025 19:48:47.612] [main/DEBUG] [mixin/]: Processing prepare() for PlatformAgent[MixinPlatformAgentDefault:SecureJarResource(athena)]
[04Apr2025 19:48:47.613] [main/DEBUG] [mixin/]: Registering mixin config: athena.mixins.json
[04Apr2025 19:48:47.614] [main/DEBUG] [mixin/]: Registering mixin config: athena-forge.mixins.json
[04Apr2025 19:48:47.616] [main/DEBUG] [mixin/]: Adding mixin platform agents for container SecureJarResource(structure_gel)
[04Apr2025 19:48:47.616] [main/DEBUG] [mixin/]: Instancing new MixinPlatformAgentMinecraftForge for SecureJarResource(structure_gel)
[04Apr2025 19:48:47.616] [main/DEBUG] [mixin/]: MixinPlatformAgentMinecraftForge rejected container SecureJarResource(structure_gel)
[04Apr2025 19:48:47.616] [main/DEBUG] [mixin/]: Instancing new MixinPlatformAgentDefault for SecureJarResource(structure_gel)
[04Apr2025 19:48:47.616] [main/DEBUG] [mixin/]: MixinPlatformAgentDefault accepted container SecureJarResource(structure_gel)
[04Apr2025 19:48:47.616] [main/DEBUG] [mixin/]: Processing prepare() for PlatformAgent[MixinPlatformAgentDefault:SecureJarResource(structure_gel)]
[04Apr2025 19:48:47.616] [main/DEBUG] [mixin/]: Registering mixin config: structure_gel.mixins.json
[04Apr2025 19:48:47.618] [main/DEBUG] [mixin/]: Adding mixin platform agents for container SecureJarResource(dungeons_arise)
[04Apr2025 19:48:47.618] [main/DEBUG] [mixin/]: Instancing new MixinPlatformAgentMinecraftForge for SecureJarResource(dungeons_arise)
[04Apr2025 19:48:47.618] [main/DEBUG] [mixin/]: MixinPlatformAgentMinecraftForge rejected container SecureJarResource(dungeons_arise)
[04Apr2025 19:48:47.618] [main/DEBUG] [mixin/]: Instancing new MixinPlatformAgentDefault for SecureJarResource(dungeons_arise)
[04Apr2025 19:48:47.618] [main/DEBUG] [mixin/]: MixinPlatformAgentDefault accepted container SecureJarResource(dungeons_arise)
[04Apr2025 19:48:47.618] [main/DEBUG] [mixin/]: Processing prepare() for PlatformAgent[MixinPlatformAgentDefault:SecureJarResource(dungeons_arise)]
[04Apr2025 19:48:47.618] [main/DEBUG] [mixin/]: Adding mixin platform agents for container SecureJarResource(tectonic)
[04Apr2025 19:48:47.618] [main/DEBUG] [mixin/]: Instancing new MixinPlatformAgentMinecraftForge for SecureJarResource(tectonic)
[04Apr2025 19:48:47.619] [main/DEBUG] [mixin/]: MixinPlatformAgentMinecraftForge rejected container SecureJarResource(tectonic)
[04Apr2025 19:48:47.619] [main/DEBUG] [mixin/]: Instancing new MixinPlatformAgentDefault for SecureJarResource(tectonic)
[04Apr2025 19:48:47.619] [main/DEBUG] [mixin/]: MixinPlatformAgentDefault accepted container SecureJarResource(tectonic)
[04Apr2025 19:48:47.619] [main/DEBUG] [mixin/]: Processing prepare() for PlatformAgent[MixinPlatformAgentDefault:SecureJarResource(tectonic)]
[04Apr2025 19:48:47.619] [main/DEBUG] [mixin/]: Registering mixin config: tectonic.mixins.json
[04Apr2025 19:48:47.620] [main/DEBUG] [mixin/]: Adding mixin platform agents for container SecureJarResource(minecraft)
[04Apr2025 19:48:47.620] [main/DEBUG] [mixin/]: Instancing new MixinPlatformAgentMinecraftForge for SecureJarResource(minecraft)
[04Apr2025 19:48:47.620] [main/DEBUG] [mixin/]: MixinPlatformAgentMinecraftForge rejected container SecureJarResource(minecraft)
[04Apr2025 19:48:47.620] [main/DEBUG] [mixin/]: Instancing new MixinPlatformAgentDefault for SecureJarResource(minecraft)
[04Apr2025 19:48:47.620] [main/DEBUG] [mixin/]: MixinPlatformAgentDefault accepted container SecureJarResource(minecraft)
[04Apr2025 19:48:47.621] [main/DEBUG] [mixin/]: Processing prepare() for PlatformAgent[MixinPlatformAgentDefault:SecureJarResource(minecraft)]
[04Apr2025 19:48:47.621] [main/DEBUG] [mixin/]: Adding mixin platform agents for container SecureJarResource(farmersdelight)
[04Apr2025 19:48:47.621] [main/DEBUG] [mixin/]: Instancing new MixinPlatformAgentMinecraftForge for SecureJarResource(farmersdelight)
[04Apr2025 19:48:47.621] [main/DEBUG] [mixin/]: MixinPlatformAgentMinecraftForge rejected container SecureJarResource(farmersdelight)
[04Apr2025 19:48:47.621] [main/DEBUG] [mixin/]: Instancing new MixinPlatformAgentDefault for SecureJarResource(farmersdelight)
[04Apr2025 19:48:47.621] [main/DEBUG] [mixin/]: MixinPlatformAgentDefault accepted container SecureJarResource(farmersdelight)
[04Apr2025 19:48:47.621] [main/DEBUG] [mixin/]: Processing prepare() for PlatformAgent[MixinPlatformAgentDefault:SecureJarResource(farmersdelight)]
[04Apr2025 19:48:47.621] [main/DEBUG] [mixin/]: Registering mixin config: farmersdelight.mixins.json
[04Apr2025 19:48:47.626] [main/DEBUG] [mixin/]: Adding mixin platform agents for container SecureJarResource(voicechat)
[04Apr2025 19:48:47.626] [main/DEBUG] [mixin/]: Instancing new MixinPlatformAgentMinecraftForge for SecureJarResource(voicechat)
[04Apr2025 19:48:47.626] [main/DEBUG] [mixin/]: MixinPlatformAgentMinecraftForge rejected container SecureJarResource(voicechat)
[04Apr2025 19:48:47.626] [main/DEBUG] [mixin/]: Instancing new MixinPlatformAgentDefault for SecureJarResource(voicechat)
[04Apr2025 19:48:47.626] [main/DEBUG] [mixin/]: MixinPlatformAgentDefault accepted container SecureJarResource(voicechat)
[04Apr2025 19:48:47.626] [main/DEBUG] [mixin/]: Processing prepare() for PlatformAgent[MixinPlatformAgentDefault:SecureJarResource(voicechat)]
[04Apr2025 19:48:47.626] [main/DEBUG] [mixin/]: Adding mixin platform agents for container SecureJarResource(terrablender)
[04Apr2025 19:48:47.627] [main/DEBUG] [mixin/]: Instancing new MixinPlatformAgentMinecraftForge for SecureJarResource(terrablender)
[04Apr2025 19:48:47.627] [main/DEBUG] [mixin/]: MixinPlatformAgentMinecraftForge rejected container SecureJarResource(terrablender)
[04Apr2025 19:48:47.627] [main/DEBUG] [mixin/]: Instancing new MixinPlatformAgentDefault for SecureJarResource(terrablender)
[04Apr2025 19:48:47.627] [main/DEBUG] [mixin/]: MixinPlatformAgentDefault accepted container SecureJarResource(terrablender)
[04Apr2025 19:48:47.627] [main/DEBUG] [mixin/]: Processing prepare() for PlatformAgent[MixinPlatformAgentDefault:SecureJarResource(terrablender)]
[04Apr2025 19:48:47.627] [main/DEBUG] [mixin/]: Registering mixin config: terrablender.mixins.json
[04Apr2025 19:48:47.628] [main/DEBUG] [mixin/]: Registering mixin config: terrablender_forge.mixins.json
[04Apr2025 19:48:47.630] [main/DEBUG] [mixin/]: Adding mixin platform agents for container SecureJarResource(bettercombat)
[04Apr2025 19:48:47.630] [main/DEBUG] [mixin/]: Instancing new MixinPlatformAgentMinecraftForge for SecureJarResource(bettercombat)
[04Apr2025 19:48:47.630] [main/DEBUG] [mixin/]: MixinPlatformAgentMinecraftForge rejected container SecureJarResource(bettercombat)
[04Apr2025 19:48:47.630] [main/DEBUG] [mixin/]: Instancing new MixinPlatformAgentDefault for SecureJarResource(bettercombat)
[04Apr2025 19:48:47.631] [main/DEBUG] [mixin/]: MixinPlatformAgentDefault accepted container SecureJarResource(bettercombat)
[04Apr2025 19:48:47.631] [main/DEBUG] [mixin/]: Processing prepare() for PlatformAgent[MixinPlatformAgentDefault:SecureJarResource(bettercombat)]
[04Apr2025 19:48:47.631] [main/DEBUG] [mixin/]: Registering mixin config: bettercombat.mixins.json
[04Apr2025 19:48:47.634] [main/DEBUG] [mixin/]: Adding mixin platform agents for container SecureJarResource(regions_unexplored)
[04Apr2025 19:48:47.634] [main/DEBUG] [mixin/]: Instancing new MixinPlatformAgentMinecraftForge for SecureJarResource(regions_unexplored)
[04Apr2025 19:48:47.634] [main/DEBUG] [mixin/]: MixinPlatformAgentMinecraftForge rejected container SecureJarResource(regions_unexplored)
[04Apr2025 19:48:47.634] [main/DEBUG] [mixin/]: Instancing new MixinPlatformAgentDefault for SecureJarResource(regions_unexplored)
[04Apr2025 19:48:47.634] [main/DEBUG] [mixin/]: MixinPlatformAgentDefault accepted container SecureJarResource(regions_unexplored)
[04Apr2025 19:48:47.634] [main/DEBUG] [mixin/]: Processing prepare() for PlatformAgent[MixinPlatformAgentDefault:SecureJarResource(regions_unexplored)]
[04Apr2025 19:48:47.634] [main/DEBUG] [mixin/]: Registering mixin config: ru.mixin.json
[04Apr2025 19:48:47.638] [main/DEBUG] [mixin/]: Adding mixin platform agents for container SecureJarResource(morebows)
[04Apr2025 19:48:47.638] [main/DEBUG] [mixin/]: Instancing new MixinPlatformAgentMinecraftForge for SecureJarResource(morebows)
[04Apr2025 19:48:47.638] [main/DEBUG] [mixin/]: MixinPlatformAgentMinecraftForge rejected container SecureJarResource(morebows)
[04Apr2025 19:48:47.638] [main/DEBUG] [mixin/]: Instancing new MixinPlatformAgentDefault for SecureJarResource(morebows)
[04Apr2025 19:48:47.638] [main/DEBUG] [mixin/]: MixinPlatformAgentDefault accepted container SecureJarResource(morebows)
[04Apr2025 19:48:47.638] [main/DEBUG] [mixin/]: Processing prepare() for PlatformAgent[MixinPlatformAgentDefault:SecureJarResource(morebows)]
[04Apr2025 19:48:47.638] [main/DEBUG] [mixin/]: Adding mixin platform agents for container SecureJarResource(mr_dungeons_andtavernsstrongholdrework)
[04Apr2025 19:48:47.638] [main/DEBUG] [mixin/]: Instancing new MixinPlatformAgentMinecraftForge for SecureJarResource(mr_dungeons_andtavernsstrongholdrework)
[04Apr2025 19:48:47.638] [main/DEBUG] [mixin/]: MixinPlatformAgentMinecraftForge rejected container SecureJarResource(mr_dungeons_andtavernsstrongholdrework)
[04Apr2025 19:48:47.638] [main/DEBUG] [mixin/]: Instancing new MixinPlatformAgentDefault for SecureJarResource(mr_dungeons_andtavernsstrongholdrework)
[04Apr2025 19:48:47.638] [main/DEBUG] [mixin/]: MixinPlatformAgentDefault accepted container SecureJarResource(mr_dungeons_andtavernsstrongholdrework)
[04Apr2025 19:48:47.638] [main/DEBUG] [mixin/]: Processing prepare() for PlatformAgent[MixinPlatformAgentDefault:SecureJarResource(mr_dungeons_andtavernsstrongholdrework)]
[04Apr2025 19:48:47.639] [main/DEBUG] [mixin/]: Adding mixin platform agents for container SecureJarResource(chunky)
[04Apr2025 19:48:47.639] [main/DEBUG] [mixin/]: Instancing new MixinPlatformAgentMinecraftForge for SecureJarResource(chunky)
[04Apr2025 19:48:47.639] [main/DEBUG] [mixin/]: MixinPlatformAgentMinecraftForge rejected container SecureJarResource(chunky)
[04Apr2025 19:48:47.639] [main/DEBUG] [mixin/]: Instancing new MixinPlatformAgentDefault for SecureJarResource(chunky)
[04Apr2025 19:48:47.639] [main/DEBUG] [mixin/]: MixinPlatformAgentDefault accepted container SecureJarResource(chunky)
[04Apr2025 19:48:47.639] [main/DEBUG] [mixin/]: Processing prepare() for PlatformAgent[MixinPlatformAgentDefault:SecureJarResource(chunky)]
[04Apr2025 19:48:47.639] [main/DEBUG] [mixin/]: Adding mixin platform agents for container SecureJarResource(spectrelib)
[04Apr2025 19:48:47.639] [main/DEBUG] [mixin/]: Instancing new MixinPlatformAgentMinecraftForge for SecureJarResource(spectrelib)
[04Apr2025 19:48:47.639] [main/DEBUG] [mixin/]: MixinPlatformAgentMinecraftForge rejected container SecureJarResource(spectrelib)
[04Apr2025 19:48:47.639] [main/DEBUG] [mixin/]: Instancing new MixinPlatformAgentDefault for SecureJarResource(spectrelib)
[04Apr2025 19:48:47.639] [main/DEBUG] [mixin/]: MixinPlatformAgentDefault accepted container SecureJarResource(spectrelib)
[04Apr2025 19:48:47.639] [main/DEBUG] [mixin/]: Processing prepare() for PlatformAgent[MixinPlatformAgentDefault:SecureJarResource(spectrelib)]
[04Apr2025 19:48:47.639] [main/DEBUG] [mixin/]: Adding mixin platform agents for container SecureJarResource(yungsbridges)
[04Apr2025 19:48:47.639] [main/DEBUG] [mixin/]: Instancing new MixinPlatformAgentMinecraftForge for SecureJarResource(yungsbridges)
[04Apr2025 19:48:47.639] [main/DEBUG] [mixin/]: MixinPlatformAgentMinecraftForge rejected container SecureJarResource(yungsbridges)
[04Apr2025 19:48:47.639] [main/DEBUG] [mixin/]: Instancing new MixinPlatformAgentDefault for SecureJarResource(yungsbridges)
[04Apr2025 19:48:47.639] [main/DEBUG] [mixin/]: MixinPlatformAgentDefault accepted container SecureJarResource(yungsbridges)
[04Apr2025 19:48:47.639] [main/DEBUG] [mixin/]: Processing prepare() for PlatformAgent[MixinPlatformAgentDefault:SecureJarResource(yungsbridges)]
[04Apr2025 19:48:47.639] [main/DEBUG] [mixin/]: Registering mixin config: yungsbridges.mixins.json
[04Apr2025 19:48:47.643] [main/DEBUG] [mixin/]: Registering mixin config: yungsbridges_forge.mixins.json
[04Apr2025 19:48:47.647] [main/DEBUG] [mixin/]: Adding mixin platform agents for container SecureJarResource(hangglider)
[04Apr2025 19:48:47.647] [main/DEBUG] [mixin/]: Instancing new MixinPlatformAgentMinecraftForge for SecureJarResource(hangglider)
[04Apr2025 19:48:47.647] [main/DEBUG] [mixin/]: MixinPlatformAgentMinecraftForge rejected container SecureJarResource(hangglider)
[04Apr2025 19:48:47.647] [main/DEBUG] [mixin/]: Instancing new MixinPlatformAgentDefault for SecureJarResource(hangglider)
[04Apr2025 19:48:47.647] [main/DEBUG] [mixin/]: MixinPlatformAgentDefault accepted container SecureJarResource(hangglider)
[04Apr2025 19:48:47.647] [main/DEBUG] [mixin/]: Processing prepare() for PlatformAgent[MixinPlatformAgentDefault:SecureJarResource(hangglider)]
[04Apr2025 19:48:47.647] [main/DEBUG] [mixin/]: Registering mixin config: hangglider.common.mixins.json
[04Apr2025 19:48:47.649] [main/DEBUG] [mixin/]: Adding mixin platform agents for container SecureJarResource(aeroblender)
[04Apr2025 19:48:47.649] [main/DEBUG] [mixin/]: Instancing new MixinPlatformAgentMinecraftForge for SecureJarResource(aeroblender)
[04Apr2025 19:48:47.649] [main/DEBUG] [mixin/]: MixinPlatformAgentMinecraftForge rejected container SecureJarResource(aeroblender)
[04Apr2025 19:48:47.649] [main/DEBUG] [mixin/]: Instancing new MixinPlatformAgentDefault for SecureJarResource(aeroblender)
[04Apr2025 19:48:47.649] [main/DEBUG] [mixin/]: MixinPlatformAgentDefault accepted container SecureJarResource(aeroblender)
[04Apr2025 19:48:47.649] [main/DEBUG] [mixin/]: Processing prepare() for PlatformAgent[MixinPlatformAgentDefault:SecureJarResource(aeroblender)]
[04Apr2025 19:48:47.649] [main/DEBUG] [mixin/]: Registering mixin config: aeroblender.mixins.json
[04Apr2025 19:48:47.651] [main/DEBUG] [mixin/]: Adding mixin platform agents for container SecureJarResource(wthit)
[04Apr2025 19:48:47.651] [main/DEBUG] [mixin/]: Instancing new MixinPlatformAgentMinecraftForge for SecureJarResource(wthit)
[04Apr2025 19:48:47.651] [main/DEBUG] [mixin/]: MixinPlatformAgentMinecraftForge rejected container SecureJarResource(wthit)
[04Apr2025 19:48:47.651] [main/DEBUG] [mixin/]: Instancing new MixinPlatformAgentDefault for SecureJarResource(wthit)
[04Apr2025 19:48:47.651] [main/DEBUG] [mixin/]: MixinPlatformAgentDefault accepted container SecureJarResource(wthit)
[04Apr2025 19:48:47.651] [main/DEBUG] [mixin/]: Processing prepare() for PlatformAgent[MixinPlatformAgentDefault:SecureJarResource(wthit)]
[04Apr2025 19:48:47.651] [main/DEBUG] [mixin/]: Registering mixin config: wthit.mixins.json
[04Apr2025 19:48:47.653] [main/DEBUG] [mixin/]: Compatibility level JAVA_16 specified by wthit.mixins.json is higher than the maximum level supported by this version of mixin (JAVA_13).
[04Apr2025 19:48:47.653] [main/DEBUG] [mixin/]: Adding mixin platform agents for container SecureJarResource(curios)
[04Apr2025 19:48:47.653] [main/DEBUG] [mixin/]: Instancing new MixinPlatformAgentMinecraftForge for SecureJarResource(curios)
[04Apr2025 19:48:47.653] [main/DEBUG] [mixin/]: MixinPlatformAgentMinecraftForge rejected container SecureJarResource(curios)
[04Apr2025 19:48:47.653] [main/DEBUG] [mixin/]: Instancing new MixinPlatformAgentDefault for SecureJarResource(curios)
[04Apr2025 19:48:47.653] [main/DEBUG] [mixin/]: MixinPlatformAgentDefault accepted container SecureJarResource(curios)
[04Apr2025 19:48:47.653] [main/DEBUG] [mixin/]: Processing prepare() for PlatformAgent[MixinPlatformAgentDefault:SecureJarResource(curios)]
[04Apr2025 19:48:47.653] [main/DEBUG] [mixin/]: Registering mixin config: curios.mixins.json
[04Apr2025 19:48:47.654] [main/DEBUG] [mixin/]: Adding mixin platform agents for container SecureJarResource(patchouli)
[04Apr2025 19:48:47.654] [main/DEBUG] [mixin/]: Instancing new MixinPlatformAgentMinecraftForge for SecureJarResource(patchouli)
[04Apr2025 19:48:47.654] [main/DEBUG] [mixin/]: MixinPlatformAgentMinecraftForge rejected container SecureJarResource(patchouli)
[04Apr2025 19:48:47.654] [main/DEBUG] [mixin/]: Instancing new MixinPlatformAgentDefault for SecureJarResource(patchouli)
[04Apr2025 19:48:47.654] [main/DEBUG] [mixin/]: MixinPlatformAgentDefault accepted container SecureJarResource(patchouli)
[04Apr2025 19:48:47.654] [main/DEBUG] [mixin/]: Processing prepare() for PlatformAgent[MixinPlatformAgentDefault:SecureJarResource(patchouli)]
[04Apr2025 19:48:47.654] [main/DEBUG] [mixin/]: Registering mixin config: patchouli_xplat.mixins.json
[04Apr2025 19:48:47.655] [main/DEBUG] [mixin/]: Adding mixin platform agents for container SecureJarResource(xaerominimap)
[04Apr2025 19:48:47.656] [main/DEBUG] [mixin/]: Instancing new MixinPlatformAgentMinecraftForge for SecureJarResource(xaerominimap)
[04Apr2025 19:48:47.656] [main/DEBUG] [mixin/]: MixinPlatformAgentMinecraftForge rejected container SecureJarResource(xaerominimap)
[04Apr2025 19:48:47.656] [main/DEBUG] [mixin/]: Instancing new MixinPlatformAgentDefault for SecureJarResource(xaerominimap)
[04Apr2025 19:48:47.656] [main/DEBUG] [mixin/]: MixinPlatformAgentDefault accepted container SecureJarResource(xaerominimap)
[04Apr2025 19:48:47.656] [main/DEBUG] [mixin/]: Processing prepare() for PlatformAgent[MixinPlatformAgentDefault:SecureJarResource(xaerominimap)]
[04Apr2025 19:48:47.656] [main/DEBUG] [mixin/]: Adding mixin platform agents for container SecureJarResource(cerbons_api)
[04Apr2025 19:48:47.656] [main/DEBUG] [mixin/]: Instancing new MixinPlatformAgentMinecraftForge for SecureJarResource(cerbons_api)
[04Apr2025 19:48:47.656] [main/DEBUG] [mixin/]: MixinPlatformAgentMinecraftForge rejected container SecureJarResource(cerbons_api)
[04Apr2025 19:48:47.656] [main/DEBUG] [mixin/]: Instancing new MixinPlatformAgentDefault for SecureJarResource(cerbons_api)
[04Apr2025 19:48:47.656] [main/DEBUG] [mixin/]: MixinPlatformAgentDefault accepted container SecureJarResource(cerbons_api)
[04Apr2025 19:48:47.656] [main/DEBUG] [mixin/]: Processing prepare() for PlatformAgent[MixinPlatformAgentDefault:SecureJarResource(cerbons_api)]
[04Apr2025 19:48:47.656] [main/DEBUG] [mixin/]: Registering mixin config: cerbons_api.mixins.json
[04Apr2025 19:48:47.657] [main/DEBUG] [mixin/]: Registering mixin config: cerbons_api-common.mixins.json
[04Apr2025 19:48:47.658] [main/DEBUG] [mixin/]: Adding mixin platform agents for container SecureJarResource(nullscape)
[04Apr2025 19:48:47.658] [main/DEBUG] [mixin/]: Instancing new MixinPlatformAgentMinecraftForge for SecureJarResource(nullscape)
[04Apr2025 19:48:47.658] [main/DEBUG] [mixin/]: MixinPlatformAgentMinecraftForge rejected container SecureJarResource(nullscape)
[04Apr2025 19:48:47.658] [main/DEBUG] [mixin/]: Instancing new MixinPlatformAgentDefault for SecureJarResource(nullscape)
[04Apr2025 19:48:47.658] [main/DEBUG] [mixin/]: MixinPlatformAgentDefault accepted container SecureJarResource(nullscape)
[04Apr2025 19:48:47.658] [main/DEBUG] [mixin/]: Processing prepare() for PlatformAgent[MixinPlatformAgentDefault:SecureJarResource(nullscape)]
[04Apr2025 19:48:47.658] [main/DEBUG] [mixin/]: Adding mixin platform agents for container SecureJarResource(yungsextras)
[04Apr2025 19:48:47.658] [main/DEBUG] [mixin/]: Instancing new MixinPlatformAgentMinecraftForge for SecureJarResource(yungsextras)
[04Apr2025 19:48:47.658] [main/DEBUG] [mixin/]: MixinPlatformAgentMinecraftForge rejected container SecureJarResource(yungsextras)
[04Apr2025 19:48:47.658] [main/DEBUG] [mixin/]: Instancing new MixinPlatformAgentDefault for SecureJarResource(yungsextras)
[04Apr2025 19:48:47.658] [main/DEBUG] [mixin/]: MixinPlatformAgentDefault accepted container SecureJarResource(yungsextras)
[04Apr2025 19:48:47.658] [main/DEBUG] [mixin/]: Processing prepare() for PlatformAgent[MixinPlatformAgentDefault:SecureJarResource(yungsextras)]
[04Apr2025 19:48:47.658] [main/DEBUG] [mixin/]: Registering mixin config: yungsextras.mixins.json
[04Apr2025 19:48:47.660] [main/DEBUG] [mixin/]: Registering mixin config: yungsextras_forge.mixins.json
[04Apr2025 19:48:47.661] [main/DEBUG] [mixin/]: Adding mixin platform agents for container SecureJarResource(mr_dungeons_andtaverns)
[04Apr2025 19:48:47.661] [main/DEBUG] [mixin/]: Instancing new MixinPlatformAgentMinecraftForge for SecureJarResource(mr_dungeons_andtaverns)
[04Apr2025 19:48:47.661] [main/DEBUG] [mixin/]: MixinPlatformAgentMinecraftForge rejected container SecureJarResource(mr_dungeons_andtaverns)
[04Apr2025 19:48:47.661] [main/DEBUG] [mixin/]: Instancing new MixinPlatformAgentDefault for SecureJarResource(mr_dungeons_andtaverns)
[04Apr2025 19:48:47.661] [main/DEBUG] [mixin/]: MixinPlatformAgentDefault accepted container SecureJarResource(mr_dungeons_andtaverns)
[04Apr2025 19:48:47.661] [main/DEBUG] [mixin/]: Processing prepare() for PlatformAgent[MixinPlatformAgentDefault:SecureJarResource(mr_dungeons_andtaverns)]
[04Apr2025 19:48:47.661] [main/DEBUG] [mixin/]: Adding mixin platform agents for container SecureJarResource(entityculling)
[04Apr2025 19:48:47.661] [main/DEBUG] [mixin/]: Instancing new MixinPlatformAgentMinecraftForge for SecureJarResource(entityculling)
[04Apr2025 19:48:47.661] [main/DEBUG] [mixin/]: MixinPlatformAgentMinecraftForge rejected container SecureJarResource(entityculling)
[04Apr2025 19:48:47.661] [main/DEBUG] [mixin/]: Instancing new MixinPlatformAgentDefault for SecureJarResource(entityculling)
[04Apr2025 19:48:47.661] [main/DEBUG] [mixin/]: MixinPlatformAgentDefault accepted container SecureJarResource(entityculling)
[04Apr2025 19:48:47.661] [main/DEBUG] [mixin/]: Processing prepare() for PlatformAgent[MixinPlatformAgentDefault:SecureJarResource(entityculling)]
[04Apr2025 19:48:47.661] [main/DEBUG] [mixin/]: Registering mixin config: entityculling.mixins.json
[04Apr2025 19:48:47.663] [main/DEBUG] [mixin/]: Compatibility level JAVA_16 specified by entityculling.mixins.json is higher than the maximum level supported by this version of mixin (JAVA_13).
[04Apr2025 19:48:47.663] [main/DEBUG] [mixin/]: Adding mixin platform agents for container SecureJarResource(betterstrongholds)
[04Apr2025 19:48:47.663] [main/DEBUG] [mixin/]: Instancing new MixinPlatformAgentMinecraftForge for SecureJarResource(betterstrongholds)
[04Apr2025 19:48:47.663] [main/DEBUG] [mixin/]: MixinPlatformAgentMinecraftForge rejected container SecureJarResource(betterstrongholds)
[04Apr2025 19:48:47.663] [main/DEBUG] [mixin/]: Instancing new MixinPlatformAgentDefault for SecureJarResource(betterstrongholds)
[04Apr2025 19:48:47.663] [main/DEBUG] [mixin/]: MixinPlatformAgentDefault accepted container SecureJarResource(betterstrongholds)
[04Apr2025 19:48:47.663] [main/DEBUG] [mixin/]: Processing prepare() for PlatformAgent[MixinPlatformAgentDefault:SecureJarResource(betterstrongholds)]
[04Apr2025 19:48:47.663] [main/DEBUG] [mixin/]: Registering mixin config: betterstrongholds.mixins.json
[04Apr2025 19:48:47.664] [main/DEBUG] [mixin/]: Registering mixin config: betterstrongholds_forge.mixins.json
[04Apr2025 19:48:47.666] [main/DEBUG] [mixin/]: Adding mixin platform agents for container SecureJarResource(tombstone)
[04Apr2025 19:48:47.666] [main/DEBUG] [mixin/]: Instancing new MixinPlatformAgentMinecraftForge for SecureJarResource(tombstone)
[04Apr2025 19:48:47.666] [main/DEBUG] [mixin/]: MixinPlatformAgentMinecraftForge rejected container SecureJarResource(tombstone)
[04Apr2025 19:48:47.666] [main/DEBUG] [mixin/]: Instancing new MixinPlatformAgentDefault for SecureJarResource(tombstone)
[04Apr2025 19:48:47.666] [main/DEBUG] [mixin/]: MixinPlatformAgentDefault accepted container SecureJarResource(tombstone)
[04Apr2025 19:48:47.666] [main/DEBUG] [mixin/]: Processing prepare() for PlatformAgent[MixinPlatformAgentDefault:SecureJarResource(tombstone)]
[04Apr2025 19:48:47.666] [main/DEBUG] [mixin/]: Registering mixin config: tombstone.mixins.json
[04Apr2025 19:48:47.667] [main/DEBUG] [mixin/]: Adding mixin platform agents for container SecureJarResource(cumulus_menus)
[04Apr2025 19:48:47.667] [main/DEBUG] [mixin/]: Instancing new MixinPlatformAgentMinecraftForge for SecureJarResource(cumulus_menus)
[04Apr2025 19:48:47.667] [main/DEBUG] [mixin/]: MixinPlatformAgentMinecraftForge rejected container SecureJarResource(cumulus_menus)
[04Apr2025 19:48:47.667] [main/DEBUG] [mixin/]: Instancing new MixinPlatformAgentDefault for SecureJarResource(cumulus_menus)
[04Apr2025 19:48:47.667] [main/DEBUG] [mixin/]: MixinPlatformAgentDefault accepted container SecureJarResource(cumulus_menus)
[04Apr2025 19:48:47.667] [main/DEBUG] [mixin/]: Processing prepare() for PlatformAgent[MixinPlatformAgentDefault:SecureJarResource(cumulus_menus)]
[04Apr2025 19:48:47.667] [main/DEBUG] [mixin/]: Registering mixin config: cumulus_menus.mixins.json
[04Apr2025 19:48:47.669] [main/DEBUG] [mixin/]: Adding mixin platform agents for container SecureJarResource(deeperdarker)
[04Apr2025 19:48:47.669] [main/DEBUG] [mixin/]: Instancing new MixinPlatformAgentMinecraftForge for SecureJarResource(deeperdarker)
[04Apr2025 19:48:47.669] [main/DEBUG] [mixin/]: MixinPlatformAgentMinecraftForge rejected container SecureJarResource(deeperdarker)
[04Apr2025 19:48:47.669] [main/DEBUG] [mixin/]: Instancing new MixinPlatformAgentDefault for SecureJarResource(deeperdarker)
[04Apr2025 19:48:47.669] [main/DEBUG] [mixin/]: MixinPlatformAgentDefault accepted container SecureJarResource(deeperdarker)
[04Apr2025 19:48:47.669] [main/DEBUG] [mixin/]: Processing prepare() for PlatformAgent[MixinPlatformAgentDefault:SecureJarResource(deeperdarker)]
[04Apr2025 19:48:47.669] [main/DEBUG] [mixin/]: Registering mixin config: mixins.deeperdarker.json
[04Apr2025 19:48:47.670] [main/DEBUG] [mixin/]: Adding mixin platform agents for container SecureJarResource(architectury)
[04Apr2025 19:48:47.670] [main/DEBUG] [mixin/]: Instancing new MixinPlatformAgentMinecraftForge for SecureJarResource(architectury)
[04Apr2025 19:48:47.670] [main/DEBUG] [mixin/]: MixinPlatformAgentMinecraftForge rejected container SecureJarResource(architectury)
[04Apr2025 19:48:47.670] [main/DEBUG] [mixin/]: Instancing new MixinPlatformAgentDefault for SecureJarResource(architectury)
[04Apr2025 19:48:47.670] [main/DEBUG] [mixin/]: MixinPlatformAgentDefault accepted container SecureJarResource(architectury)
[04Apr2025 19:48:47.671] [main/DEBUG] [mixin/]: Processing prepare() for PlatformAgent[MixinPlatformAgentDefault:SecureJarResource(architectury)]
[04Apr2025 19:48:47.671] [main/DEBUG] [mixin/]: Registering mixin config: architectury.mixins.json
[04Apr2025 19:48:47.672] [main/DEBUG] [mixin/]: Compatibility level JAVA_16 specified by architectury.mixins.json is higher than the maximum level supported by this version of mixin (JAVA_13).
[04Apr2025 19:48:47.673] [main/DEBUG] [mixin/]: Registering mixin config: architectury-common.mixins.json
[04Apr2025 19:48:47.674] [main/DEBUG] [mixin/]: Compatibility level JAVA_16 specified by architectury-common.mixins.json is higher than the maximum level supported by this version of mixin (JAVA_13).
[04Apr2025 19:48:47.674] [main/DEBUG] [mixin/]: Adding mixin platform agents for container SecureJarResource(simplyswords)
[04Apr2025 19:48:47.674] [main/DEBUG] [mixin/]: Instancing new MixinPlatformAgentMinecraftForge for SecureJarResource(simplyswords)
[04Apr2025 19:48:47.674] [main/DEBUG] [mixin/]: MixinPlatformAgentMinecraftForge rejected container SecureJarResource(simplyswords)
[04Apr2025 19:48:47.674] [main/DEBUG] [mixin/]: Instancing new MixinPlatformAgentDefault for SecureJarResource(simplyswords)
[04Apr2025 19:48:47.674] [main/DEBUG] [mixin/]: MixinPlatformAgentDefault accepted container SecureJarResource(simplyswords)
[04Apr2025 19:48:47.674] [main/DEBUG] [mixin/]: Processing prepare() for PlatformAgent[MixinPlatformAgentDefault:SecureJarResource(simplyswords)]
[04Apr2025 19:48:47.675] [main/DEBUG] [mixin/]: Registering mixin config: simplyswords-common.mixins.json
[04Apr2025 19:48:47.676] [main/DEBUG] [mixin/]: Registering mixin config: simplyswords.mixins.json
[04Apr2025 19:48:47.680] [main/DEBUG] [mixin/]: Adding mixin platform agents for container SecureJarResource(appleskin)
[04Apr2025 19:48:47.680] [main/DEBUG] [mixin/]: Instancing new MixinPlatformAgentMinecraftForge for SecureJarResource(appleskin)
[04Apr2025 19:48:47.680] [main/DEBUG] [mixin/]: MixinPlatformAgentMinecraftForge rejected container SecureJarResource(appleskin)
[04Apr2025 19:48:47.680] [main/DEBUG] [mixin/]: Instancing new MixinPlatformAgentDefault for SecureJarResource(appleskin)
[04Apr2025 19:48:47.680] [main/DEBUG] [mixin/]: MixinPlatformAgentDefault accepted container SecureJarResource(appleskin)
[04Apr2025 19:48:47.680] [main/DEBUG] [mixin/]: Processing prepare() for PlatformAgent[MixinPlatformAgentDefault:SecureJarResource(appleskin)]
[04Apr2025 19:48:47.680] [main/DEBUG] [mixin/]: Adding mixin platform agents for container SecureJarResource(ferritecore)
[04Apr2025 19:48:47.680] [main/DEBUG] [mixin/]: Instancing new MixinPlatformAgentMinecraftForge for SecureJarResource(ferritecore)
[04Apr2025 19:48:47.680] [main/DEBUG] [mixin/]: MixinPlatformAgentMinecraftForge rejected container SecureJarResource(ferritecore)
[04Apr2025 19:48:47.680] [main/DEBUG] [mixin/]: Instancing new MixinPlatformAgentDefault for SecureJarResource(ferritecore)
[04Apr2025 19:48:47.680] [main/DEBUG] [mixin/]: MixinPlatformAgentDefault accepted container SecureJarResource(ferritecore)
[04Apr2025 19:48:47.680] [main/DEBUG] [mixin/]: Processing prepare() for PlatformAgent[MixinPlatformAgentDefault:SecureJarResource(ferritecore)]
[04Apr2025 19:48:47.680] [main/DEBUG] [mixin/]: Registering mixin config: ferritecore.predicates.mixin.json
[04Apr2025 19:48:47.683] [main/DEBUG] [mixin/]: Registering mixin config: ferritecore.fastmap.mixin.json
[04Apr2025 19:48:47.685] [main/DEBUG] [mixin/]: Registering mixin config: ferritecore.mrl.mixin.json
[04Apr2025 19:48:47.686] [main/DEBUG] [mixin/]: Registering mixin config: ferritecore.dedupmultipart.mixin.json
[04Apr2025 19:48:47.689] [main/DEBUG] [mixin/]: Registering mixin config: ferritecore.blockstatecache.mixin.json
[04Apr2025 19:48:47.690] [main/DEBUG] [mixin/]: Registering mixin config: ferritecore.dedupbakedquad.mixin.json
[04Apr2025 19:48:47.692] [main/DEBUG] [mixin/]: Registering mixin config: ferritecore.threaddetec.mixin.json
[04Apr2025 19:48:47.694] [main/DEBUG] [mixin/]: Registering mixin config: ferritecore.modelsides.mixin.json
[04Apr2025 19:48:47.695] [main/DEBUG] [mixin/]: Adding mixin platform agents for container SecureJarResource(betterendisland)
[04Apr2025 19:48:47.696] [main/DEBUG] [mixin/]: Instancing new MixinPlatformAgentMinecraftForge for SecureJarResource(betterendisland)
[04Apr2025 19:48:47.696] [main/DEBUG] [mixin/]: MixinPlatformAgentMinecraftForge rejected container SecureJarResource(betterendisland)
[04Apr2025 19:48:47.696] [main/DEBUG] [mixin/]: Instancing new MixinPlatformAgentDefault for SecureJarResource(betterendisland)
[04Apr2025 19:48:47.696] [main/DEBUG] [mixin/]: MixinPlatformAgentDefault accepted container SecureJarResource(betterendisland)
[04Apr2025 19:48:47.696] [main/DEBUG] [mixin/]: Processing prepare() for PlatformAgent[MixinPlatformAgentDefault:SecureJarResource(betterendisland)]
[04Apr2025 19:48:47.696] [main/DEBUG] [mixin/]: Registering mixin config: betterendisland.mixins.json
[04Apr2025 19:48:47.697] [main/DEBUG] [mixin/]: Registering mixin config: betterendisland_forge.mixins.json
[04Apr2025 19:48:47.699] [main/DEBUG] [mixin/]: Adding mixin platform agents for container SecureJarResource(puzzleslib)
[04Apr2025 19:48:47.699] [main/DEBUG] [mixin/]: Instancing new MixinPlatformAgentMinecraftForge for SecureJarResource(puzzleslib)
[04Apr2025 19:48:47.699] [main/DEBUG] [mixin/]: MixinPlatformAgentMinecraftForge rejected container SecureJarResource(puzzleslib)
[04Apr2025 19:48:47.699] [main/DEBUG] [mixin/]: Instancing new MixinPlatformAgentDefault for SecureJarResource(puzzleslib)
[04Apr2025 19:48:47.699] [main/DEBUG] [mixin/]: MixinPlatformAgentDefault accepted container SecureJarResource(puzzleslib)
[04Apr2025 19:48:47.699] [main/DEBUG] [mixin/]: Processing prepare() for PlatformAgent[MixinPlatformAgentDefault:SecureJarResource(puzzleslib)]
[04Apr2025 19:48:47.699] [main/DEBUG] [mixin/]: Registering mixin config: puzzleslib.common.mixins.json
[04Apr2025 19:48:47.700] [main/DEBUG] [mixin/]: Registering mixin config: puzzleslib.forge.mixins.json
[04Apr2025 19:48:47.702] [main/DEBUG] [mixin/]: Adding mixin platform agents for container SecureJarResource(dynamic_fps)
[04Apr2025 19:48:47.702] [main/DEBUG] [mixin/]: Instancing new MixinPlatformAgentMinecraftForge for SecureJarResource(dynamic_fps)
[04Apr2025 19:48:47.702] [main/DEBUG] [mixin/]: MixinPlatformAgentMinecraftForge rejected container SecureJarResource(dynamic_fps)
[04Apr2025 19:48:47.702] [main/DEBUG] [mixin/]: Instancing new MixinPlatformAgentDefault for SecureJarResource(dynamic_fps)
[04Apr2025 19:48:47.702] [main/DEBUG] [mixin/]: MixinPlatformAgentDefault accepted container SecureJarResource(dynamic_fps)
[04Apr2025 19:48:47.703] [main/DEBUG] [mixin/]: Processing prepare() for PlatformAgent[MixinPlatformAgentDefault:SecureJarResource(dynamic_fps)]
[04Apr2025 19:48:47.703] [main/DEBUG] [mixin/]: Registering mixin config: dynamic_fps.mixins.json
[04Apr2025 19:48:47.705] [main/DEBUG] [mixin/]: Registering mixin config: dynamic_fps-common.mixins.json
[04Apr2025 19:48:47.707] [main/DEBUG] [mixin/]: Adding mixin platform agents for container SecureJarResource(undergarden)
[04Apr2025 19:48:47.707] [main/DEBUG] [mixin/]: Instancing new MixinPlatformAgentMinecraftForge for SecureJarResource(undergarden)
[04Apr2025 19:48:47.707] [main/DEBUG] [mixin/]: MixinPlatformAgentMinecraftForge rejected container SecureJarResource(undergarden)
[04Apr2025 19:48:47.707] [main/DEBUG] [mixin/]: Instancing new MixinPlatformAgentDefault for SecureJarResource(undergarden)
[04Apr2025 19:48:47.707] [main/DEBUG] [mixin/]: MixinPlatformAgentDefault accepted container SecureJarResource(undergarden)
[04Apr2025 19:48:47.707] [main/DEBUG] [mixin/]: Processing prepare() for PlatformAgent[MixinPlatformAgentDefault:SecureJarResource(undergarden)]
[04Apr2025 19:48:47.707] [main/DEBUG] [mixin/]: Registering mixin config: undergarden.mixins.json
[04Apr2025 19:48:47.709] [main/DEBUG] [mixin/]: Adding mixin platform agents for container SecureJarResource(monolib)
[04Apr2025 19:48:47.709] [main/DEBUG] [mixin/]: Instancing new MixinPlatformAgentMinecraftForge for SecureJarResource(monolib)
[04Apr2025 19:48:47.709] [main/DEBUG] [mixin/]: MixinPlatformAgentMinecraftForge rejected container SecureJarResource(monolib)
[04Apr2025 19:48:47.709] [main/DEBUG] [mixin/]: Instancing new MixinPlatformAgentDefault for SecureJarResource(monolib)
[04Apr2025 19:48:47.709] [main/DEBUG] [mixin/]: MixinPlatformAgentDefault accepted container SecureJarResource(monolib)
[04Apr2025 19:48:47.709] [main/DEBUG] [mixin/]: Processing prepare() for PlatformAgent[MixinPlatformAgentDefault:SecureJarResource(monolib)]
[04Apr2025 19:48:47.710] [main/DEBUG] [mixin/]: Registering mixin config: monolib.mixins.json
[04Apr2025 19:48:47.711] [main/DEBUG] [mixin/]: Registering mixin config: monolib.forge.mixins.json
[04Apr2025 19:48:47.713] [main/DEBUG] [mixin/]: Adding mixin platform agents for container SecureJarResource(more_bows_and_arrows)
[04Apr2025 19:48:47.713] [main/DEBUG] [mixin/]: Instancing new MixinPlatformAgentMinecraftForge for SecureJarResource(more_bows_and_arrows)
[04Apr2025 19:48:47.713] [main/DEBUG] [mixin/]: MixinPlatformAgentMinecraftForge rejected container SecureJarResource(more_bows_and_arrows)
[04Apr2025 19:48:47.713] [main/DEBUG] [mixin/]: Instancing new MixinPlatformAgentDefault for SecureJarResource(more_bows_and_arrows)
[04Apr2025 19:48:47.713] [main/DEBUG] [mixin/]: MixinPlatformAgentDefault accepted container SecureJarResource(more_bows_and_arrows)
[04Apr2025 19:48:47.713] [main/DEBUG] [mixin/]: Processing prepare() for PlatformAgent[MixinPlatformAgentDefault:SecureJarResource(more_bows_and_arrows)]
[04Apr2025 19:48:47.713] [main/DEBUG] [mixin/]: Registering mixin config: forge-more_bows_and_arrows.forge.mixins.json
[04Apr2025 19:48:47.714] [main/DEBUG] [mixin/]: Adding mixin platform agents for container SecureJarResource(justzoom)
[04Apr2025 19:48:47.714] [main/DEBUG] [mixin/]: Instancing new MixinPlatformAgentMinecraftForge for SecureJarResource(justzoom)
[04Apr2025 19:48:47.714] [main/DEBUG] [mixin/]: MixinPlatformAgentMinecraftForge rejected container SecureJarResource(justzoom)
[04Apr2025 19:48:47.714] [main/DEBUG] [mixin/]: Instancing new MixinPlatformAgentDefault for SecureJarResource(justzoom)
[04Apr2025 19:48:47.714] [main/DEBUG] [mixin/]: MixinPlatformAgentDefault accepted container SecureJarResource(justzoom)
[04Apr2025 19:48:47.715] [main/DEBUG] [mixin/]: Processing prepare() for PlatformAgent[MixinPlatformAgentDefault:SecureJarResource(justzoom)]
[04Apr2025 19:48:47.715] [main/DEBUG] [mixin/]: Registering mixin config: justzoom.mixins.json
[04Apr2025 19:48:47.716] [main/DEBUG] [mixin/]: Registering mixin config: justzoom.forge.mixins.json
[04Apr2025 19:48:47.717] [main/DEBUG] [mixin/]: Adding mixin platform agents for container SecureJarResource(nitrogen_internals)
[04Apr2025 19:48:47.718] [main/DEBUG] [mixin/]: Instancing new MixinPlatformAgentMinecraftForge for SecureJarResource(nitrogen_internals)
[04Apr2025 19:48:47.718] [main/DEBUG] [mixin/]: MixinPlatformAgentMinecraftForge rejected container SecureJarResource(nitrogen_internals)
[04Apr2025 19:48:47.718] [main/DEBUG] [mixin/]: Instancing new MixinPlatformAgentDefault for SecureJarResource(nitrogen_internals)
[04Apr2025 19:48:47.718] [main/DEBUG] [mixin/]: MixinPlatformAgentDefault accepted container SecureJarResource(nitrogen_internals)
[04Apr2025 19:48:47.718] [main/DEBUG] [mixin/]: Processing prepare() for PlatformAgent[MixinPlatformAgentDefault:SecureJarResource(nitrogen_internals)]
[04Apr2025 19:48:47.718] [main/DEBUG] [mixin/]: Registering mixin config: nitrogen_internals.mixins.json
[04Apr2025 19:48:47.719] [main/DEBUG] [mixin/]: Adding mixin platform agents for container SecureJarResource(the_bumblezone)
[04Apr2025 19:48:47.719] [main/DEBUG] [mixin/]: Instancing new MixinPlatformAgentMinecraftForge for SecureJarResource(the_bumblezone)
[04Apr2025 19:48:47.719] [main/DEBUG] [mixin/]: MixinPlatformAgentMinecraftForge rejected container SecureJarResource(the_bumblezone)
[04Apr2025 19:48:47.719] [main/DEBUG] [mixin/]: Instancing new MixinPlatformAgentDefault for SecureJarResource(the_bumblezone)
[04Apr2025 19:48:47.719] [main/DEBUG] [mixin/]: MixinPlatformAgentDefault accepted container SecureJarResource(the_bumblezone)
[04Apr2025 19:48:47.720] [main/DEBUG] [mixin/]: Processing prepare() for PlatformAgent[MixinPlatformAgentDefault:SecureJarResource(the_bumblezone)]
[04Apr2025 19:48:47.720] [main/DEBUG] [mixin/]: Registering mixin config: the_bumblezone-common.mixins.json
[04Apr2025 19:48:47.721] [main/DEBUG] [mixin/]: Registering mixin config: the_bumblezone-forge.mixins.json
[04Apr2025 19:48:47.723] [main/DEBUG] [mixin/]: Adding mixin platform agents for container SecureJarResource(toms_storage)
[04Apr2025 19:48:47.723] [main/DEBUG] [mixin/]: Instancing new MixinPlatformAgentMinecraftForge for SecureJarResource(toms_storage)
[04Apr2025 19:48:47.723] [main/DEBUG] [mixin/]: MixinPlatformAgentMinecraftForge rejected container SecureJarResource(toms_storage)
[04Apr2025 19:48:47.723] [main/DEBUG] [mixin/]: Instancing new MixinPlatformAgentDefault for SecureJarResource(toms_storage)
[04Apr2025 19:48:47.723] [main/DEBUG] [mixin/]: MixinPlatformAgentDefault accepted container SecureJarResource(toms_storage)
[04Apr2025 19:48:47.723] [main/DEBUG] [mixin/]: Processing prepare() for PlatformAgent[MixinPlatformAgentDefault:SecureJarResource(toms_storage)]
[04Apr2025 19:48:47.723] [main/DEBUG] [mixin/]: Adding mixin platform agents for container SecureJarResource(deep_aether)
[04Apr2025 19:48:47.723] [main/DEBUG] [mixin/]: Instancing new MixinPlatformAgentMinecraftForge for SecureJarResource(deep_aether)
[04Apr2025 19:48:47.723] [main/DEBUG] [mixin/]: MixinPlatformAgentMinecraftForge rejected container SecureJarResource(deep_aether)
[04Apr2025 19:48:47.723] [main/DEBUG] [mixin/]: Instancing new MixinPlatformAgentDefault for SecureJarResource(deep_aether)
[04Apr2025 19:48:47.723] [main/DEBUG] [mixin/]: MixinPlatformAgentDefault accepted container SecureJarResource(deep_aether)
[04Apr2025 19:48:47.723] [main/DEBUG] [mixin/]: Processing prepare() for PlatformAgent[MixinPlatformAgentDefault:SecureJarResource(deep_aether)]
[04Apr2025 19:48:47.724] [main/DEBUG] [mixin/]: Registering mixin config: deep_aether.mixins.json
[04Apr2025 19:48:47.726] [main/DEBUG] [mixin/]: Adding mixin platform agents for container SecureJarResource(bettermineshafts)
[04Apr2025 19:48:47.726] [main/DEBUG] [mixin/]: Instancing new MixinPlatformAgentMinecraftForge for SecureJarResource(bettermineshafts)
[04Apr2025 19:48:47.726] [main/DEBUG] [mixin/]: MixinPlatformAgentMinecraftForge rejected container SecureJarResource(bettermineshafts)
[04Apr2025 19:48:47.726] [main/DEBUG] [mixin/]: Instancing new MixinPlatformAgentDefault for SecureJarResource(bettermineshafts)
[04Apr2025 19:48:47.726] [main/DEBUG] [mixin/]: MixinPlatformAgentDefault accepted container SecureJarResource(bettermineshafts)
[04Apr2025 19:48:47.726] [main/DEBUG] [mixin/]: Processing prepare() for PlatformAgent[MixinPlatformAgentDefault:SecureJarResource(bettermineshafts)]
[04Apr2025 19:48:47.726] [main/DEBUG] [mixin/]: Registering mixin config: bettermineshafts.mixins.json
[04Apr2025 19:48:47.727] [main/DEBUG] [mixin/]: Registering mixin config: bettermineshafts_forge.mixins.json
[04Apr2025 19:48:47.730] [main/DEBUG] [mixin/]: Adding mixin platform agents for container SecureJarResource(betterjungletemples)
[04Apr2025 19:48:47.731] [main/DEBUG] [mixin/]: Instancing new MixinPlatformAgentMinecraftForge for SecureJarResource(betterjungletemples)
[04Apr2025 19:48:47.731] [main/DEBUG] [mixin/]: MixinPlatformAgentMinecraftForge rejected container SecureJarResource(betterjungletemples)
[04Apr2025 19:48:47.731] [main/DEBUG] [mixin/]: Instancing new MixinPlatformAgentDefault for SecureJarResource(betterjungletemples)
[04Apr2025 19:48:47.731] [main/DEBUG] [mixin/]: MixinPlatformAgentDefault accepted container SecureJarResource(betterjungletemples)
[04Apr2025 19:48:47.731] [main/DEBUG] [mixin/]: Processing prepare() for PlatformAgent[MixinPlatformAgentDefault:SecureJarResource(betterjungletemples)]
[04Apr2025 19:48:47.731] [main/DEBUG] [mixin/]: Registering mixin config: betterjungletemples.mixins.json
[04Apr2025 19:48:47.733] [main/DEBUG] [mixin/]: Registering mixin config: betterjungletemples_forge.mixins.json
[04Apr2025 19:48:47.735] [main/DEBUG] [mixin/]: Adding mixin platform agents for container SecureJarResource(trimmable_tools)
[04Apr2025 19:48:47.735] [main/DEBUG] [mixin/]: Instancing new MixinPlatformAgentMinecraftForge for SecureJarResource(trimmable_tools)
[04Apr2025 19:48:47.735] [main/DEBUG] [mixin/]: MixinPlatformAgentMinecraftForge rejected container SecureJarResource(trimmable_tools)
[04Apr2025 19:48:47.735] [main/DEBUG] [mixin/]: Instancing new MixinPlatformAgentDefault for SecureJarResource(trimmable_tools)
[04Apr2025 19:48:47.735] [main/DEBUG] [mixin/]: MixinPlatformAgentDefault accepted container SecureJarResource(trimmable_tools)
[04Apr2025 19:48:47.735] [main/DEBUG] [mixin/]: Processing prepare() for PlatformAgent[MixinPlatformAgentDefault:SecureJarResource(trimmable_tools)]
[04Apr2025 19:48:47.735] [main/DEBUG] [mixin/]: Registering mixin config: trimmable_tools.mixins.json
[04Apr2025 19:48:47.736] [main/DEBUG] [mixin/]: Adding mixin platform agents for container SecureJarResource(betteradvancements)
[04Apr2025 19:48:47.737] [main/DEBUG] [mixin/]: Instancing new MixinPlatformAgentMinecraftForge for SecureJarResource(betteradvancements)
[04Apr2025 19:48:47.737] [main/DEBUG] [mixin/]: MixinPlatformAgentMinecraftForge rejected container SecureJarResource(betteradvancements)
[04Apr2025 19:48:47.737] [main/DEBUG] [mixin/]: Instancing new MixinPlatformAgentDefault for SecureJarResource(betteradvancements)
[04Apr2025 19:48:47.737] [main/DEBUG] [mixin/]: MixinPlatformAgentDefault accepted container SecureJarResource(betteradvancements)
[04Apr2025 19:48:47.737] [main/DEBUG] [mixin/]: Processing prepare() for PlatformAgent[MixinPlatformAgentDefault:SecureJarResource(betteradvancements)]
[04Apr2025 19:48:47.737] [main/DEBUG] [mixin/]: Adding mixin platform agents for container SecureJarResource(mclib)
[04Apr2025 19:48:47.737] [main/DEBUG] [mixin/]: Instancing new MixinPlatformAgentMinecraftForge for SecureJarResource(mclib)
[04Apr2025 19:48:47.737] [main/DEBUG] [mixin/]: MixinPlatformAgentMinecraftForge rejected container SecureJarResource(mclib)
[04Apr2025 19:48:47.737] [main/DEBUG] [mixin/]: Instancing new MixinPlatformAgentDefault for SecureJarResource(mclib)
[04Apr2025 19:48:47.737] [main/DEBUG] [mixin/]: MixinPlatformAgentDefault accepted container SecureJarResource(mclib)
[04Apr2025 19:48:47.737] [main/DEBUG] [mixin/]: Processing prepare() for PlatformAgent[MixinPlatformAgentDefault:SecureJarResource(mclib)]
[04Apr2025 19:48:47.737] [main/DEBUG] [mixin/]: Adding mixin platform agents for container SecureJarResource(battery)
[04Apr2025 19:48:47.737] [main/DEBUG] [mixin/]: Instancing new MixinPlatformAgentMinecraftForge for SecureJarResource(battery)
[04Apr2025 19:48:47.737] [main/DEBUG] [mixin/]: MixinPlatformAgentMinecraftForge rejected container SecureJarResource(battery)
[04Apr2025 19:48:47.737] [main/DEBUG] [mixin/]: Instancing new MixinPlatformAgentDefault for SecureJarResource(battery)
[04Apr2025 19:48:47.737] [main/DEBUG] [mixin/]: MixinPlatformAgentDefault accepted container SecureJarResource(battery)
[04Apr2025 19:48:47.737] [main/DEBUG] [mixin/]: Processing prepare() for PlatformAgent[MixinPlatformAgentDefault:SecureJarResource(battery)]
[04Apr2025 19:48:47.737] [main/DEBUG] [mixin/]: Adding mixin platform agents for container SecureJarResource(MixinExtras)
[04Apr2025 19:48:47.737] [main/DEBUG] [mixin/]: Instancing new MixinPlatformAgentMinecraftForge for SecureJarResource(MixinExtras)
[04Apr2025 19:48:47.737] [main/DEBUG] [mixin/]: MixinPlatformAgentMinecraftForge rejected container SecureJarResource(MixinExtras)
[04Apr2025 19:48:47.737] [main/DEBUG] [mixin/]: Instancing new MixinPlatformAgentDefault for SecureJarResource(MixinExtras)
[04Apr2025 19:48:47.737] [main/DEBUG] [mixin/]: MixinPlatformAgentDefault accepted container SecureJarResource(MixinExtras)
[04Apr2025 19:48:47.737] [main/DEBUG] [mixin/]: Processing prepare() for PlatformAgent[MixinPlatformAgentDefault:SecureJarResource(MixinExtras)]
[04Apr2025 19:48:47.738] [main/DEBUG] [mixin/]: inject() running with 93 agents
[04Apr2025 19:48:47.738] [main/DEBUG] [mixin/]: Processing inject() for PlatformAgent[MixinPlatformAgentDefault:ModLauncher Root Container(ModLauncher:4f56a0a2)]
[04Apr2025 19:48:47.738] [main/DEBUG] [mixin/]: Processing inject() for PlatformAgent[MixinPlatformAgentDefault:SecureJarResource(betterdungeons)]
[04Apr2025 19:48:47.738] [main/DEBUG] [mixin/]: Processing inject() for PlatformAgent[MixinPlatformAgentDefault:SecureJarResource(notenoughcrashes)]
[04Apr2025 19:48:47.738] [main/DEBUG] [mixin/]: Processing inject() for PlatformAgent[MixinPlatformAgentDefault:SecureJarResource(kuma_api)]
[04Apr2025 19:48:47.738] [main/DEBUG] [mixin/]: Processing inject() for PlatformAgent[MixinPlatformAgentDefault:SecureJarResource(blue_skies)]
[04Apr2025 19:48:47.738] [main/DEBUG] [mixin/]: Processing inject() for PlatformAgent[MixinPlatformAgentDefault:SecureJarResource(betterwitchhuts)]
[04Apr2025 19:48:47.738] [main/DEBUG] [mixin/]: Processing inject() for PlatformAgent[MixinPlatformAgentDefault:SecureJarResource(geckolib)]
[04Apr2025 19:48:47.738] [main/DEBUG] [mixin/]: Processing inject() for PlatformAgent[MixinPlatformAgentDefault:SecureJarResource(playeranimator)]
[04Apr2025 19:48:47.738] [main/DEBUG] [mixin/]: Processing inject() for PlatformAgent[MixinPlatformAgentDefault:SecureJarResource(aether)]
[04Apr2025 19:48:47.738] [main/DEBUG] [mixin/]: Processing inject() for PlatformAgent[MixinPlatformAgentDefault:SecureJarResource(jei)]
[04Apr2025 19:48:47.738] [main/DEBUG] [mixin/]: Processing inject() for PlatformAgent[MixinPlatformAgentDefault:SecureJarResource(betteroceanmonuments)]
[04Apr2025 19:48:47.738] [main/DEBUG] [mixin/]: Processing inject() for PlatformAgent[MixinPlatformAgentDefault:SecureJarResource(incendium)]
[04Apr2025 19:48:47.738] [main/DEBUG] [mixin/]: Processing inject() for PlatformAgent[MixinPlatformAgentDefault:SecureJarResource(sophisticatedcore)]
[04Apr2025 19:48:47.738] [main/DEBUG] [mixin/]: Processing inject() for PlatformAgent[MixinPlatformAgentDefault:SecureJarResource(geckoanimfix)]
[04Apr2025 19:48:47.738] [main/DEBUG] [mixin/]: Processing inject() for PlatformAgent[MixinPlatformAgentDefault:SecureJarResource(mod_whitelist)]
[04Apr2025 19:48:47.738] [main/DEBUG] [mixin/]: Processing inject() for PlatformAgent[MixinPlatformAgentDefault:SecureJarResource(waystones)]
[04Apr2025 19:48:47.738] [main/DEBUG] [mixin/]: Processing inject() for PlatformAgent[MixinPlatformAgentDefault:SecureJarResource(outstanding_ores)]
[04Apr2025 19:48:47.738] [main/DEBUG] [mixin/]: Processing inject() for PlatformAgent[MixinPlatformAgentDefault:SecureJarResource(xaeroworldmap)]
[04Apr2025 19:48:47.738] [main/DEBUG] [mixin/]: Processing inject() for PlatformAgent[MixinPlatformAgentDefault:SecureJarResource(yungscavebiomes)]
[04Apr2025 19:48:47.739] [main/DEBUG] [mixin/]: Processing inject() for PlatformAgent[MixinPlatformAgentDefault:SecureJarResource(comforts)]
[04Apr2025 19:48:47.739] [main/DEBUG] [mixin/]: Processing inject() for PlatformAgent[MixinPlatformAgentDefault:SecureJarResource(citadel)]
[04Apr2025 19:48:47.739] [main/DEBUG] [mixin/]: Processing inject() for PlatformAgent[MixinPlatformAgentDefault:SecureJarResource(badpackets)]
[04Apr2025 19:48:47.739] [main/DEBUG] [mixin/]: Processing inject() for PlatformAgent[MixinPlatformAgentDefault:SecureJarResource(yungsapi)]
[04Apr2025 19:48:47.739] [main/DEBUG] [mixin/]: Processing inject() for PlatformAgent[MixinPlatformAgentDefault:SecureJarResource(mixinextras)]
[04Apr2025 19:48:47.739] [main/DEBUG] [mixin/]: Processing inject() for PlatformAgent[MixinPlatformAgentDefault:SecureJarResource(mobcaptains)]
[04Apr2025 19:48:47.739] [main/DEBUG] [mixin/]: Processing inject() for PlatformAgent[MixinPlatformAgentDefault:SecureJarResource(sophisticatedbackpacks)]
[04Apr2025 19:48:47.739] [main/DEBUG] [mixin/]: Processing inject() for PlatformAgent[MixinPlatformAgentDefault:SecureJarResource(vapeaholic)]
[04Apr2025 19:48:47.739] [main/DEBUG] [mixin/]: Processing inject() for PlatformAgent[MixinPlatformAgentDefault:SecureJarResource(betterdeserttemples)]
[04Apr2025 19:48:47.739] [main/DEBUG] [mixin/]: Processing inject() for PlatformAgent[MixinPlatformAgentDefault:SecureJarResource(iceandfire)]
[04Apr2025 19:48:47.739] [main/DEBUG] [mixin/]: Processing inject() for PlatformAgent[MixinPlatformAgentDefault:SecureJarResource(balm)]
[04Apr2025 19:48:47.739] [main/DEBUG] [mixin/]: Processing inject() for PlatformAgent[MixinPlatformAgentDefault:SecureJarResource(bosses_of_mass_destruction)]
[04Apr2025 19:48:47.739] [main/DEBUG] [mixin/]: Processing inject() for PlatformAgent[MixinPlatformAgentDefault:SecureJarResource(terralith)]
[04Apr2025 19:48:47.739] [main/DEBUG] [mixin/]: Processing inject() for PlatformAgent[MixinPlatformAgentDefault:SecureJarResource(blueprint)]
[04Apr2025 19:48:47.739] [main/DEBUG] [mixin/]: Processing inject() for PlatformAgent[MixinPlatformAgentDefault:SecureJarResource(puzzlesaccessapi)]
[04Apr2025 19:48:47.739] [main/DEBUG] [mixin/]: Processing inject() for PlatformAgent[MixinPlatformAgentDefault:SecureJarResource(betterfortresses)]
[04Apr2025 19:48:47.739] [main/DEBUG] [mixin/]: Processing inject() for PlatformAgent[MixinPlatformAgentDefault:SecureJarResource(dungeons_arise_seven_seas)]
[04Apr2025 19:48:47.739] [main/DEBUG] [mixin/]: Processing inject() for PlatformAgent[MixinPlatformAgentDefault:SecureJarResource(cloth_config)]
[04Apr2025 19:48:47.739] [main/DEBUG] [mixin/]: Processing inject() for PlatformAgent[MixinPlatformAgentDefault:SecureJarResource(forge)]
[04Apr2025 19:48:47.739] [main/DEBUG] [mixin/]: Processing inject() for PlatformAgent[MixinPlatformAgentDefault:SecureJarResource(twilightforest)]
[04Apr2025 19:48:47.739] [main/DEBUG] [mixin/]: Processing inject() for PlatformAgent[MixinPlatformAgentDefault:SecureJarResource(konkrete)]
[04Apr2025 19:48:47.739] [main/DEBUG] [mixin/]: Processing inject() for PlatformAgent[MixinPlatformAgentDefault:SecureJarResource(embeddium)]
[04Apr2025 19:48:47.740] [main/DEBUG] [mixin/]: Processing inject() for PlatformAgent[MixinPlatformAgentDefault:SecureJarResource(athena)]
[04Apr2025 19:48:47.740] [main/DEBUG] [mixin/]: Processing inject() for PlatformAgent[MixinPlatformAgentDefault:SecureJarResource(structure_gel)]
[04Apr2025 19:48:47.740] [main/DEBUG] [mixin/]: Processing inject() for PlatformAgent[MixinPlatformAgentDefault:SecureJarResource(dungeons_arise)]
[04Apr2025 19:48:47.740] [main/DEBUG] [mixin/]: Processing inject() for PlatformAgent[MixinPlatformAgentDefault:SecureJarResource(tectonic)]
[04Apr2025 19:48:47.740] [main/DEBUG] [mixin/]: Processing inject() for PlatformAgent[MixinPlatformAgentDefault:SecureJarResource(minecraft)]
[04Apr2025 19:48:47.740] [main/DEBUG] [mixin/]: Processing inject() for PlatformAgent[MixinPlatformAgentDefault:SecureJarResource(farmersdelight)]
[04Apr2025 19:48:47.740] [main/DEBUG] [mixin/]: Processing inject() for PlatformAgent[MixinPlatformAgentDefault:SecureJarResource(voicechat)]
[04Apr2025 19:48:47.740] [main/DEBUG] [mixin/]: Processing inject() for PlatformAgent[MixinPlatformAgentDefault:SecureJarResource(terrablender)]
[04Apr2025 19:48:47.740] [main/DEBUG] [mixin/]: Processing inject() for PlatformAgent[MixinPlatformAgentDefault:SecureJarResource(bettercombat)]
[04Apr2025 19:48:47.740] [main/DEBUG] [mixin/]: Processing inject() for PlatformAgent[MixinPlatformAgentDefault:SecureJarResource(regions_unexplored)]
[04Apr2025 19:48:47.740] [main/DEBUG] [mixin/]: Processing inject() for PlatformAgent[MixinPlatformAgentDefault:SecureJarResource(morebows)]
[04Apr2025 19:48:47.740] [main/DEBUG] [mixin/]: Processing inject() for PlatformAgent[MixinPlatformAgentDefault:SecureJarResource(mr_dungeons_andtavernsstrongholdrework)]
[04Apr2025 19:48:47.740] [main/DEBUG] [mixin/]: Processing inject() for PlatformAgent[MixinPlatformAgentDefault:SecureJarResource(chunky)]
[04Apr2025 19:48:47.740] [main/DEBUG] [mixin/]: Processing inject() for PlatformAgent[MixinPlatformAgentDefault:SecureJarResource(spectrelib)]
[04Apr2025 19:48:47.740] [main/DEBUG] [mixin/]: Processing inject() for PlatformAgent[MixinPlatformAgentDefault:SecureJarResource(yungsbridges)]
[04Apr2025 19:48:47.740] [main/DEBUG] [mixin/]: Processing inject() for PlatformAgent[MixinPlatformAgentDefault:SecureJarResource(hangglider)]
[04Apr2025 19:48:47.740] [main/DEBUG] [mixin/]: Processing inject() for PlatformAgent[MixinPlatformAgentDefault:SecureJarResource(aeroblender)]
[04Apr2025 19:48:47.740] [main/DEBUG] [mixin/]: Processing inject() for PlatformAgent[MixinPlatformAgentDefault:SecureJarResource(wthit)]
[04Apr2025 19:48:47.740] [main/DEBUG] [mixin/]: Processing inject() for PlatformAgent[MixinPlatformAgentDefault:SecureJarResource(curios)]
[04Apr2025 19:48:47.740] [main/DEBUG] [mixin/]: Processing inject() for PlatformAgent[MixinPlatformAgentDefault:SecureJarResource(patchouli)]
[04Apr2025 19:48:47.740] [main/DEBUG] [mixin/]: Processing inject() for PlatformAgent[MixinPlatformAgentDefault:SecureJarResource(xaerominimap)]
[04Apr2025 19:48:47.740] [main/DEBUG] [mixin/]: Processing inject() for PlatformAgent[MixinPlatformAgentDefault:SecureJarResource(cerbons_api)]
[04Apr2025 19:48:47.740] [main/DEBUG] [mixin/]: Processing inject() for PlatformAgent[MixinPlatformAgentDefault:SecureJarResource(nullscape)]
[04Apr2025 19:48:47.740] [main/DEBUG] [mixin/]: Processing inject() for PlatformAgent[MixinPlatformAgentDefault:SecureJarResource(yungsextras)]
[04Apr2025 19:48:47.740] [main/DEBUG] [mixin/]: Processing inject() for PlatformAgent[MixinPlatformAgentDefault:SecureJarResource(mr_dungeons_andtaverns)]
[04Apr2025 19:48:47.740] [main/DEBUG] [mixin/]: Processing inject() for PlatformAgent[MixinPlatformAgentDefault:SecureJarResource(entityculling)]
[04Apr2025 19:48:47.740] [main/DEBUG] [mixin/]: Processing inject() for PlatformAgent[MixinPlatformAgentDefault:SecureJarResource(betterstrongholds)]
[04Apr2025 19:48:47.740] [main/DEBUG] [mixin/]: Processing inject() for PlatformAgent[MixinPlatformAgentDefault:SecureJarResource(tombstone)]
[04Apr2025 19:48:47.741] [main/DEBUG] [mixin/]: Processing inject() for PlatformAgent[MixinPlatformAgentDefault:SecureJarResource(cumulus_menus)]
[04Apr2025 19:48:47.741] [main/DEBUG] [mixin/]: Processing inject() for PlatformAgent[MixinPlatformAgentDefault:SecureJarResource(deeperdarker)]
[04Apr2025 19:48:47.741] [main/DEBUG] [mixin/]: Processing inject() for PlatformAgent[MixinPlatformAgentDefault:SecureJarResource(architectury)]
[04Apr2025 19:48:47.741] [main/DEBUG] [mixin/]: Processing inject() for PlatformAgent[MixinPlatformAgentDefault:SecureJarResource(simplyswords)]
[04Apr2025 19:48:47.741] [main/DEBUG] [mixin/]: Processing inject() for PlatformAgent[MixinPlatformAgentDefault:SecureJarResource(appleskin)]
[04Apr2025 19:48:47.741] [main/DEBUG] [mixin/]: Processing inject() for PlatformAgent[MixinPlatformAgentDefault:SecureJarResource(ferritecore)]
[04Apr2025 19:48:47.741] [main/DEBUG] [mixin/]: Processing inject() for PlatformAgent[MixinPlatformAgentDefault:SecureJarResource(betterendisland)]
[04Apr2025 19:48:47.741] [main/DEBUG] [mixin/]: Processing inject() for PlatformAgent[MixinPlatformAgentDefault:SecureJarResource(puzzleslib)]
[04Apr2025 19:48:47.741] [main/DEBUG] [mixin/]: Processing inject() for PlatformAgent[MixinPlatformAgentDefault:SecureJarResource(dynamic_fps)]
[04Apr2025 19:48:47.741] [main/DEBUG] [mixin/]: Processing inject() for PlatformAgent[MixinPlatformAgentDefault:SecureJarResource(undergarden)]
[04Apr2025 19:48:47.741] [main/DEBUG] [mixin/]: Processing inject() for PlatformAgent[MixinPlatformAgentDefault:SecureJarResource(monolib)]
[04Apr2025 19:48:47.741] [main/DEBUG] [mixin/]: Processing inject() for PlatformAgent[MixinPlatformAgentDefault:SecureJarResource(more_bows_and_arrows)]
[04Apr2025 19:48:47.741] [main/DEBUG] [mixin/]: Processing inject() for PlatformAgent[MixinPlatformAgentDefault:SecureJarResource(justzoom)]
[04Apr2025 19:48:47.741] [main/DEBUG] [mixin/]: Processing inject() for PlatformAgent[MixinPlatformAgentDefault:SecureJarResource(nitrogen_internals)]
[04Apr2025 19:48:47.741] [main/DEBUG] [mixin/]: Processing inject() for PlatformAgent[MixinPlatformAgentDefault:SecureJarResource(the_bumblezone)]
[04Apr2025 19:48:47.741] [main/DEBUG] [mixin/]: Processing inject() for PlatformAgent[MixinPlatformAgentDefault:SecureJarResource(toms_storage)]
[04Apr2025 19:48:47.741] [main/DEBUG] [mixin/]: Processing inject() for PlatformAgent[MixinPlatformAgentDefault:SecureJarResource(deep_aether)]
[04Apr2025 19:48:47.741] [main/DEBUG] [mixin/]: Processing inject() for PlatformAgent[MixinPlatformAgentDefault:SecureJarResource(bettermineshafts)]
[04Apr2025 19:48:47.741] [main/DEBUG] [mixin/]: Processing inject() for PlatformAgent[MixinPlatformAgentDefault:SecureJarResource(betterjungletemples)]
[04Apr2025 19:48:47.741] [main/DEBUG] [mixin/]: Processing inject() for PlatformAgent[MixinPlatformAgentDefault:SecureJarResource(trimmable_tools)]
[04Apr2025 19:48:47.741] [main/DEBUG] [mixin/]: Processing inject() for PlatformAgent[MixinPlatformAgentDefault:SecureJarResource(betteradvancements)]
[04Apr2025 19:48:47.741] [main/DEBUG] [mixin/]: Processing inject() for PlatformAgent[MixinPlatformAgentDefault:SecureJarResource(mclib)]
[04Apr2025 19:48:47.741] [main/DEBUG] [mixin/]: Processing inject() for PlatformAgent[MixinPlatformAgentDefault:SecureJarResource(battery)]
[04Apr2025 19:48:47.741] [main/DEBUG] [mixin/]: Processing inject() for PlatformAgent[MixinPlatformAgentDefault:SecureJarResource(MixinExtras)]
[04Apr2025 19:48:47.742] [main/INFO] [cpw.mods.modlauncher.LaunchServiceHandler/MODLAUNCHER]: Launching target 'forgeserver' with arguments [nogui]
[04Apr2025 19:48:47.786] [main/DEBUG] [mixin/]: Error cleaning class output directory: .mixin.out
[04Apr2025 19:48:47.788] [main/DEBUG] [mixin/]: Preparing mixins for MixinEnvironment[DEFAULT]
[04Apr2025 19:48:47.788] [main/DEBUG] [mixin/]: Selecting config betterdungeons.mixins.json
[04Apr2025 19:48:47.792] [main/DEBUG] [mixin/]: Selecting config betterdungeons_forge.mixins.json
[04Apr2025 19:48:47.795] [main/DEBUG] [mixin/]: Selecting config notenoughcrashes.mixins.json
[04Apr2025 19:48:47.797] [main/DEBUG] [mixin/]: Selecting config notenoughcrashes.forge.mixins.json
[04Apr2025 19:48:47.798] [main/DEBUG] [mixin/]: Selecting config kuma_api.mixins.json
[04Apr2025 19:48:47.800] [main/DEBUG] [mixin/]: Selecting config kuma_api.forge.mixins.json
[04Apr2025 19:48:47.801] [main/DEBUG] [mixin/]: Selecting config blue_skies.mixins.json
[04Apr2025 19:48:47.803] [main/DEBUG] [mixin/]: Selecting config betterwitchhuts.mixins.json
[04Apr2025 19:48:47.805] [main/DEBUG] [mixin/]: Selecting config betterwitchhuts_forge.mixins.json
[04Apr2025 19:48:47.806] [main/DEBUG] [mixin/]: Selecting config geckolib.mixins.json
[04Apr2025 19:48:47.808] [main/DEBUG] [mixin/]: Selecting config playerAnimator-common.mixins.json
[04Apr2025 19:48:47.823] [main/DEBUG] [mixin/]: Selecting config aether.mixins.json
[04Apr2025 19:48:47.831] [main/DEBUG] [mixin/]: Selecting config betteroceanmonuments.mixins.json
[04Apr2025 19:48:47.838] [main/DEBUG] [mixin/]: Selecting config betteroceanmonuments_forge.mixins.json
[04Apr2025 19:48:47.839] [main/DEBUG] [mixin/]: Selecting config geckoanimfix.forge.mixins.json
[04Apr2025 19:48:47.841] [main/DEBUG] [mixin/]: Selecting config mod_whitelist.mixins.json
[04Apr2025 19:48:47.854] [main/DEBUG] [mixin/]: Selecting config waystones.mixins.json
[04Apr2025 19:48:47.857] [main/DEBUG] [mixin/]: Selecting config yungscavebiomes.mixins.json
[04Apr2025 19:48:47.859] [main/DEBUG] [mixin/]: Selecting config yungscavebiomes_forge.mixins.json
[04Apr2025 19:48:47.862] [main/DEBUG] [mixin/]: Selecting config comforts.mixins.json
[04Apr2025 19:48:47.864] [main/DEBUG] [mixin/]: Selecting config citadel.mixins.json
[04Apr2025 19:48:47.867] [main/DEBUG] [mixin/]: Selecting config badpackets.mixins.json
[04Apr2025 19:48:47.869] [main/DEBUG] [mixin/]: Selecting config yungsapi.mixins.json
[04Apr2025 19:48:47.874] [main/DEBUG] [mixin/]: Selecting config yungsapi_forge.mixins.json
[04Apr2025 19:48:47.875] [main/DEBUG] [mixin/]: Selecting config mixinextras.init.mixins.json
[04Apr2025 19:48:47.930] [main/DEBUG] [MixinExtras|Service/]: com.llamalad7.mixinextras.service.MixinExtrasServiceImpl(version=0.4.1) is taking over from null
[04Apr2025 19:48:47.971] [main/DEBUG] [mixin/]: Registering new injector for @Inject with org.spongepowered.asm.mixin.injection.struct.CallbackInjectionInfo
[04Apr2025 19:48:47.972] [main/DEBUG] [mixin/]: Registering new injector for @ModifyArg with org.spongepowered.asm.mixin.injection.struct.ModifyArgInjectionInfo
[04Apr2025 19:48:47.973] [main/DEBUG] [mixin/]: Registering new injector for @ModifyArgs with org.spongepowered.asm.mixin.injection.struct.ModifyArgsInjectionInfo
[04Apr2025 19:48:47.975] [main/DEBUG] [mixin/]: Registering new injector for @Redirect with org.spongepowered.asm.mixin.injection.struct.RedirectInjectionInfo
[04Apr2025 19:48:47.977] [main/DEBUG] [mixin/]: Registering new injector for @ModifyVariable with org.spongepowered.asm.mixin.injection.struct.ModifyVariableInjectionInfo
[04Apr2025 19:48:47.978] [main/DEBUG] [mixin/]: Registering new injector for @ModifyConstant with org.spongepowered.asm.mixin.injection.struct.ModifyConstantInjectionInfo
[04Apr2025 19:48:48.001] [main/DEBUG] [mixin/]: Selecting config betterdeserttemples.mixins.json
[04Apr2025 19:48:48.005] [main/DEBUG] [mixin/]: Selecting config betterdeserttemples_forge.mixins.json
[04Apr2025 19:48:48.007] [main/DEBUG] [mixin/]: Selecting config iceandfire.mixins.json
[04Apr2025 19:48:48.010] [main/DEBUG] [mixin/]: Selecting config balm.mixins.json
[04Apr2025 19:48:48.012] [main/DEBUG] [mixin/]: Selecting config mixins.bosses_of_mass_destruction.json
[04Apr2025 19:48:48.018] [main/DEBUG] [mixin/]: Selecting config blueprint.mixins.json
[04Apr2025 19:48:48.020] [main/DEBUG] [mixin/]: Selecting config puzzlesaccessapi.common.mixins.json
[04Apr2025 19:48:48.022] [main/WARN] [mixin/]: Reference map 'puzzlesaccessapi.common.refmap.json' for puzzlesaccessapi.common.mixins.json could not be read. If this is a development environment you can ignore this message
[04Apr2025 19:48:48.023] [main/DEBUG] [mixin/]: Selecting config puzzlesaccessapi.forge.mixins.json
[04Apr2025 19:48:48.025] [main/DEBUG] [mixin/]: Selecting config betterfortresses.mixins.json
[04Apr2025 19:48:48.026] [main/DEBUG] [mixin/]: Selecting config betterfortresses_forge.mixins.json
[04Apr2025 19:48:48.028] [main/DEBUG] [mixin/]: Selecting config konkrete.mixin.json
[04Apr2025 19:48:48.030] [main/DEBUG] [mixin/]: Selecting config embeddium.mixins.json
[04Apr2025 19:48:48.042] [main/INFO] [Embeddium/]: Loaded configuration file for Embeddium: 135 options available, 0 override(s) found
[04Apr2025 19:48:48.049] [main/DEBUG] [mixin/]: Selecting config athena.mixins.json
[04Apr2025 19:48:48.054] [main/DEBUG] [mixin/]: Selecting config athena-forge.mixins.json
[04Apr2025 19:48:48.058] [main/DEBUG] [mixin/]: Selecting config structure_gel.mixins.json
[04Apr2025 19:48:48.062] [main/DEBUG] [mixin/]: Selecting config tectonic.mixins.json
[04Apr2025 19:48:48.064] [main/DEBUG] [mixin/]: Selecting config farmersdelight.mixins.json
[04Apr2025 19:48:48.066] [main/DEBUG] [mixin/]: Selecting config terrablender.mixins.json
[04Apr2025 19:48:48.067] [main/DEBUG] [mixin/]: Selecting config terrablender_forge.mixins.json
[04Apr2025 19:48:48.069] [main/DEBUG] [mixin/]: Selecting config bettercombat.mixins.json
[04Apr2025 19:48:48.074] [main/DEBUG] [mixin/]: Selecting config ru.mixin.json
[04Apr2025 19:48:48.076] [main/DEBUG] [mixin/]: Selecting config yungsbridges.mixins.json
[04Apr2025 19:48:48.078] [main/DEBUG] [mixin/]: Selecting config yungsbridges_forge.mixins.json
[04Apr2025 19:48:48.080] [main/DEBUG] [mixin/]: Selecting config hangglider.common.mixins.json
[04Apr2025 19:48:48.083] [main/DEBUG] [mixin/]: Selecting config aeroblender.mixins.json
[04Apr2025 19:48:48.085] [main/DEBUG] [mixin/]: Selecting config wthit.mixins.json
[04Apr2025 19:48:48.087] [main/DEBUG] [mixin/]: Selecting config curios.mixins.json
[04Apr2025 19:48:48.088] [main/DEBUG] [mixin/]: Selecting config patchouli_xplat.mixins.json
[04Apr2025 19:48:48.090] [main/DEBUG] [mixin/]: Selecting config cerbons_api.mixins.json
[04Apr2025 19:48:48.092] [main/WARN] [mixin/]: Reference map 'CerbonsAPI-Forge-1.20.1-forge-refmap.json' for cerbons_api.mixins.json could not be read. If this is a development environment you can ignore this message
[04Apr2025 19:48:48.092] [main/DEBUG] [mixin/]: Selecting config cerbons_api-common.mixins.json
[04Apr2025 19:48:48.094] [main/DEBUG] [mixin/]: Selecting config yungsextras.mixins.json
[04Apr2025 19:48:48.096] [main/WARN] [mixin/]: Reference map 'yungsextras.refmap.json' for yungsextras.mixins.json could not be read. If this is a development environment you can ignore this message
[04Apr2025 19:48:48.097] [main/DEBUG] [mixin/]: Selecting config yungsextras_forge.mixins.json
[04Apr2025 19:48:48.099] [main/WARN] [mixin/]: Reference map 'yungsextras.refmap.json' for yungsextras_forge.mixins.json could not be read. If this is a development environment you can ignore this message
[04Apr2025 19:48:48.099] [main/DEBUG] [mixin/]: Selecting config entityculling.mixins.json
[04Apr2025 19:48:48.101] [main/DEBUG] [mixin/]: Selecting config betterstrongholds.mixins.json
[04Apr2025 19:48:48.102] [main/DEBUG] [mixin/]: Selecting config betterstrongholds_forge.mixins.json
[04Apr2025 19:48:48.104] [main/DEBUG] [mixin/]: Selecting config tombstone.mixins.json
[04Apr2025 19:48:48.106] [main/DEBUG] [mixin/]: Selecting config cumulus_menus.mixins.json
[04Apr2025 19:48:48.107] [main/DEBUG] [mixin/]: Selecting config mixins.deeperdarker.json
[04Apr2025 19:48:48.108] [main/DEBUG] [mixin/]: Selecting config architectury.mixins.json
[04Apr2025 19:48:48.111] [main/DEBUG] [mixin/]: Selecting config architectury-common.mixins.json
[04Apr2025 19:48:48.113] [main/DEBUG] [mixin/]: Selecting config simplyswords-common.mixins.json
[04Apr2025 19:48:48.159] [main/DEBUG] [mixin/]: Selecting config simplyswords.mixins.json
[04Apr2025 19:48:48.161] [main/WARN] [mixin/]: Reference map 'simplyswords-forge-refmap.json' for simplyswords.mixins.json could not be read. If this is a development environment you can ignore this message
[04Apr2025 19:48:48.161] [main/DEBUG] [mixin/]: Selecting config ferritecore.predicates.mixin.json
[04Apr2025 19:48:48.184] [main/DEBUG] [mixin/]: Selecting config ferritecore.fastmap.mixin.json
[04Apr2025 19:48:48.186] [main/DEBUG] [mixin/]: Selecting config ferritecore.mrl.mixin.json
[04Apr2025 19:48:48.189] [main/DEBUG] [mixin/]: Selecting config ferritecore.dedupmultipart.mixin.json
[04Apr2025 19:48:48.191] [main/DEBUG] [mixin/]: Selecting config ferritecore.blockstatecache.mixin.json
[04Apr2025 19:48:48.194] [main/DEBUG] [mixin/]: Selecting config ferritecore.dedupbakedquad.mixin.json
[04Apr2025 19:48:48.196] [main/DEBUG] [mixin/]: Selecting config ferritecore.threaddetec.mixin.json
[04Apr2025 19:48:48.198] [main/DEBUG] [mixin/]: Selecting config ferritecore.modelsides.mixin.json
[04Apr2025 19:48:48.200] [main/DEBUG] [mixin/]: Selecting config betterendisland.mixins.json
[04Apr2025 19:48:48.201] [main/DEBUG] [mixin/]: Selecting config betterendisland_forge.mixins.json
[04Apr2025 19:48:48.203] [main/DEBUG] [mixin/]: Selecting config puzzleslib.common.mixins.json
[04Apr2025 19:48:48.251] [main/INFO] [Puzzles Lib/]: Loading 89 mods:
	- aether 1.20.1-1.5.2-neoforge
		|-- cumulus_menus 1.20.1-1.0.1-neoforge
		|-- curios 5.6.1+1.20.1
		\-- nitrogen_internals 1.20.1-1.0.12-neoforge
	- appleskin 2.5.1+mc1.20.1
	- architectury 9.2.14
	- badpackets 0.4.3
	- balm 7.3.25
		\-- kuma_api 20.1.10
	- betteradvancements 0.4.2.25
	- bettercombat 1.8.6+1.20.1
	- betterdeserttemples 1.20-Forge-3.0.3
	- betterdungeons 1.20-Forge-4.0.4
	- betterendisland 1.20-Forge-2.0.6
	- betterfortresses 1.20-Forge-2.0.6
	- betterjungletemples 1.20-Forge-2.0.5
	- bettermineshafts 1.20-Forge-4.0.4
	- betteroceanmonuments 1.20-Forge-3.0.4
	- betterstrongholds 1.20-Forge-4.0.3
	- betterwitchhuts 1.20-Forge-3.0.3
	- blue_skies 1.3.31
	- blueprint 7.1.2
	- bosses_of_mass_destruction 1.1.2
	- cerbons_api 1.1.0
	- chunky 1.3.146
	- citadel 2.6.1
	- cloth_config 11.1.136
	- comforts 6.4.0+1.20.1
		\-- spectrelib 0.13.15+1.20.1
	- deep_aether 1.20.1-1.1.5
		\-- aeroblender 1.20.1-1.0.2-rc1-neoforge
	- deeperdarker 1.3.3
	- dungeons_arise 2.1.57-1.20.1
	- dungeons_arise_seven_seas 1.0.2
	- dynamic_fps 3.9.0
	- embeddium 0.3.31+mc1.20.1
		\-- rubidium 0.7.1
	- entityculling 1.7.3
	- farmersdelight 1.20.1-1.2.7
	- ferritecore 6.0.1
	- forge 47.3.7
	- geckoanimfix 1.0.0
	- geckolib 4.7.1.2
	- hangglider 8.0.1
	- iceandfire 2.1.13-1.20.1
	- incendium 5.3.5
	- jei 15.20.0.106
	- justzoom 2.1.1
	- konkrete 1.8.0
	- minecraft 1.20.1
	- mobcaptains 3.1.1
	- mod_whitelist 1.1.0
	- monolib 2.0.0
	- more_bows_and_arrows 4.0.0
	- morebows 1.0.13
	- mr_dungeons_andtaverns 3.0.3.f
	- mr_dungeons_andtavernsstrongholdrework 1
	- notenoughcrashes 4.4.7+1.20.1
	- nullscape 1.2.8
	- outstanding_ores 1.0.0
	- patchouli 1.20.1-84.1-FORGE
	- playeranimator 1.0.2-rc1+1.20
	- puzzleslib 8.1.29
		|-- mixinextras 0.4.1
		\-- puzzlesaccessapi 20.1.1
	- regions_unexplored 0.5.6
	- simplyswords 1.56.0-1.20.1
	- sophisticatedbackpacks 3.23.6.1211
	- sophisticatedcore 1.2.23.902
	- structure_gel 2.16.2
	- tectonic 2.4.1
	- terrablender 3.0.1.10
	- terralith 2.5.4
	- the_bumblezone 7.6.7+1.20.1-forge
		\-- athena 3.1.1
	- tombstone 8.9.2
	- toms_storage 1.7.0
	- trimmable_tools 2.0.5
	- twilightforest 4.3.2508
	- undergarden 0.8.14
	- vapeaholic 1.0.1
	- voicechat 1.20.1-2.5.28
	- waystones 14.1.11
	- wthit 8.16.1
		\-- waila 8.16.1
	- xaerominimap 25.2.0
	- xaeroworldmap 1.39.4
	- yungsapi 1.20-Forge-4.0.6
	- yungsbridges 1.20-Forge-4.0.3
	- yungscavebiomes 1.20.1-Forge-2.0.4
	- yungsextras 1.20-Forge-4.0.3
[04Apr2025 19:48:48.254] [main/DEBUG] [mixin/]: Selecting config puzzleslib.forge.mixins.json
[04Apr2025 19:48:48.258] [main/DEBUG] [mixin/]: Selecting config dynamic_fps.mixins.json
[04Apr2025 19:48:48.260] [main/DEBUG] [mixin/]: Selecting config dynamic_fps-common.mixins.json
[04Apr2025 19:48:48.265] [main/DEBUG] [mixin/]: Selecting config undergarden.mixins.json
[04Apr2025 19:48:48.267] [main/DEBUG] [mixin/]: Selecting config monolib.mixins.json
[04Apr2025 19:48:48.269] [main/DEBUG] [mixin/]: Selecting config monolib.forge.mixins.json
[04Apr2025 19:48:48.276] [main/DEBUG] [MonoLib/]: Loaded com.cursee.monolib.platform.ForgePlatformHelper@734f8317 for service interface com.cursee.monolib.platform.services.IPlatformHelper
[04Apr2025 19:48:48.296] [main/DEBUG] [mixin/]: Selecting config forge-more_bows_and_arrows.forge.mixins.json
[04Apr2025 19:48:48.297] [main/DEBUG] [mixin/]: Selecting config justzoom.mixins.json
[04Apr2025 19:48:48.300] [main/DEBUG] [mixin/]: Selecting config justzoom.forge.mixins.json
[04Apr2025 19:48:48.301] [main/DEBUG] [mixin/]: Selecting config nitrogen_internals.mixins.json
[04Apr2025 19:48:48.305] [main/WARN] [mixin/]: Reference map 'nitrogen_internals.refmap.json' for nitrogen_internals.mixins.json could not be read. If this is a development environment you can ignore this message
[04Apr2025 19:48:48.305] [main/DEBUG] [mixin/]: Selecting config the_bumblezone-common.mixins.json
[04Apr2025 19:48:48.312] [main/DEBUG] [mixin/]: Selecting config the_bumblezone-forge.mixins.json
[04Apr2025 19:48:48.314] [main/DEBUG] [mixin/]: Selecting config deep_aether.mixins.json
[04Apr2025 19:48:48.315] [main/DEBUG] [mixin/]: Selecting config bettermineshafts.mixins.json
[04Apr2025 19:48:48.317] [main/DEBUG] [mixin/]: Selecting config bettermineshafts_forge.mixins.json
[04Apr2025 19:48:48.318] [main/DEBUG] [mixin/]: Selecting config betterjungletemples.mixins.json
[04Apr2025 19:48:48.319] [main/DEBUG] [mixin/]: Selecting config betterjungletemples_forge.mixins.json
[04Apr2025 19:48:48.321] [main/DEBUG] [mixin/]: Selecting config trimmable_tools.mixins.json
[04Apr2025 19:48:48.323] [main/DEBUG] [mixin/]: Preparing betterdungeons.mixins.json (8)
[04Apr2025 19:48:48.357] [main/DEBUG] [net.minecraftforge.coremod.transformer.CoreModBaseTransformer/COREMOD]: Transforming net/minecraft/world/level/levelgen/structure/templatesystem/StructureTemplate
[04Apr2025 19:48:48.694] [main/DEBUG] [mixin/]: Preparing betterdungeons_forge.mixins.json (0)
[04Apr2025 19:48:48.694] [main/DEBUG] [mixin/]: Preparing notenoughcrashes.mixins.json (6)
[04Apr2025 19:48:48.758] [main/DEBUG] [mixin/]: Preparing notenoughcrashes.forge.mixins.json (2)
[04Apr2025 19:48:48.763] [main/DEBUG] [mixin/]: Preparing kuma_api.mixins.json (1)
[04Apr2025 19:48:48.764] [main/DEBUG] [mixin/]: Preparing kuma_api.forge.mixins.json (0)
[04Apr2025 19:48:48.764] [main/DEBUG] [mixin/]: Preparing blue_skies.mixins.json (18)
[04Apr2025 19:48:48.777] [main/DEBUG] [net.minecraftforge.coremod.transformer.CoreModBaseTransformer/COREMOD]: Transforming m_36170_ with desc (Lnet/minecraft/world/entity/player/PlayerModelPart;)Z
[04Apr2025 19:48:48.779] [main/DEBUG] [net.minecraftforge.coremod.transformer.CoreModBaseTransformer/COREMOD]: Transforming m_36170_ with desc (Lnet/minecraft/world/entity/player/PlayerModelPart;)Z
[04Apr2025 19:48:48.807] [main/DEBUG] [net.minecraftforge.coremod.transformer.CoreModBaseTransformer/COREMOD]: Transforming net/minecraft/world/level/biome/Biome
[04Apr2025 19:48:48.846] [main/DEBUG] [net.minecraftforge.coremod.transformer.CoreModBaseTransformer/COREMOD]: Transforming net/minecraft/world/entity/npc/Villager
[04Apr2025 19:48:49.033] [main/DEBUG] [mixin/]: Preparing betterwitchhuts.mixins.json (5)
[04Apr2025 19:48:49.042] [main/DEBUG] [mixin/]: Preparing betterwitchhuts_forge.mixins.json (0)
[04Apr2025 19:48:49.043] [main/DEBUG] [mixin/]: Preparing geckolib.mixins.json (1)
[04Apr2025 19:48:49.043] [main/DEBUG] [mixin/]: Preparing playerAnimator-common.mixins.json (14)
[04Apr2025 19:48:49.043] [main/DEBUG] [mixin/]: Preparing aether.mixins.json (65)
[04Apr2025 19:48:49.079] [main/DEBUG] [net.minecraftforge.coremod.transformer.CoreModBaseTransformer/COREMOD]: Transforming m_41435_ with desc (Lnet/minecraft/world/level/Level;Lnet/minecraft/world/entity/player/Player;Lnet/minecraft/world/level/ClipContext$Fluid;)Lnet/minecraft/world/phys/BlockHitResult;
[04Apr2025 19:48:49.160] [main/DEBUG] [net.minecraftforge.coremod.transformer.CoreModBaseTransformer/COREMOD]: Transforming m_46758_ with desc (Lnet/minecraft/core/BlockPos;)Z
[04Apr2025 19:48:49.226] [main/DEBUG] [net.minecraftforge.coremod.transformer.CoreModBaseTransformer/COREMOD]: Transforming net/minecraft/server/level/ServerLevel
[04Apr2025 19:48:49.293] [main/DEBUG] [net.minecraftforge.coremod.transformer.CoreModBaseTransformer/COREMOD]: Transforming m_46758_ with desc (Lnet/minecraft/core/BlockPos;)Z
[04Apr2025 19:48:49.395] [main/DEBUG] [mixin/]: Preparing betteroceanmonuments.mixins.json (8)
[04Apr2025 19:48:49.402] [main/DEBUG] [mixin/]: Preparing betteroceanmonuments_forge.mixins.json (0)
[04Apr2025 19:48:49.403] [main/DEBUG] [mixin/]: Preparing geckoanimfix.forge.mixins.json (1)
[04Apr2025 19:48:49.403] [main/DEBUG] [mixin/]: Preparing mod_whitelist.mixins.json (2)
[04Apr2025 19:48:49.406] [main/DEBUG] [mixin/]: Preparing waystones.mixins.json (3)
[04Apr2025 19:48:49.415] [main/DEBUG] [mixin/]: Preparing yungscavebiomes.mixins.json (37)
[04Apr2025 19:48:49.493] [main/DEBUG] [mixin/]: Preparing yungscavebiomes_forge.mixins.json (1)
[04Apr2025 19:48:49.493] [main/DEBUG] [mixin/]: Preparing comforts.mixins.json (3)
[04Apr2025 19:48:49.494] [main/DEBUG] [mixin/]: Preparing citadel.mixins.json (15)
[04Apr2025 19:48:49.502] [main/DEBUG] [net.minecraftforge.coremod.transformer.CoreModBaseTransformer/COREMOD]: Transforming net/minecraft/server/MinecraftServer
[04Apr2025 19:48:49.507] [main/DEBUG] [net.minecraftforge.coremod.transformer.CoreModBaseTransformer/COREMOD]: Transforming net/minecraft/server/MinecraftServer
[04Apr2025 19:48:49.635] [main/DEBUG] [mixin/]: Preparing badpackets.mixins.json (4)
[04Apr2025 19:48:49.645] [main/DEBUG] [net.minecraftforge.coremod.transformer.CoreModBaseTransformer/COREMOD]: Transforming m_11229_ with desc (Lnet/minecraft/server/level/ServerPlayer;Lnet/minecraft/server/level/ServerLevel;)V
[04Apr2025 19:48:49.651] [main/DEBUG] [net.minecraftforge.coremod.transformer.CoreModBaseTransformer/COREMOD]: Transforming m_11229_ with desc (Lnet/minecraft/server/level/ServerPlayer;Lnet/minecraft/server/level/ServerLevel;)V
[04Apr2025 19:48:49.667] [main/DEBUG] [mixin/]: Preparing yungsapi.mixins.json (11)
[04Apr2025 19:48:49.672] [main/DEBUG] [yungsapi/]: Loaded com.yungnickyoung.minecraft.yungsapi.services.ForgePlatformHelper@23a78c77 for service interface com.yungnickyoung.minecraft.yungsapi.services.IPlatformHelper
[04Apr2025 19:48:49.677] [main/DEBUG] [yungsapi/]: Loaded com.yungnickyoung.minecraft.yungsapi.services.ForgeAutoRegisterHelper@fd14789 for service interface com.yungnickyoung.minecraft.yungsapi.services.IAutoRegisterHelper
[04Apr2025 19:48:49.679] [main/DEBUG] [yungsapi/]: Loaded com.yungnickyoung.minecraft.yungsapi.services.ForgeBlockEntityTypeHelper@59b98ad1 for service interface com.yungnickyoung.minecraft.yungsapi.services.IBlockEntityTypeHelper
[04Apr2025 19:48:49.680] [main/DEBUG] [yungsapi/]: Loaded com.yungnickyoung.minecraft.yungsapi.services.ForgeParticleTypeHelper@68479e8b for service interface com.yungnickyoung.minecraft.yungsapi.services.IParticleTypeHelper
[04Apr2025 19:48:49.690] [main/DEBUG] [net.minecraftforge.coremod.transformer.CoreModBaseTransformer/COREMOD]: Transforming net/minecraft/server/level/ServerPlayer
[04Apr2025 19:48:49.696] [main/DEBUG] [net.minecraftforge.coremod.transformer.CoreModBaseTransformer/COREMOD]: Transforming net/minecraft/server/level/ServerPlayer
[04Apr2025 19:48:49.711] [main/DEBUG] [net.minecraftforge.coremod.transformer.CoreModBaseTransformer/COREMOD]: Transforming m_36170_ with desc (Lnet/minecraft/world/entity/player/PlayerModelPart;)Z
[04Apr2025 19:48:49.711] [main/DEBUG] [net.minecraftforge.coremod.transformer.CoreModBaseTransformer/COREMOD]: Transforming m_36170_ with desc (Lnet/minecraft/world/entity/player/PlayerModelPart;)Z
[04Apr2025 19:48:49.776] [main/DEBUG] [mixin/]: Preparing yungsapi_forge.mixins.json (1)
[04Apr2025 19:48:49.777] [main/DEBUG] [mixin/]: Preparing mixinextras.init.mixins.json (0)
[04Apr2025 19:48:49.777] [main/DEBUG] [mixin/]: Preparing betterdeserttemples.mixins.json (9)
[04Apr2025 19:48:49.783] [main/DEBUG] [mixin/]: Preparing betterdeserttemples_forge.mixins.json (0)
[04Apr2025 19:48:49.783] [main/DEBUG] [mixin/]: Preparing iceandfire.mixins.json (2)
[04Apr2025 19:48:49.785] [main/DEBUG] [mixin/]: Preparing balm.mixins.json (16)
[04Apr2025 19:48:49.802] [main/DEBUG] [mixin/]: Preparing mixins.bosses_of_mass_destruction.json (6)
[04Apr2025 19:48:49.811] [main/DEBUG] [net.minecraftforge.coremod.transformer.CoreModBaseTransformer/COREMOD]: Transforming net/minecraft/world/level/NaturalSpawner
[04Apr2025 19:48:49.901] [main/DEBUG] [mixin/]: Preparing blueprint.mixins.json (34)
[04Apr2025 19:48:49.937] [main/DEBUG] [net.minecraftforge.coremod.transformer.CoreModBaseTransformer/COREMOD]: Transforming m_8543_ with desc ()V
[04Apr2025 19:48:49.961] [main/DEBUG] [net.minecraftforge.coremod.transformer.CoreModBaseTransformer/COREMOD]: Transforming m_226857_ with desc (Lnet/minecraft/world/level/levelgen/structure/pieces/StructurePieceSerializationContext;Lnet/minecraft/nbt/CompoundTag;J)Lnet/minecraft/world/level/levelgen/structure/StructureStart;
[04Apr2025 19:48:49.973] [main/DEBUG] [mixin/]: Preparing puzzlesaccessapi.common.mixins.json (0)
[04Apr2025 19:48:49.974] [main/DEBUG] [mixin/]: Preparing puzzlesaccessapi.forge.mixins.json (0)
[04Apr2025 19:48:49.974] [main/DEBUG] [mixin/]: Preparing betterfortresses.mixins.json (6)
[04Apr2025 19:48:49.978] [main/DEBUG] [mixin/]: Preparing betterfortresses_forge.mixins.json (0)
[04Apr2025 19:48:49.979] [main/DEBUG] [mixin/]: Preparing konkrete.mixin.json (5)
[04Apr2025 19:48:49.979] [main/DEBUG] [mixin/]: Preparing embeddium.mixins.json (0)
[04Apr2025 19:48:49.979] [main/DEBUG] [mixin/]: Preparing athena.mixins.json (1)
[04Apr2025 19:48:49.979] [main/DEBUG] [mixin/]: Preparing athena-forge.mixins.json (1)
[04Apr2025 19:48:49.979] [main/DEBUG] [mixin/]: Preparing structure_gel.mixins.json (0)
[04Apr2025 19:48:49.979] [main/DEBUG] [mixin/]: Preparing tectonic.mixins.json (4)
[04Apr2025 19:48:49.982] [main/DEBUG] [mixin/]: Preparing farmersdelight.mixins.json (9)
[04Apr2025 19:48:49.996] [main/DEBUG] [mixin/]: Preparing terrablender.mixins.json (7)
[04Apr2025 19:48:50.017] [main/DEBUG] [mixin/]: Preparing terrablender_forge.mixins.json (0)
[04Apr2025 19:48:50.017] [main/DEBUG] [mixin/]: Preparing bettercombat.mixins.json (17)
[04Apr2025 19:48:50.031] [main/DEBUG] [net.minecraftforge.coremod.transformer.CoreModBaseTransformer/COREMOD]: Transforming net/minecraft/world/item/ItemStack
[04Apr2025 19:48:50.059] [main/DEBUG] [mixin/]: Preparing ru.mixin.json (8)
[04Apr2025 19:48:50.067] [main/DEBUG] [mixin/]: Preparing yungsbridges.mixins.json (1)
[04Apr2025 19:48:50.072] [main/DEBUG] [mixin/]: Preparing yungsbridges_forge.mixins.json (0)
[04Apr2025 19:48:50.072] [main/DEBUG] [mixin/]: Preparing hangglider.common.mixins.json (4)
[04Apr2025 19:48:50.073] [main/DEBUG] [mixin/]: Preparing aeroblender.mixins.json (8)
[04Apr2025 19:48:50.082] [main/DEBUG] [mixin/]: Preparing wthit.mixins.json (21)
[04Apr2025 19:48:50.113] [main/DEBUG] [mixin/]: Preparing curios.mixins.json (13)
[04Apr2025 19:48:50.136] [main/DEBUG] [mixin/]: Preparing patchouli_xplat.mixins.json (10)
[04Apr2025 19:48:50.139] [main/DEBUG] [mixin/]: Preparing cerbons_api.mixins.json (0)
[04Apr2025 19:48:50.139] [main/DEBUG] [mixin/]: Preparing cerbons_api-common.mixins.json (8)
[04Apr2025 19:48:50.149] [main/DEBUG] [mixin/]: Preparing yungsextras.mixins.json (0)
[04Apr2025 19:48:50.149] [main/DEBUG] [mixin/]: Preparing yungsextras_forge.mixins.json (0)
[04Apr2025 19:48:50.149] [main/DEBUG] [mixin/]: Preparing entityculling.mixins.json (6)
[04Apr2025 19:48:50.149] [main/DEBUG] [mixin/]: Preparing betterstrongholds.mixins.json (2)
[04Apr2025 19:48:50.150] [main/DEBUG] [mixin/]: Preparing betterstrongholds_forge.mixins.json (0)
[04Apr2025 19:48:50.150] [main/DEBUG] [mixin/]: Preparing tombstone.mixins.json (27)
[04Apr2025 19:48:50.184] [main/DEBUG] [mixin/]: Preparing cumulus_menus.mixins.json (7)
[04Apr2025 19:48:50.184] [main/DEBUG] [mixin/]: Preparing mixins.deeperdarker.json (8)
[04Apr2025 19:48:50.218] [main/WARN] [mixin/]: Error loading class: net/minecraft/client/renderer/entity/PhantomRenderer (java.lang.ClassNotFoundException: net.minecraft.client.renderer.entity.PhantomRenderer)
[04Apr2025 19:48:50.219] [main/WARN] [mixin/]: @Mixin target net.minecraft.client.renderer.entity.PhantomRenderer was not found mixins.deeperdarker.json:PhantomRendererMixin
[04Apr2025 19:48:50.228] [main/DEBUG] [mixin/]: Preparing architectury.mixins.json (9)
[04Apr2025 19:48:50.236] [main/DEBUG] [mixin/]: Preparing architectury-common.mixins.json (10)
[04Apr2025 19:48:50.243] [main/DEBUG] [net.minecraftforge.coremod.transformer.CoreModBaseTransformer/COREMOD]: Transforming net/minecraft/world/item/BucketItem
[04Apr2025 19:48:50.255] [main/DEBUG] [net.minecraftforge.coremod.transformer.CoreModBaseTransformer/COREMOD]: Transforming net/minecraft/world/entity/EntityType
[04Apr2025 19:48:50.352] [main/DEBUG] [net.minecraftforge.coremod.transformer.CoreModBaseTransformer/COREMOD]: Transforming net/minecraft/world/level/block/LiquidBlock
[04Apr2025 19:48:50.356] [main/DEBUG] [mixin/]: Preparing simplyswords-common.mixins.json (2)
[04Apr2025 19:48:50.360] [main/DEBUG] [mixin/]: Preparing simplyswords.mixins.json (0)
[04Apr2025 19:48:50.360] [main/DEBUG] [mixin/]: Preparing ferritecore.predicates.mixin.json (3)
[04Apr2025 19:48:50.360] [main/DEBUG] [mixin/]: Preparing ferritecore.fastmap.mixin.json (1)
[04Apr2025 19:48:50.362] [main/DEBUG] [mixin/]: Preparing ferritecore.mrl.mixin.json (2)
[04Apr2025 19:48:50.363] [main/DEBUG] [mixin/]: Preparing ferritecore.dedupmultipart.mixin.json (2)
[04Apr2025 19:48:50.363] [main/DEBUG] [mixin/]: Preparing ferritecore.blockstatecache.mixin.json (8)
[04Apr2025 19:48:50.372] [main/DEBUG] [mixin/]: Preparing ferritecore.dedupbakedquad.mixin.json (2)
[04Apr2025 19:48:50.372] [main/DEBUG] [mixin/]: Preparing ferritecore.threaddetec.mixin.json (1)
[04Apr2025 19:48:50.373] [main/DEBUG] [mixin/]: Preparing ferritecore.modelsides.mixin.json (1)
[04Apr2025 19:48:50.373] [main/DEBUG] [mixin/]: Preparing betterendisland.mixins.json (9)
[04Apr2025 19:48:50.384] [main/DEBUG] [mixin/]: Preparing betterendisland_forge.mixins.json (0)
[04Apr2025 19:48:50.384] [main/DEBUG] [mixin/]: Preparing puzzleslib.common.mixins.json (5)
[04Apr2025 19:48:50.388] [main/DEBUG] [mixin/]: Preparing puzzleslib.forge.mixins.json (13)
[04Apr2025 19:48:50.400] [main/DEBUG] [mixin/]: Preparing dynamic_fps.mixins.json (1)
[04Apr2025 19:48:50.400] [main/DEBUG] [mixin/]: Preparing dynamic_fps-common.mixins.json (12)
[04Apr2025 19:48:50.400] [main/DEBUG] [mixin/]: Preparing undergarden.mixins.json (6)
[04Apr2025 19:48:50.407] [main/DEBUG] [mixin/]: Preparing monolib.mixins.json (1)
[04Apr2025 19:48:50.408] [main/DEBUG] [mixin/]: Preparing monolib.forge.mixins.json (2)
[04Apr2025 19:48:50.409] [main/DEBUG] [mixin/]: Preparing forge-more_bows_and_arrows.forge.mixins.json (1)
[04Apr2025 19:48:50.409] [main/DEBUG] [mixin/]: Preparing justzoom.mixins.json (5)
[04Apr2025 19:48:50.409] [main/DEBUG] [mixin/]: Preparing justzoom.forge.mixins.json (0)
[04Apr2025 19:48:50.409] [main/DEBUG] [mixin/]: Preparing nitrogen_internals.mixins.json (0)
[04Apr2025 19:48:50.409] [main/DEBUG] [mixin/]: Preparing the_bumblezone-common.mixins.json (99)
[04Apr2025 19:48:50.485] [main/ERROR] [net.minecraftforge.fml.loading.RuntimeDistCleaner/DISTXFORM]: Attempted to load class net/minecraft/client/particle/ParticleEngine for invalid dist DEDICATED_SERVER
[04Apr2025 19:48:50.490] [main/WARN] [mixin/]: Error loading class: net/minecraft/client/particle/ParticleEngine (java.lang.RuntimeException: Attempted to load class net/minecraft/client/particle/ParticleEngine for invalid dist DEDICATED_SERVER)
[04Apr2025 19:48:50.491] [main/WARN] [mixin/]: @Mixin target net.minecraft.client.particle.ParticleEngine was not found the_bumblezone-common.mixins.json:client.ParticleEngineAccessor
[04Apr2025 19:48:50.531] [main/DEBUG] [net.minecraftforge.coremod.transformer.CoreModBaseTransformer/COREMOD]: Transforming net/minecraft/world/effect/MobEffectInstance
[04Apr2025 19:48:50.580] [main/DEBUG] [net.minecraftforge.coremod.transformer.CoreModBaseTransformer/COREMOD]: Transforming m_218868_ with desc ()Ljava/util/OptionalInt;
[04Apr2025 19:48:50.598] [main/DEBUG] [net.minecraftforge.coremod.transformer.CoreModBaseTransformer/COREMOD]: Transforming m_7373_ with desc (Lnet/minecraft/world/item/ItemStack;Lnet/minecraft/world/level/Level;Ljava/util/List;Lnet/minecraft/world/item/TooltipFlag;)V
[04Apr2025 19:48:50.617] [main/DEBUG] [net.minecraftforge.coremod.transformer.CoreModBaseTransformer/COREMOD]: Transforming net/minecraft/world/level/chunk/LevelChunk
[04Apr2025 19:48:50.622] [main/DEBUG] [net.minecraftforge.coremod.transformer.CoreModBaseTransformer/COREMOD]: Transforming net/minecraft/world/level/chunk/LevelChunk
[04Apr2025 19:48:50.634] [main/DEBUG] [mixin/]: Preparing the_bumblezone-forge.mixins.json (17)
[04Apr2025 19:48:50.683] [main/DEBUG] [mixin/]: Preparing deep_aether.mixins.json (18)
[04Apr2025 19:48:50.695] [main/WARN] [mixin/]: Error loading class: com/legacy/lost_aether/entity/AerwhaleKingEntity (java.lang.ClassNotFoundException: com.legacy.lost_aether.entity.AerwhaleKingEntity)
[04Apr2025 19:48:50.695] [main/DEBUG] [mixin/]: Skipping virtual target com.legacy.lost_aether.entity.AerwhaleKingEntity for deep_aether.mixins.json:AerwhaleKingMixin
[04Apr2025 19:48:50.712] [main/DEBUG] [mixin/]: Preparing bettermineshafts.mixins.json (4)
[04Apr2025 19:48:50.716] [main/DEBUG] [mixin/]: Preparing bettermineshafts_forge.mixins.json (0)
[04Apr2025 19:48:50.716] [main/DEBUG] [mixin/]: Preparing betterjungletemples.mixins.json (8)
[04Apr2025 19:48:50.724] [main/DEBUG] [mixin/]: Preparing betterjungletemples_forge.mixins.json (0)
[04Apr2025 19:48:50.724] [main/DEBUG] [mixin/]: Preparing trimmable_tools.mixins.json (3)
[04Apr2025 19:48:50.881] [main/DEBUG] [net.minecraftforge.coremod.transformer.CoreModBaseTransformer/COREMOD]: Transforming m_78311_ with desc ()V
[04Apr2025 19:48:50.889] [main/DEBUG] [net.minecraftforge.coremod.transformer.CoreModBaseTransformer/COREMOD]: Transforming m_78311_ with desc ()V
[04Apr2025 19:48:50.925] [main/DEBUG] [net.minecraftforge.coremod.transformer.CoreModBaseTransformer/COREMOD]: Transforming net/minecraft/world/level/levelgen/structure/Structure
[04Apr2025 19:48:51.086] [main/DEBUG] [mixin/]: Prepared 461 mixins in 3.297 sec (7.2ms avg) (0ms load, 0ms transform, 0ms plugin)
[04Apr2025 19:48:51.089] [main/INFO] [MixinExtras|Service/]: Initializing MixinExtras via com.llamalad7.mixinextras.service.MixinExtrasServiceImpl(version=0.4.1).
[04Apr2025 19:48:51.090] [main/DEBUG] [mixin/]: Registering new injector for @SugarWrapper with com.llamalad7.mixinextras.sugar.impl.SugarWrapperInjectionInfo
[04Apr2025 19:48:51.091] [main/DEBUG] [mixin/]: Registering new injector for @FactoryRedirectWrapper with com.llamalad7.mixinextras.wrapper.factory.FactoryRedirectWrapperInjectionInfo
[04Apr2025 19:48:51.095] [main/DEBUG] [mixin/]: Mixing MixinMain from notenoughcrashes.forge.mixins.json into net.minecraft.server.Main
[04Apr2025 19:48:51.098] [main/DEBUG] [mixin/]: notenoughcrashes.forge.mixins.json:MixinMain: Class version 61 required is higher than the class version supported by the current version of Mixin (JAVA_8 supports class version 52)
[04Apr2025 19:48:51.160] [main/DEBUG] [net.minecraftforge.coremod.transformer.CoreModBaseTransformer/COREMOD]: Transforming net/minecraft/server/MinecraftServer
[04Apr2025 19:48:51.161] [main/DEBUG] [net.minecraftforge.coremod.transformer.CoreModBaseTransformer/COREMOD]: Transforming net/minecraft/server/MinecraftServer
[04Apr2025 19:48:51.166] [main/DEBUG] [mixin/]: Mixing MinecraftServerMixin from citadel.mixins.json into net.minecraft.server.MinecraftServer
[04Apr2025 19:48:51.175] [main/DEBUG] [mixin/]: Mixing MinecraftServerMixin from balm.mixins.json into net.minecraft.server.MinecraftServer
[04Apr2025 19:48:51.175] [main/DEBUG] [mixin/]: Renaming synthetic method lambda$reloadResources$0(Ljava/lang/Void;)V to mdf2554f$lambda$reloadResources$0$0 in balm.mixins.json:MinecraftServerMixin
[04Apr2025 19:48:51.185] [main/DEBUG] [mixin/]: Mixing MinecraftServerMixin from blueprint.mixins.json into net.minecraft.server.MinecraftServer
[04Apr2025 19:48:51.192] [main/DEBUG] [mixin/]: Mixing MinecraftServerMixin from ru.mixin.json into net.minecraft.server.MinecraftServer
[04Apr2025 19:48:51.296] [main/DEBUG] [mixin/]: Mixing GameTestServerMixin from blueprint.mixins.json into net.minecraft.gametest.framework.GameTestServer
[04Apr2025 19:48:51.302] [main/DEBUG] [mixin/]: Mixing DedicatedServerMixin from blueprint.mixins.json into net.minecraft.server.dedicated.DedicatedServer
[04Apr2025 19:48:51.302] [main/DEBUG] [mixin/]: Mixing DedicatedServerMixin from tombstone.mixins.json into net.minecraft.server.dedicated.DedicatedServer
[04Apr2025 19:48:51.350] [main/DEBUG] [io.netty.util.internal.logging.InternalLoggerFactory/]: Using SLF4J as the default logging framework
[04Apr2025 19:48:51.352] [main/DEBUG] [io.netty.util.ResourceLeakDetector/]: -Dio.netty.leakDetection.level: simple
[04Apr2025 19:48:51.352] [main/DEBUG] [io.netty.util.ResourceLeakDetector/]: -Dio.netty.leakDetection.targetRecords: 4
[04Apr2025 19:48:51.615] [main/DEBUG] [mixin/]: Mixing MixinCrashReport from notenoughcrashes.mixins.json into net.minecraft.CrashReport
[04Apr2025 19:48:51.615] [main/DEBUG] [mixin/]: Renaming synthetic method lambda$beforeSystemDetailsAreWritten$1()Ljava/lang/String; to mdf2554f$lambda$beforeSystemDetailsAreWritten$1$0 in notenoughcrashes.mixins.json:MixinCrashReport
[04Apr2025 19:48:51.615] [main/DEBUG] [mixin/]: Renaming synthetic method lambda$beforeSystemDetailsAreWritten$0(Lfudge/notenoughcrashes/platform/CommonModMetadata;)Ljava/lang/String; to mdf2554f$lambda$beforeSystemDetailsAreWritten$0$1 in notenoughcrashes.mixins.json:MixinCrashReport
[04Apr2025 19:48:51.668] [main/DEBUG] [oshi.util.FileUtil/]: No oshi.properties file found from ClassLoader cpw.mods.modlauncher.TransformingClassLoader@5c4f4330
[04Apr2025 19:48:51.668] [main/DEBUG] [oshi.util.FileUtil/]: No oshi.properties file found from ClassLoader jdk.internal.loader.ClassLoaders$AppClassLoader@76ed5528
[04Apr2025 19:48:51.739] [main/DEBUG] [oshi.util.FileUtil/]: Reading file /proc/self/auxv
[04Apr2025 19:48:51.739] [main/DEBUG] [oshi.util.FileUtil/]: Reading file /proc/self/auxv
[04Apr2025 19:48:51.747] [main/DEBUG] [oshi.util.FileUtil/]: Reading file /proc/stat
[04Apr2025 19:48:51.753] [main/DEBUG] [oshi.util.FileUtil/]: Reading file /sys/devices/system/cpu/cpu0/topology/core_id
[04Apr2025 19:48:51.753] [main/DEBUG] [oshi.util.FileUtil/]: Reading file /sys/devices/system/cpu/cpu0/topology/core_id
[04Apr2025 19:48:51.753] [main/DEBUG] [oshi.util.FileUtil/]: Reading file /sys/devices/system/cpu/cpu0/topology/physical_package_id
[04Apr2025 19:48:51.753] [main/DEBUG] [oshi.util.FileUtil/]: Reading file /sys/devices/system/cpu/cpu0/topology/physical_package_id
[04Apr2025 19:48:51.753] [main/DEBUG] [oshi.util.FileUtil/]: Reading file /sys/devices/system/cpu/cpu0/cpu_capacity
[04Apr2025 19:48:51.754] [main/DEBUG] [oshi.util.FileUtil/]: Reading file /sys/devices/system/cpu/cpu1/topology/core_id
[04Apr2025 19:48:51.754] [main/DEBUG] [oshi.util.FileUtil/]: Reading file /sys/devices/system/cpu/cpu1/topology/core_id
[04Apr2025 19:48:51.754] [main/DEBUG] [oshi.util.FileUtil/]: Reading file /sys/devices/system/cpu/cpu1/topology/physical_package_id
[04Apr2025 19:48:51.754] [main/DEBUG] [oshi.util.FileUtil/]: Reading file /sys/devices/system/cpu/cpu1/topology/physical_package_id
[04Apr2025 19:48:51.755] [main/DEBUG] [oshi.util.FileUtil/]: Reading file /sys/devices/system/cpu/cpu1/cpu_capacity
[04Apr2025 19:48:51.755] [main/DEBUG] [oshi.util.FileUtil/]: Reading file /sys/devices/system/cpu/cpu2/topology/core_id
[04Apr2025 19:48:51.755] [main/DEBUG] [oshi.util.FileUtil/]: Reading file /sys/devices/system/cpu/cpu2/topology/core_id
[04Apr2025 19:48:51.755] [main/DEBUG] [oshi.util.FileUtil/]: Reading file /sys/devices/system/cpu/cpu2/topology/physical_package_id
[04Apr2025 19:48:51.755] [main/DEBUG] [oshi.util.FileUtil/]: Reading file /sys/devices/system/cpu/cpu2/topology/physical_package_id
[04Apr2025 19:48:51.755] [main/DEBUG] [oshi.util.FileUtil/]: Reading file /sys/devices/system/cpu/cpu2/cpu_capacity
[04Apr2025 19:48:51.756] [main/DEBUG] [oshi.util.FileUtil/]: Reading file /sys/devices/system/cpu/cpu3/topology/core_id
[04Apr2025 19:48:51.756] [main/DEBUG] [oshi.util.FileUtil/]: Reading file /sys/devices/system/cpu/cpu3/topology/core_id
[04Apr2025 19:48:51.756] [main/DEBUG] [oshi.util.FileUtil/]: Reading file /sys/devices/system/cpu/cpu3/topology/physical_package_id
[04Apr2025 19:48:51.756] [main/DEBUG] [oshi.util.FileUtil/]: Reading file /sys/devices/system/cpu/cpu3/topology/physical_package_id
[04Apr2025 19:48:51.756] [main/DEBUG] [oshi.util.FileUtil/]: Reading file /sys/devices/system/cpu/cpu3/cpu_capacity
[04Apr2025 19:48:51.757] [main/DEBUG] [oshi.util.FileUtil/]: Reading file /proc/cpuinfo
[04Apr2025 19:48:51.770] [main/DEBUG] [oshi.util.FileUtil/]: Reading file /proc/self/auxv
[04Apr2025 19:48:51.773] [main/DEBUG] [oshi.util.FileUtil/]: No oshi.architecture.properties file found from ClassLoader cpw.mods.modlauncher.TransformingClassLoader@5c4f4330
[04Apr2025 19:48:51.773] [main/DEBUG] [oshi.util.FileUtil/]: No oshi.architecture.properties file found from ClassLoader jdk.internal.loader.ClassLoaders$AppClassLoader@76ed5528
[04Apr2025 19:48:51.796] [main/DEBUG] [oshi.util.FileUtil/]: Reading file /proc/meminfo
[04Apr2025 19:48:51.797] [main/DEBUG] [oshi.util.FileUtil/]: Reading file /proc/meminfo
[04Apr2025 19:48:51.800] [main/DEBUG] [mixin/]: Mixing SuppressLogMixin from yungsbridges.mixins.json into net.minecraft.Util
[04Apr2025 19:48:51.802] [main/DEBUG] [mixin/]: Mixing SuppressLogMixin from bettermineshafts.mixins.json into net.minecraft.Util
[04Apr2025 19:48:51.855] [main/DEBUG] [net.minecraftforge.coremod.transformer.CoreModBaseTransformer/COREMOD]: Transforming m_78311_ with desc ()V
[04Apr2025 19:48:51.855] [main/DEBUG] [net.minecraftforge.coremod.transformer.CoreModBaseTransformer/COREMOD]: Transforming m_78311_ with desc ()V
[04Apr2025 19:48:51.886] [main/DEBUG] [mixin/]: Mixing MixinBuiltInRegistries from terrablender.mixins.json into net.minecraft.core.registries.BuiltInRegistries
[04Apr2025 19:48:51.886] [main/DEBUG] [mixin/]: Renaming synthetic method lambda$registerSimple$0(Lnet/minecraft/core/registries/BuiltInRegistries$RegistryBootstrap;Lnet/minecraft/core/Registry;)Ljava/lang/Object; to mdf2554f$lambda$registerSimple$0$0 in terrablender.mixins.json:MixinBuiltInRegistries
[04Apr2025 19:48:52.035] [main/DEBUG] [mixin/]: Mixing inject.MixinGameEvent from architectury-common.mixins.json into net.minecraft.world.level.gameevent.GameEvent
[04Apr2025 19:48:52.070] [main/DEBUG] [mixin/]: Mixing accessor.ForgeRegistryForgeAccessor from puzzleslib.forge.mixins.json into net.minecraftforge.registries.ForgeRegistry
[04Apr2025 19:48:52.095] [main/DEBUG] [mixin/]: Mixing frosted_caves.BlockMixin from yungscavebiomes.mixins.json into net.minecraft.world.level.block.Block
[04Apr2025 19:48:52.128] [main/DEBUG] [mixin/]: Mixing inject.MixinBlock from architectury-common.mixins.json into net.minecraft.world.level.block.Block
[04Apr2025 19:48:52.129] [main/DEBUG] [mixin/]: Mixing accessor.BlockAccessor from puzzleslib.common.mixins.json into net.minecraft.world.level.block.Block
[04Apr2025 19:48:52.129] [main/DEBUG] [mixin/]: Mixing BlockMixin from structure_gel.mixins.json into net.minecraft.world.level.block.Block
[04Apr2025 19:48:52.164] [main/DEBUG] [mixin/]: Mixing BlockStateBaseMixin from ferritecore.blockstatecache.mixin.json into net.minecraft.world.level.block.state.BlockBehaviour$BlockStateBase
[04Apr2025 19:48:52.172] [main/DEBUG] [mixin/]: Mixing FastMapStateHolderMixin from ferritecore.fastmap.mixin.json into net.minecraft.world.level.block.state.StateHolder
[04Apr2025 19:48:52.207] [main/DEBUG] [mixin/]: Mixing common.EntityMixin from aether.mixins.json into net.minecraft.world.entity.Entity
[04Apr2025 19:48:52.244] [main/DEBUG] [mixin/]: Mixing common.accessor.EntityAccessor from aether.mixins.json into net.minecraft.world.entity.Entity
[04Apr2025 19:48:52.246] [main/DEBUG] [mixin/]: Mixing frosted_caves.EntityMixin from yungscavebiomes.mixins.json into net.minecraft.world.entity.Entity
[04Apr2025 19:48:52.251] [main/DEBUG] [mixin/]: Mixing EntityMixin from balm.mixins.json into net.minecraft.world.entity.Entity
[04Apr2025 19:48:52.258] [main/DEBUG] [mixin/]: Mixing EntityMixin from blueprint.mixins.json into net.minecraft.world.entity.Entity
[04Apr2025 19:48:52.261] [main/DEBUG] [mixin/]: Renaming synthetic method lambda$read$1(Lnet/minecraft/nbt/Tag;)V to mdf2554f$lambda$read$1$0 in blueprint.mixins.json:EntityMixin
[04Apr2025 19:48:52.262] [main/DEBUG] [mixin/]: Renaming synthetic method lambda$writeTrackedData$0(Lnet/minecraft/nbt/ListTag;Lcom/teamabnormals/blueprint/common/world/storage/tracking/TrackedData;Lcom/teamabnormals/blueprint/common/world/storage/tracking/IDataManager$DataEntry;)V to mdf2554f$lambda$writeTrackedData$0$1 in blueprint.mixins.json:EntityMixin
[04Apr2025 19:48:52.299] [main/DEBUG] [mixin/]: Mixing EntityAccess from wthit.mixins.json into net.minecraft.world.entity.Entity
[04Apr2025 19:48:52.299] [main/DEBUG] [mixin/]: wthit.mixins.json:EntityAccess: Class version 61 required is higher than the class version supported by the current version of Mixin (JAVA_16 supports class version 60)
[04Apr2025 19:48:52.300] [main/DEBUG] [mixin/]: Mixing AccessorEntity from curios.mixins.json into net.minecraft.world.entity.Entity
[04Apr2025 19:48:52.300] [main/DEBUG] [mixin/]: Mixing multipart_entities.EntityMixin from cerbons_api-common.mixins.json into net.minecraft.world.entity.Entity
[04Apr2025 19:48:52.308] [main/DEBUG] [mixin/]: Mixing EntityMixin from tombstone.mixins.json into net.minecraft.world.entity.Entity
[04Apr2025 19:48:52.319] [main/DEBUG] [mixin/]: Mixing entities.EntityAccessor from the_bumblezone-common.mixins.json into net.minecraft.world.entity.Entity
[04Apr2025 19:48:52.320] [main/DEBUG] [mixin/]: Mixing EntityMixin from structure_gel.mixins.json into net.minecraft.world.entity.Entity
[04Apr2025 19:48:52.321] [main/DEBUG] [mixin/]: Mixing entities.EntityMixin from the_bumblezone-common.mixins.json into net.minecraft.world.entity.Entity
[04Apr2025 19:48:52.403] [main/DEBUG] [mixin/]: Mixing entity.EntityMixin from the_bumblezone-forge.mixins.json into net.minecraft.world.entity.Entity
[04Apr2025 19:48:52.407] [main/DEBUG] [mixin/]: Mixing MixinEntity from notenoughcrashes.mixins.json into net.minecraft.world.entity.Entity
[04Apr2025 19:48:52.407] [main/DEBUG] [mixin/]: Renaming synthetic method lambda$onPopulateCrashReport$0()Ljava/lang/String; to mdf2554f$lambda$onPopulateCrashReport$0$2 in notenoughcrashes.mixins.json:MixinEntity
[04Apr2025 19:48:52.557] [main/DEBUG] [mixin/]: Mixing entities.LaterLivingEntityMixin from the_bumblezone-common.mixins.json into net.minecraft.world.entity.LivingEntity
[04Apr2025 19:48:52.560] [main/DEBUG] [mixin/]: Mixing LivingEntityMixin from blue_skies.mixins.json into net.minecraft.world.entity.LivingEntity
[04Apr2025 19:48:52.579] [main/DEBUG] [mixin/]: Mixing common.LivingEntityMixin from aether.mixins.json into net.minecraft.world.entity.LivingEntity
[04Apr2025 19:48:52.583] [main/DEBUG] [mixin/]: Mixing common.accessor.LivingEntityAccessor from aether.mixins.json into net.minecraft.world.entity.LivingEntity
[04Apr2025 19:48:52.584] [main/DEBUG] [mixin/]: Mixing frosted_caves.LivingEntityMixin from yungscavebiomes.mixins.json into net.minecraft.world.entity.LivingEntity
[04Apr2025 19:48:52.586] [main/DEBUG] [mixin/]: Mixing lost_caves.LivingEntityMixin from yungscavebiomes.mixins.json into net.minecraft.world.entity.LivingEntity
[04Apr2025 19:48:52.592] [main/DEBUG] [mixin/]: Mixing LivingEntityMixin from citadel.mixins.json into net.minecraft.world.entity.LivingEntity
[04Apr2025 19:48:52.601] [main/DEBUG] [mixin/]: Mixing PharaohKilledMixin from betterdeserttemples.mixins.json into net.minecraft.world.entity.LivingEntity
[04Apr2025 19:48:52.602] [main/DEBUG] [mixin/]: Renaming synthetic method lambda$betterdeserttemples_pharaohDie$0(Lnet/minecraft/server/level/ServerLevel;Lnet/minecraft/server/level/ServerPlayer;)V to mdf2554f$lambda$betterdeserttemples_pharaohDie$0$0 in betterdeserttemples.mixins.json:PharaohKilledMixin
[04Apr2025 19:48:52.636] [main/DEBUG] [mixin/]: Mixing LivingEntityMixin from mixins.bosses_of_mass_destruction.json into net.minecraft.world.entity.LivingEntity
[04Apr2025 19:48:52.638] [main/DEBUG] [mixin/]: Mixing LivingEntityAccessor from bettercombat.mixins.json into net.minecraft.world.entity.LivingEntity
[04Apr2025 19:48:52.639] [main/DEBUG] [mixin/]: Mixing LivingEntityMixin from bettercombat.mixins.json into net.minecraft.world.entity.LivingEntity
[04Apr2025 19:48:52.640] [main/DEBUG] [mixin/]: Renaming synthetic method lambda$getAttributeValue_Inject$0(Lnet/minecraft/world/entity/player/Player;Lnet/minecraft/world/entity/ai/attributes/Attribute;Lorg/spongepowered/asm/mixin/injection/callback/CallbackInfoReturnable;)V to mdf2554f$lambda$getAttributeValue_Inject$0$1 in bettercombat.mixins.json:LivingEntityMixin
[04Apr2025 19:48:52.648] [main/DEBUG] [mixin/]: Mixing MixinLivingEntity from curios.mixins.json into net.minecraft.world.entity.LivingEntity
[04Apr2025 19:48:52.651] [main/DEBUG] [mixin/]: Mixing LivingEntityMixin from tombstone.mixins.json into net.minecraft.world.entity.LivingEntity
[04Apr2025 19:48:52.652] [main/DEBUG] [mixin/]: Mixing LivingEntityMixin from simplyswords-common.mixins.json into net.minecraft.world.entity.LivingEntity
[04Apr2025 19:48:52.687] [main/DEBUG] [mixin/]: Mixing entities.LivingEntityAccessor from the_bumblezone-common.mixins.json into net.minecraft.world.entity.LivingEntity
[04Apr2025 19:48:52.688] [main/DEBUG] [mixin/]: Mixing entities.LivingEntityMixin from the_bumblezone-common.mixins.json into net.minecraft.world.entity.LivingEntity
[04Apr2025 19:48:52.909] [main/DEBUG] [net.minecraftforge.coremod.transformer.CoreModBaseTransformer/COREMOD]: Transforming m_46758_ with desc (Lnet/minecraft/core/BlockPos;)Z
[04Apr2025 19:48:52.913] [main/DEBUG] [mixin/]: Mixing common.accessor.LevelAccessor from aether.mixins.json into net.minecraft.world.level.Level
[04Apr2025 19:48:52.914] [main/DEBUG] [mixin/]: Mixing LevelMixin from citadel.mixins.json into net.minecraft.world.level.Level
[04Apr2025 19:48:52.918] [main/DEBUG] [mixin/]: Mixing world.LevelMixin from the_bumblezone-common.mixins.json into net.minecraft.world.level.Level
[04Apr2025 19:48:52.951] [main/DEBUG] [net.minecraftforge.coremod.transformer.CoreModBaseTransformer/COREMOD]: Transforming net/minecraft/server/level/ServerLevel
[04Apr2025 19:48:52.953] [main/DEBUG] [mixin/]: Mixing ServerLevelMixin from betterendisland.mixins.json into net.minecraft.server.level.ServerLevel
[04Apr2025 19:48:52.957] [main/DEBUG] [net.minecraftforge.coremod.transformer.CoreModBaseTransformer/COREMOD]: Transforming <init> with desc (JZZLjava/util/Optional;)V
[04Apr2025 19:48:52.980] [main/DEBUG] [mixin/]: Mixing common.accessor.ServerLevelAccessor from aether.mixins.json into net.minecraft.server.level.ServerLevel
[04Apr2025 19:48:52.981] [main/DEBUG] [mixin/]: Mixing accessor.ServerLevelAccessor from yungscavebiomes.mixins.json into net.minecraft.server.level.ServerLevel
[04Apr2025 19:48:52.981] [main/DEBUG] [mixin/]: Mixing lost_caves.ServerLevelMixin from yungscavebiomes.mixins.json into net.minecraft.server.level.ServerLevel
[04Apr2025 19:48:52.982] [main/DEBUG] [mixin/]: Renaming synthetic method lambda$yungscavebiomes_initSandstorm$1()Lcom/yungnickyoung/minecraft/yungscavebiomes/sandstorm/SandstormServerData; to mdf2554f$lambda$yungscavebiomes_initSandstorm$1$0 in yungscavebiomes.mixins.json:lost_caves.ServerLevelMixin
[04Apr2025 19:48:52.982] [main/DEBUG] [mixin/]: Renaming synthetic method lambda$yungscavebiomes_initSandstorm$0(Lnet/minecraft/nbt/CompoundTag;)Lcom/yungnickyoung/minecraft/yungscavebiomes/sandstorm/SandstormServerData; to mdf2554f$lambda$yungscavebiomes_initSandstorm$0$1 in yungscavebiomes.mixins.json:lost_caves.ServerLevelMixin
[04Apr2025 19:48:52.988] [main/DEBUG] [mixin/]: Mixing MixinServerSleepStatus from comforts.mixins.json into net.minecraft.server.level.ServerLevel
[04Apr2025 19:48:52.993] [main/DEBUG] [mixin/]: Mixing ServerLevelMixin from citadel.mixins.json into net.minecraft.server.level.ServerLevel
[04Apr2025 19:48:52.995] [main/DEBUG] [mixin/]: Mixing ServerLevelMixin from betterdeserttemples.mixins.json into net.minecraft.server.level.ServerLevel
[04Apr2025 19:48:52.998] [main/DEBUG] [mixin/]: Mixing ExplosionMixin from mixins.bosses_of_mass_destruction.json into net.minecraft.server.level.ServerLevel
[04Apr2025 19:48:53.001] [main/DEBUG] [mixin/]: Mixing ServerLevelMixin from blueprint.mixins.json into net.minecraft.server.level.ServerLevel
[04Apr2025 19:48:53.003] [main/DEBUG] [mixin/]: Mixing world.ServerWorldMixin from the_bumblezone-common.mixins.json into net.minecraft.server.level.ServerLevel
[04Apr2025 19:48:53.017] [main/DEBUG] [mixin/]: Mixing EndergeticExpansionMixins from betterendisland.mixins.json into net.minecraft.server.level.ServerLevel
[04Apr2025 19:48:53.075] [main/DEBUG] [mixin/]: Mixing entities.ItemEntityAccessor from the_bumblezone-common.mixins.json into net.minecraft.world.entity.item.ItemEntity
[04Apr2025 19:48:53.084] [main/DEBUG] [net.minecraftforge.coremod.transformer.CoreModBaseTransformer/COREMOD]: Transforming m_36170_ with desc (Lnet/minecraft/world/entity/player/PlayerModelPart;)Z
[04Apr2025 19:48:53.084] [main/DEBUG] [net.minecraftforge.coremod.transformer.CoreModBaseTransformer/COREMOD]: Transforming m_36170_ with desc (Lnet/minecraft/world/entity/player/PlayerModelPart;)Z
[04Apr2025 19:48:53.085] [main/DEBUG] [mixin/]: Mixing PlayerEntityMixin from blue_skies.mixins.json into net.minecraft.world.entity.player.Player
[04Apr2025 19:48:53.086] [main/DEBUG] [mixin/]: Mixing common.PlayerMixin from aether.mixins.json into net.minecraft.world.entity.player.Player
[04Apr2025 19:48:53.089] [main/DEBUG] [mixin/]: Mixing common.accessor.PlayerAccessor from aether.mixins.json into net.minecraft.world.entity.player.Player
[04Apr2025 19:48:53.089] [main/DEBUG] [mixin/]: Mixing AccessorPlayer from comforts.mixins.json into net.minecraft.world.entity.player.Player
[04Apr2025 19:48:53.089] [main/DEBUG] [mixin/]: Mixing PlayerEntityAccessor from bettercombat.mixins.json into net.minecraft.world.entity.player.Player
[04Apr2025 19:48:53.090] [main/DEBUG] [mixin/]: Mixing PlayerEntityMixin from bettercombat.mixins.json into net.minecraft.world.entity.player.Player
[04Apr2025 19:48:53.124] [main/DEBUG] [mixin/]: Mixing PlayerMixin from hangglider.common.mixins.json into net.minecraft.world.entity.player.Player
[04Apr2025 19:48:53.128] [main/DEBUG] [mixin/]: Mixing entities.PlayerMixin from the_bumblezone-common.mixins.json into net.minecraft.world.entity.player.Player
[04Apr2025 19:48:53.130] [main/DEBUG] [mixin/]: Mixing entities.PlayerTimeInAirMixin from the_bumblezone-common.mixins.json into net.minecraft.world.entity.player.Player
[04Apr2025 19:48:53.137] [main/DEBUG] [mixin/]: Mixing items.HoneyShieldPlayerMixin from the_bumblezone-common.mixins.json into net.minecraft.world.entity.player.Player
[04Apr2025 19:48:53.141] [main/DEBUG] [mixin/]: Mixing items.PlayerDamageShieldInvoker from the_bumblezone-common.mixins.json into net.minecraft.world.entity.player.Player
[04Apr2025 19:48:53.270] [main/DEBUG] [mixin/]: Mixing FluidInvokerMixin from blueprint.mixins.json into net.minecraft.world.level.material.Fluid
[04Apr2025 19:48:53.270] [main/DEBUG] [mixin/]: Mixing inject.MixinFluid from architectury-common.mixins.json into net.minecraft.world.level.material.Fluid
[04Apr2025 19:48:53.276] [main/DEBUG] [net.minecraftforge.coremod.transformer.CoreModBaseTransformer/COREMOD]: Transforming m_41435_ with desc (Lnet/minecraft/world/level/Level;Lnet/minecraft/world/entity/player/Player;Lnet/minecraft/world/level/ClipContext$Fluid;)Lnet/minecraft/world/phys/BlockHitResult;
[04Apr2025 19:48:53.277] [main/DEBUG] [mixin/]: Mixing common.ItemMixin from aether.mixins.json into net.minecraft.world.item.Item
[04Apr2025 19:48:53.294] [main/DEBUG] [mixin/]: Mixing ItemMixin from tombstone.mixins.json into net.minecraft.world.item.Item
[04Apr2025 19:48:53.294] [main/DEBUG] [mixin/]: Renaming synthetic method lambda$methodIsFoil$1(Lnet/minecraft/world/item/ItemStack;Lovh/corail/tombstone/api/capability/ISoulConsumer;)Ljava/lang/Boolean; to mdf2554f$lambda$methodIsFoil$1$0 in tombstone.mixins.json:ItemMixin
[04Apr2025 19:48:53.294] [main/DEBUG] [mixin/]: Renaming synthetic method lambda$methodGetName$0(Lnet/minecraft/world/item/ItemStack;Lovh/corail/tombstone/api/capability/ISoulConsumer;)Ljava/lang/Boolean; to mdf2554f$lambda$methodGetName$0$1 in tombstone.mixins.json:ItemMixin
[04Apr2025 19:48:53.311] [main/DEBUG] [mixin/]: Mixing inject.MixinItem from architectury-common.mixins.json into net.minecraft.world.item.Item
[04Apr2025 19:48:53.346] [main/DEBUG] [net.minecraftforge.coremod.transformer.CoreModBaseTransformer/COREMOD]: Transforming net/minecraft/world/entity/EntityType
[04Apr2025 19:48:53.394] [main/DEBUG] [mixin/]: Mixing inject.MixinEntityType from architectury-common.mixins.json into net.minecraft.world.entity.EntityType
[04Apr2025 19:48:53.394] [main/DEBUG] [mixin/]: Mixing entities.EntityTypeMixin from the_bumblezone-common.mixins.json into net.minecraft.world.entity.EntityType
[04Apr2025 19:48:53.409] [main/DEBUG] [mixin/]: Mixing EnchantmentMixin from bettercombat.mixins.json into net.minecraft.world.item.enchantment.Enchantment
[04Apr2025 19:48:53.451] [main/DEBUG] [mixin/]: Mixing common.FeatureMixin from aether.mixins.json into net.minecraft.world.level.levelgen.feature.Feature
[04Apr2025 19:48:53.451] [main/DEBUG] [mixin/]: Renaming synthetic method lambda$isGrassOrDirt$0(Lnet/minecraft/world/level/block/state/BlockState;)Z to mdf2554f$lambda$isGrassOrDirt$0$0 in aether.mixins.json:common.FeatureMixin
[04Apr2025 19:48:53.453] [main/DEBUG] [mixin/]: Mixing KeepRichSoilGiantTreeMixin from farmersdelight.mixins.json into net.minecraft.world.level.levelgen.feature.Feature
[04Apr2025 19:48:53.453] [main/DEBUG] [mixin/]: Renaming synthetic method lambda$keepRichSoil$0(Lnet/minecraft/world/level/block/state/BlockState;)Z to mdf2554f$lambda$keepRichSoil$0$1 in farmersdelight.mixins.json:KeepRichSoilGiantTreeMixin
[04Apr2025 19:48:53.497] [main/DEBUG] [mixin/]: Mixing common.accessor.FireBlockAccessor from aether.mixins.json into net.minecraft.world.level.block.FireBlock
[04Apr2025 19:48:53.498] [main/DEBUG] [mixin/]: Mixing accessor.FireBlockForgeAccessor from puzzleslib.forge.mixins.json into net.minecraft.world.level.block.FireBlock
[04Apr2025 19:48:53.498] [main/DEBUG] [mixin/]: Mixing block.FireBlockInvoker from the_bumblezone-forge.mixins.json into net.minecraft.world.level.block.FireBlock
[04Apr2025 19:48:53.498] [main/DEBUG] [mixin/]: Mixing block.FireBlockMixin from the_bumblezone-forge.mixins.json into net.minecraft.world.level.block.FireBlock
[04Apr2025 19:48:53.499] [main/DEBUG] [mixin/]: Renaming synthetic method lambda$thebumblezone_fireHoneyCocoonLootDrop$0(Lnet/minecraft/server/level/ServerLevel;Lnet/minecraft/core/BlockPos;Lnet/minecraft/world/item/ItemStack;)V to mdf2554f$lambda$thebumblezone_fireHoneyCocoonLootDrop$0$0 in the_bumblezone-forge.mixins.json:block.FireBlockMixin
[04Apr2025 19:48:53.543] [main/DEBUG] [mixin/]: Mixing multipart_entities.ShapesMixin from cerbons_api-common.mixins.json into net.minecraft.world.phys.shapes.Shapes
[04Apr2025 19:48:53.583] [main/DEBUG] [mixin/]: Mixing DiscreteVSAccess from ferritecore.blockstatecache.mixin.json into net.minecraft.world.phys.shapes.DiscreteVoxelShape
[04Apr2025 19:48:53.587] [main/DEBUG] [mixin/]: Mixing BitSetDVSAccess from ferritecore.blockstatecache.mixin.json into net.minecraft.world.phys.shapes.BitSetDiscreteVoxelShape
[04Apr2025 19:48:53.591] [main/DEBUG] [mixin/]: Mixing multipart_entities.VoxelShapeMixin from cerbons_api-common.mixins.json into net.minecraft.world.phys.shapes.VoxelShape
[04Apr2025 19:48:53.593] [main/DEBUG] [mixin/]: Mixing VoxelShapeAccess from ferritecore.blockstatecache.mixin.json into net.minecraft.world.phys.shapes.VoxelShape
[04Apr2025 19:48:53.597] [main/DEBUG] [mixin/]: Mixing multipart_entities.InvokerArrayVoxelShape from cerbons_api-common.mixins.json into net.minecraft.world.phys.shapes.ArrayVoxelShape
[04Apr2025 19:48:53.598] [main/DEBUG] [mixin/]: Renaming @Invoker method init(Lnet/minecraft/world/phys/shapes/DiscreteVoxelShape;Lit/unimi/dsi/fastutil/doubles/DoubleList;Lit/unimi/dsi/fastutil/doubles/DoubleList;Lit/unimi/dsi/fastutil/doubles/DoubleList;)Lnet/minecraft/world/phys/shapes/ArrayVoxelShape; to init_$md$f2554f$0 in cerbons_api-common.mixins.json:multipart_entities.InvokerArrayVoxelShape
[04Apr2025 19:48:53.598] [main/DEBUG] [mixin/]: Mixing ArrayVSAccess from ferritecore.blockstatecache.mixin.json into net.minecraft.world.phys.shapes.ArrayVoxelShape
[04Apr2025 19:48:53.601] [main/DEBUG] [mixin/]: Mixing SliceShapeAccess from ferritecore.blockstatecache.mixin.json into net.minecraft.world.phys.shapes.SliceShape
[04Apr2025 19:48:53.849] [main/DEBUG] [mixin/]: Mixing common.accessor.SpreadingSnowyDirtBlockAccessor from aether.mixins.json into net.minecraft.world.level.block.SpreadingSnowyDirtBlock
[04Apr2025 19:48:53.850] [main/DEBUG] [mixin/]: Renaming @Invoker method callCanBeGrass(Lnet/minecraft/world/level/block/state/BlockState;Lnet/minecraft/world/level/LevelReader;Lnet/minecraft/core/BlockPos;)Z to callCanBeGrass_$md$f2554f$0 in aether.mixins.json:common.accessor.SpreadingSnowyDirtBlockAccessor
[04Apr2025 19:48:53.850] [main/DEBUG] [mixin/]: Renaming @Invoker method callCanPropagate(Lnet/minecraft/world/level/block/state/BlockState;Lnet/minecraft/world/level/LevelReader;Lnet/minecraft/core/BlockPos;)Z to callCanPropagate_$md$f2554f$1 in aether.mixins.json:common.accessor.SpreadingSnowyDirtBlockAccessor
[04Apr2025 19:48:53.855] [main/DEBUG] [mixin/]: Mixing common.accessor.BushBlockAccessor from aether.mixins.json into net.minecraft.world.level.block.BushBlock
[04Apr2025 19:48:53.868] [main/DEBUG] [net.minecraftforge.coremod.transformer.CoreModBaseTransformer/COREMOD]: Transforming net/minecraft/world/level/block/LiquidBlock
[04Apr2025 19:48:53.870] [main/DEBUG] [mixin/]: Mixing inject.MixinLiquidBlock from architectury-common.mixins.json into net.minecraft.world.level.block.LiquidBlock
[04Apr2025 19:48:53.883] [main/DEBUG] [mixin/]: Mixing ShearableBlocksMixin from wthit.mixins.json into net.minecraft.world.level.block.LeavesBlock
[04Apr2025 19:48:53.884] [main/DEBUG] [mixin/]: wthit.mixins.json:ShearableBlocksMixin: Class version 61 required is higher than the class version supported by the current version of Mixin (JAVA_16 supports class version 60)
[04Apr2025 19:48:53.888] [main/DEBUG] [mixin/]: Mixing ShearableBlocksMixin from wthit.mixins.json into net.minecraft.world.level.block.CherryLeavesBlock
[04Apr2025 19:48:53.888] [main/DEBUG] [mixin/]: wthit.mixins.json:ShearableBlocksMixin: Class version 61 required is higher than the class version supported by the current version of Mixin (JAVA_16 supports class version 60)
[04Apr2025 19:48:53.889] [main/DEBUG] [mixin/]: Mixing ShearableBlocksMixin from wthit.mixins.json into net.minecraft.world.level.block.MangroveLeavesBlock
[04Apr2025 19:48:53.889] [main/DEBUG] [mixin/]: wthit.mixins.json:ShearableBlocksMixin: Class version 61 required is higher than the class version supported by the current version of Mixin (JAVA_16 supports class version 60)
[04Apr2025 19:48:53.895] [main/DEBUG] [mixin/]: Mixing CuttingBoardDispenserMixin from farmersdelight.mixins.json into net.minecraft.world.level.block.DispenserBlock
[04Apr2025 19:48:53.901] [main/DEBUG] [mixin/]: Mixing blocks.DispenserBlockInvoker from the_bumblezone-common.mixins.json into net.minecraft.world.level.block.DispenserBlock
[04Apr2025 19:48:53.909] [main/DEBUG] [mixin/]: Mixing NoteBlockMixin from blueprint.mixins.json into net.minecraft.world.level.block.NoteBlock
[04Apr2025 19:48:53.911] [main/DEBUG] [mixin/]: Mixing NoteBlockAccess from wthit.mixins.json into net.minecraft.world.level.block.NoteBlock
[04Apr2025 19:48:53.911] [main/DEBUG] [mixin/]: wthit.mixins.json:NoteBlockAccess: Class version 61 required is higher than the class version supported by the current version of Mixin (JAVA_16 supports class version 60)
[04Apr2025 19:48:53.924] [main/DEBUG] [mixin/]: Mixing blocks.PistonBaseBlockMixin from the_bumblezone-common.mixins.json into net.minecraft.world.level.block.piston.PistonBaseBlock
[04Apr2025 19:48:53.931] [main/DEBUG] [mixin/]: Mixing ShearableBlocksMixin from wthit.mixins.json into net.minecraft.world.level.block.WebBlock
[04Apr2025 19:48:53.931] [main/DEBUG] [mixin/]: wthit.mixins.json:ShearableBlocksMixin: Class version 61 required is higher than the class version supported by the current version of Mixin (JAVA_16 supports class version 60)
[04Apr2025 19:48:53.933] [main/DEBUG] [mixin/]: Mixing ShearableBlocksMixin from wthit.mixins.json into net.minecraft.world.level.block.TallGrassBlock
[04Apr2025 19:48:53.933] [main/DEBUG] [mixin/]: wthit.mixins.json:ShearableBlocksMixin: Class version 61 required is higher than the class version supported by the current version of Mixin (JAVA_16 supports class version 60)
[04Apr2025 19:48:53.935] [main/DEBUG] [mixin/]: Mixing lost_caves.DeadBushBlockMixin from yungscavebiomes.mixins.json into net.minecraft.world.level.block.DeadBushBlock
[04Apr2025 19:48:53.936] [main/DEBUG] [mixin/]: Mixing ShearableBlocksMixin from wthit.mixins.json into net.minecraft.world.level.block.DeadBushBlock
[04Apr2025 19:48:53.936] [main/DEBUG] [mixin/]: wthit.mixins.json:ShearableBlocksMixin: Class version 61 required is higher than the class version supported by the current version of Mixin (JAVA_16 supports class version 60)
[04Apr2025 19:48:53.940] [main/DEBUG] [mixin/]: Mixing ShearableBlocksMixin from wthit.mixins.json into net.minecraft.world.level.block.SeagrassBlock
[04Apr2025 19:48:53.940] [main/DEBUG] [mixin/]: wthit.mixins.json:ShearableBlocksMixin: Class version 61 required is higher than the class version supported by the current version of Mixin (JAVA_16 supports class version 60)
[04Apr2025 19:48:53.947] [main/DEBUG] [net.minecraftforge.coremod.transformer.CoreModBaseTransformer/COREMOD]: Transforming m_7898_ with desc (Lnet/minecraft/world/level/block/state/BlockState;Lnet/minecraft/world/level/LevelReader;Lnet/minecraft/core/BlockPos;)Z
[04Apr2025 19:48:53.957] [main/DEBUG] [mixin/]: Mixing ChiseledBookShelfBlockAccess from wthit.mixins.json into net.minecraft.world.level.block.ChiseledBookShelfBlock
[04Apr2025 19:48:53.957] [main/DEBUG] [mixin/]: wthit.mixins.json:ChiseledBookShelfBlockAccess: Class version 61 required is higher than the class version supported by the current version of Mixin (JAVA_16 supports class version 60)
[04Apr2025 19:48:53.957] [main/DEBUG] [mixin/]: Renaming @Invoker method wthit_getRelativeHitCoordinatesForBlockFace(Lnet/minecraft/world/phys/BlockHitResult;Lnet/minecraft/core/Direction;)Ljava/util/Optional; to wthit_getRelativeHitCoordinatesForBlockFace_$md$f2554f$0 in wthit.mixins.json:ChiseledBookShelfBlockAccess
[04Apr2025 19:48:53.957] [main/DEBUG] [mixin/]: Renaming @Invoker method wthit_getHitSlot(Lnet/minecraft/world/phys/Vec2;)I to wthit_getHitSlot_$md$f2554f$1 in wthit.mixins.json:ChiseledBookShelfBlockAccess
[04Apr2025 19:48:53.964] [main/DEBUG] [net.minecraftforge.coremod.transformer.CoreModBaseTransformer/COREMOD]: Transforming net/minecraft/world/level/block/StairBlock
[04Apr2025 19:48:53.969] [main/DEBUG] [mixin/]: Mixing ChestBlockMixin from tombstone.mixins.json into net.minecraft.world.level.block.ChestBlock
[04Apr2025 19:48:53.982] [main/DEBUG] [mixin/]: Mixing CropBlockMixin from balm.mixins.json into net.minecraft.world.level.block.CropBlock
[04Apr2025 19:48:53.984] [main/DEBUG] [mixin/]: Mixing CropPlacerMixin from ru.mixin.json into net.minecraft.world.level.block.CropBlock
[04Apr2025 19:48:54.033] [main/DEBUG] [mixin/]: Mixing IceBlockMixin from mixins.bosses_of_mass_destruction.json into net.minecraft.world.level.block.IceBlock
[04Apr2025 19:48:54.045] [main/DEBUG] [mixin/]: Mixing lost_caves.CactusBlockMixin from yungscavebiomes.mixins.json into net.minecraft.world.level.block.CactusBlock
[04Apr2025 19:48:54.064] [main/DEBUG] [mixin/]: Mixing NetherrackBlockMixin from ru.mixin.json into net.minecraft.world.level.block.NetherrackBlock
[04Apr2025 19:48:54.086] [main/DEBUG] [mixin/]: Mixing IronBarsBlockMixin from blue_skies.mixins.json into net.minecraft.world.level.block.IronBarsBlock
[04Apr2025 19:48:54.094] [main/DEBUG] [mixin/]: Mixing StemBlockMixin from balm.mixins.json into net.minecraft.world.level.block.StemBlock
[04Apr2025 19:48:54.100] [main/DEBUG] [mixin/]: Mixing ShearableBlocksMixin from wthit.mixins.json into net.minecraft.world.level.block.VineBlock
[04Apr2025 19:48:54.100] [main/DEBUG] [mixin/]: wthit.mixins.json:ShearableBlocksMixin: Class version 61 required is higher than the class version supported by the current version of Mixin (JAVA_16 supports class version 60)
[04Apr2025 19:48:54.100] [main/DEBUG] [mixin/]: Mixing blocks.VineBlockAccessor from the_bumblezone-common.mixins.json into net.minecraft.world.level.block.VineBlock
[04Apr2025 19:48:54.106] [main/DEBUG] [mixin/]: Mixing blocks.WaterlilyBlockMixin from the_bumblezone-common.mixins.json into net.minecraft.world.level.block.WaterlilyBlock
[04Apr2025 19:48:54.121] [main/DEBUG] [mixin/]: Mixing CauldronBlockMixin from undergarden.mixins.json into net.minecraft.world.level.block.CauldronBlock
[04Apr2025 19:48:54.132] [main/DEBUG] [mixin/]: Mixing accessor.AbstractCauldronBlockAccessor from yungscavebiomes.mixins.json into net.minecraft.world.level.block.AbstractCauldronBlock
[04Apr2025 19:48:54.132] [main/DEBUG] [mixin/]: Mixing frosted_caves.AbstractCauldronBlockMixin from yungscavebiomes.mixins.json into net.minecraft.world.level.block.AbstractCauldronBlock
[04Apr2025 19:48:54.151] [main/DEBUG] [net.minecraftforge.coremod.transformer.CoreModBaseTransformer/COREMOD]: Transforming net/minecraft/world/level/block/FlowerPotBlock
[04Apr2025 19:48:54.232] [main/DEBUG] [mixin/]: Mixing common.accessor.ConcretePowderBlockAccessor from aether.mixins.json into net.minecraft.world.level.block.ConcretePowderBlock
[04Apr2025 19:48:54.233] [main/DEBUG] [mixin/]: Renaming @Invoker method callShouldSolidify(Lnet/minecraft/world/level/BlockGetter;Lnet/minecraft/core/BlockPos;Lnet/minecraft/world/level/block/state/BlockState;)Z to callShouldSolidify_$md$f2554f$0 in aether.mixins.json:common.accessor.ConcretePowderBlockAccessor
[04Apr2025 19:48:54.257] [main/DEBUG] [mixin/]: Mixing BubbleColumnBlockMixin from undergarden.mixins.json into net.minecraft.world.level.block.BubbleColumnBlock
[04Apr2025 19:48:54.260] [main/DEBUG] [mixin/]: Mixing blocks.BubbleColumnBlockMixin from the_bumblezone-common.mixins.json into net.minecraft.world.level.block.BubbleColumnBlock
[04Apr2025 19:48:54.278] [main/DEBUG] [mixin/]: Mixing CampfireBaleMixin from farmersdelight.mixins.json into net.minecraft.world.level.block.CampfireBlock
[04Apr2025 19:48:54.361] [main/DEBUG] [mixin/]: Mixing blocks.BeehiveMixin from the_bumblezone-common.mixins.json into net.minecraft.world.level.block.BeehiveBlock
[04Apr2025 19:48:54.377] [main/DEBUG] [mixin/]: Mixing MixinPowderSnowBlock from curios.mixins.json into net.minecraft.world.level.block.PowderSnowBlock
[04Apr2025 19:48:54.378] [main/DEBUG] [mixin/]: Mixing PowderSnowBlockMixin from deep_aether.mixins.json into net.minecraft.world.level.block.PowderSnowBlock
[04Apr2025 19:48:54.395] [main/DEBUG] [mixin/]: Mixing PointedDripstoneMixin from undergarden.mixins.json into net.minecraft.world.level.block.PointedDripstoneBlock
[04Apr2025 19:48:54.405] [main/DEBUG] [mixin/]: Mixing blocks.PointedDripstoneBlockMixin from the_bumblezone-common.mixins.json into net.minecraft.world.level.block.PointedDripstoneBlock
[04Apr2025 19:48:54.427] [main/DEBUG] [mixin/]: Mixing blocks.BigDripleafBlockMixin from the_bumblezone-common.mixins.json into net.minecraft.world.level.block.BigDripleafBlock
[04Apr2025 19:48:54.435] [main/DEBUG] [mixin/]: Mixing blocks.BigDripleafStemBlockMixin from the_bumblezone-common.mixins.json into net.minecraft.world.level.block.BigDripleafStemBlock
[04Apr2025 19:48:54.440] [main/DEBUG] [mixin/]: Mixing blocks.SmallDripleafBlockMixin from the_bumblezone-common.mixins.json into net.minecraft.world.level.block.SmallDripleafBlock
[04Apr2025 19:48:54.451] [main/DEBUG] [mixin/]: Mixing blocks.FrogspawnBlockMixin from the_bumblezone-common.mixins.json into net.minecraft.world.level.block.FrogspawnBlock
[04Apr2025 19:48:54.500] [main/DEBUG] [mixin/]: Mixing blocks.WaterEquivalenceMixin from the_bumblezone-common.mixins.json into net.minecraft.world.level.material.WaterFluid
[04Apr2025 19:48:54.505] [main/DEBUG] [mixin/]: Mixing blocks.FlowingFluidAccessor from the_bumblezone-common.mixins.json into net.minecraft.world.level.material.FlowingFluid
[04Apr2025 19:48:54.510] [main/DEBUG] [mixin/]: Mixing LavaFluidMixin from deep_aether.mixins.json into net.minecraft.world.level.material.LavaFluid
[04Apr2025 19:48:54.739] [main/DEBUG] [mixin/]: Mixing DyeColorMixin from deep_aether.mixins.json into net.minecraft.world.item.DyeColor
[04Apr2025 19:48:54.763] [main/DEBUG] [mixin/]: Mixing blocks.BlockEntityAccessor from the_bumblezone-common.mixins.json into net.minecraft.world.level.block.entity.BlockEntity
[04Apr2025 19:48:54.763] [main/DEBUG] [mixin/]: Mixing MixinTileEntity from notenoughcrashes.mixins.json into net.minecraft.world.level.block.entity.BlockEntity
[04Apr2025 19:48:54.763] [main/DEBUG] [mixin/]: Renaming synthetic method lambda$onPopulateCrashReport$0()Ljava/lang/String; to mdf2554f$lambda$onPopulateCrashReport$0$0 in notenoughcrashes.mixins.json:MixinTileEntity
[04Apr2025 19:48:54.772] [main/DEBUG] [mixin/]: Mixing accessor.BrushableBlockEntityAccessor from yungscavebiomes.mixins.json into net.minecraft.world.level.block.entity.BrushableBlockEntity
[04Apr2025 19:48:54.774] [main/DEBUG] [mixin/]: Mixing BrushableBlockEntityMixin from tombstone.mixins.json into net.minecraft.world.level.block.entity.BrushableBlockEntity
[04Apr2025 19:48:54.795] [main/DEBUG] [mixin/]: Mixing FallingBlockEntityMixin from blueprint.mixins.json into net.minecraft.world.entity.item.FallingBlockEntity
[04Apr2025 19:48:54.797] [main/DEBUG] [mixin/]: Mixing MixinFallingBlockEntity from architectury.mixins.json into net.minecraft.world.entity.item.FallingBlockEntity
[04Apr2025 19:48:54.799] [main/DEBUG] [mixin/]: Mixing blocks.FallingBlockEntityAccessor from the_bumblezone-common.mixins.json into net.minecraft.world.entity.item.FallingBlockEntity
[04Apr2025 19:48:54.861] [main/DEBUG] [mixin/]: Mixing RandomizableContainerBlockEntityAccess from wthit.mixins.json into net.minecraft.world.level.block.entity.RandomizableContainerBlockEntity
[04Apr2025 19:48:54.861] [main/DEBUG] [mixin/]: wthit.mixins.json:RandomizableContainerBlockEntityAccess: Class version 61 required is higher than the class version supported by the current version of Mixin (JAVA_16 supports class version 60)
[04Apr2025 19:48:54.863] [main/DEBUG] [mixin/]: Mixing BaseContainerBlockEntityAccess from wthit.mixins.json into net.minecraft.world.level.block.entity.BaseContainerBlockEntity
[04Apr2025 19:48:54.863] [main/DEBUG] [mixin/]: wthit.mixins.json:BaseContainerBlockEntityAccess: Class version 61 required is higher than the class version supported by the current version of Mixin (JAVA_16 supports class version 60)
[04Apr2025 19:48:54.872] [main/DEBUG] [mixin/]: Mixing blocks.DefaultDispenseItemBehaviorInvoker from the_bumblezone-common.mixins.json into net.minecraft.core.dispenser.DefaultDispenseItemBehavior
[04Apr2025 19:48:54.981] [main/DEBUG] [mixin/]: Mixing blocks.PistonMovingBlockEntityMixin from the_bumblezone-common.mixins.json into net.minecraft.world.level.block.piston.PistonMovingBlockEntity
[04Apr2025 19:48:55.008] [main/DEBUG] [mixin/]: Mixing KeepRichSoilTreeMixin from farmersdelight.mixins.json into net.minecraft.world.level.levelgen.feature.trunkplacers.TrunkPlacer
[04Apr2025 19:48:55.009] [main/DEBUG] [mixin/]: Renaming synthetic method lambda$cancelSetDirtIfRichSoil$0(Lnet/minecraft/world/level/block/state/BlockState;)Z to mdf2554f$lambda$cancelSetDirtIfRichSoil$0$0 in farmersdelight.mixins.json:KeepRichSoilTreeMixin
[04Apr2025 19:48:55.009] [main/DEBUG] [mixin/]: Mixing TrunkPlacerDirtMixin from ru.mixin.json into net.minecraft.world.level.levelgen.feature.trunkplacers.TrunkPlacer
[04Apr2025 19:48:55.009] [main/DEBUG] [mixin/]: Renaming synthetic method lambda$isAlphaGrass$2(Lnet/minecraft/world/level/block/state/BlockState;)Z to mdf2554f$lambda$isAlphaGrass$2$1 in ru.mixin.json:TrunkPlacerDirtMixin
[04Apr2025 19:48:55.009] [main/DEBUG] [mixin/]: Renaming synthetic method lambda$isPlainsGrass$1(Lnet/minecraft/world/level/block/state/BlockState;)Z to mdf2554f$lambda$isPlainsGrass$1$2 in ru.mixin.json:TrunkPlacerDirtMixin
[04Apr2025 19:48:55.009] [main/DEBUG] [mixin/]: Renaming synthetic method lambda$isForestGrass$0(Lnet/minecraft/world/level/block/state/BlockState;)Z to mdf2554f$lambda$isForestGrass$0$3 in ru.mixin.json:TrunkPlacerDirtMixin
[04Apr2025 19:48:55.049] [main/DEBUG] [mixin/]: Mixing ChiseledBookShelfBlockEntityAccess from wthit.mixins.json into net.minecraft.world.level.block.entity.ChiseledBookShelfBlockEntity
[04Apr2025 19:48:55.049] [main/DEBUG] [mixin/]: wthit.mixins.json:ChiseledBookShelfBlockEntityAccess: Class version 61 required is higher than the class version supported by the current version of Mixin (JAVA_16 supports class version 60)
[04Apr2025 19:48:55.163] [main/DEBUG] [mixin/]: Mixing common.accessor.AbstractContainerMenuAccessor from aether.mixins.json into net.minecraft.world.inventory.AbstractContainerMenu
[04Apr2025 19:48:55.169] [main/DEBUG] [mixin/]: Mixing ContainerMenuMixin from mixins.deeperdarker.json into net.minecraft.world.inventory.CraftingMenu
[04Apr2025 19:48:55.181] [main/DEBUG] [mixin/]: Mixing common.accessor.AbstractFurnaceBlockEntityAccessor from aether.mixins.json into net.minecraft.world.level.block.entity.AbstractFurnaceBlockEntity
[04Apr2025 19:48:55.182] [main/DEBUG] [mixin/]: Renaming @Invoker method callGetTotalCookTime(Lnet/minecraft/world/level/Level;Lnet/minecraft/world/level/block/entity/AbstractFurnaceBlockEntity;)I to callGetTotalCookTime_$md$f2554f$0 in aether.mixins.json:common.accessor.AbstractFurnaceBlockEntityAccessor
[04Apr2025 19:48:55.182] [main/DEBUG] [mixin/]: Mixing AbstractFurnaceBlockEntityAccess from wthit.mixins.json into net.minecraft.world.level.block.entity.AbstractFurnaceBlockEntity
[04Apr2025 19:48:55.182] [main/DEBUG] [mixin/]: wthit.mixins.json:AbstractFurnaceBlockEntityAccess: Class version 61 required is higher than the class version supported by the current version of Mixin (JAVA_16 supports class version 60)
[04Apr2025 19:48:55.231] [main/DEBUG] [mixin/]: Mixing multipart_entities.AABBMixin from cerbons_api-common.mixins.json into net.minecraft.world.phys.AABB
[04Apr2025 19:48:55.241] [main/DEBUG] [mixin/]: Mixing common.AbstractArrowMixin from aether.mixins.json into net.minecraft.world.entity.projectile.AbstractArrow
[04Apr2025 19:48:55.242] [main/DEBUG] [mixin/]: Renaming synthetic method lambda$tick$0(Lcom/aetherteam/aether/capability/arrow/PhoenixArrow;)V to mdf2554f$lambda$tick$0$0 in aether.mixins.json:common.AbstractArrowMixin
[04Apr2025 19:48:55.245] [main/DEBUG] [mixin/]: Mixing PersistentTridentMixin from betteroceanmonuments.mixins.json into net.minecraft.world.entity.projectile.AbstractArrow
[04Apr2025 19:48:55.246] [main/DEBUG] [mixin/]: Mixing accessor.AbstractArrowAccessor from yungscavebiomes.mixins.json into net.minecraft.world.entity.projectile.AbstractArrow
[04Apr2025 19:48:55.247] [main/DEBUG] [mixin/]: Mixing frosted_caves.AbstractArrowMixin from yungscavebiomes.mixins.json into net.minecraft.world.entity.projectile.AbstractArrow
[04Apr2025 19:48:55.253] [main/DEBUG] [mixin/]: Mixing entities.AbstractArrowMixin from the_bumblezone-common.mixins.json into net.minecraft.world.entity.projectile.AbstractArrow
[04Apr2025 19:48:55.269] [main/DEBUG] [net.minecraftforge.coremod.transformer.CoreModBaseTransformer/COREMOD]: Transforming m_226857_ with desc (Lnet/minecraft/world/level/levelgen/structure/pieces/StructurePieceSerializationContext;Lnet/minecraft/nbt/CompoundTag;J)Lnet/minecraft/world/level/levelgen/structure/StructureStart;
[04Apr2025 19:48:55.273] [main/DEBUG] [mixin/]: Mixing accessor.ProjectileAccessor from betteroceanmonuments.mixins.json into net.minecraft.world.entity.projectile.Projectile
[04Apr2025 19:48:55.273] [main/DEBUG] [mixin/]: Mixing multipart_entities.ProjectileMixin from cerbons_api-common.mixins.json into net.minecraft.world.entity.projectile.Projectile
[04Apr2025 19:48:55.302] [main/DEBUG] [mixin/]: Mixing common.MobMixin from aether.mixins.json into net.minecraft.world.entity.Mob
[04Apr2025 19:48:55.303] [main/DEBUG] [mixin/]: Renaming synthetic method lambda$equipItemIfPossible$0(Lnet/minecraft/world/item/ItemStack;Lnet/minecraft/world/entity/Mob;Lorg/spongepowered/asm/mixin/injection/callback/CallbackInfoReturnable;Lcom/aetherteam/aether/capability/accessory/MobAccessory;)V to mdf2554f$lambda$equipItemIfPossible$0$0 in aether.mixins.json:common.MobMixin
[04Apr2025 19:48:55.307] [main/DEBUG] [mixin/]: Mixing debug.MobAccessor from yungscavebiomes.mixins.json into net.minecraft.world.entity.Mob
[04Apr2025 19:48:55.307] [main/DEBUG] [mixin/]: Mixing MobMixin from tombstone.mixins.json into net.minecraft.world.entity.Mob
[04Apr2025 19:48:55.309] [main/DEBUG] [mixin/]: Renaming synthetic method lambda$methodSetTarget$2(Lnet/minecraft/world/entity/LivingEntity;Ljava/util/UUID;)Ljava/lang/Boolean; to mdf2554f$lambda$methodSetTarget$2$1 in tombstone.mixins.json:MobMixin
[04Apr2025 19:48:55.309] [main/DEBUG] [mixin/]: Renaming synthetic method lambda$methodCanBeLeashed$1(Lnet/minecraft/world/entity/player/Player;Ljava/util/UUID;)Ljava/lang/Boolean; to mdf2554f$lambda$methodCanBeLeashed$1$2 in tombstone.mixins.json:MobMixin
[04Apr2025 19:48:55.309] [main/DEBUG] [mixin/]: Renaming synthetic method lambda$methodTick$0(Lnet/minecraft/world/entity/Mob;Lovh/corail/tombstone/api/capability/ISpellCaster;)V to mdf2554f$lambda$methodTick$0$3 in tombstone.mixins.json:MobMixin
[04Apr2025 19:48:55.316] [main/DEBUG] [mixin/]: Mixing entities.MobAccessor from the_bumblezone-common.mixins.json into net.minecraft.world.entity.Mob
[04Apr2025 19:48:55.316] [main/DEBUG] [mixin/]: Mixing items.HoneyShieldMobMixin from the_bumblezone-common.mixins.json into net.minecraft.world.entity.Mob
[04Apr2025 19:48:55.361] [main/DEBUG] [mixin/]: Mixing MonsterMixin from tombstone.mixins.json into net.minecraft.world.entity.monster.Monster
[04Apr2025 19:48:55.407] [main/DEBUG] [mixin/]: Mixing ContainerMenuMixin from mixins.deeperdarker.json into net.minecraft.world.inventory.EnchantmentMenu
[04Apr2025 19:48:55.418] [main/DEBUG] [mixin/]: Mixing BrewingFuelMixin from deep_aether.mixins.json into net.minecraft.world.level.block.entity.BrewingStandBlockEntity
[04Apr2025 19:48:55.748] [main/DEBUG] [net.minecraftforge.coremod.transformer.CoreModBaseTransformer/COREMOD]: Transforming net/minecraft/world/item/ItemStack
[04Apr2025 19:48:55.749] [main/DEBUG] [mixin/]: Mixing ItemStackMixin from bettercombat.mixins.json into net.minecraft.world.item.ItemStack
[04Apr2025 19:48:55.749] [main/DEBUG] [mixin/]: Mixing ItemStackMixin from tombstone.mixins.json into net.minecraft.world.item.ItemStack
[04Apr2025 19:48:55.750] [main/DEBUG] [mixin/]: Mixing ItemStackMixin from mixins.deeperdarker.json into net.minecraft.world.item.ItemStack
[04Apr2025 19:48:55.770] [main/DEBUG] [mixin/]: Mixing ContainerMenuMixin from mixins.deeperdarker.json into net.minecraft.world.inventory.ChestMenu
[04Apr2025 19:48:55.789] [main/DEBUG] [mixin/]: Mixing BeaconBlockEntityAccess from wthit.mixins.json into net.minecraft.world.level.block.entity.BeaconBlockEntity
[04Apr2025 19:48:55.789] [main/DEBUG] [mixin/]: wthit.mixins.json:BeaconBlockEntityAccess: Class version 61 required is higher than the class version supported by the current version of Mixin (JAVA_16 supports class version 60)
[04Apr2025 19:48:55.864] [main/DEBUG] [mixin/]: Mixing ContainerMenuMixin from mixins.deeperdarker.json into net.minecraft.world.inventory.ItemCombinerMenu
[04Apr2025 19:48:55.977] [main/DEBUG] [mixin/]: Mixing TheEndGatewayBlockEntityMixin from betterendisland.mixins.json into net.minecraft.world.level.block.entity.TheEndGatewayBlockEntity
[04Apr2025 19:48:55.996] [main/DEBUG] [mixin/]: Mixing entities.AnimalMixin from the_bumblezone-common.mixins.json into net.minecraft.world.entity.animal.Animal
[04Apr2025 19:48:56.000] [main/DEBUG] [mixin/]: Mixing entities.AgeableMobAccessor from the_bumblezone-common.mixins.json into net.minecraft.world.entity.AgeableMob
[04Apr2025 19:48:56.000] [main/DEBUG] [mixin/]: Renaming @Accessor method bumblezone$getDATA_BABY_ID()Lnet/minecraft/network/syncher/EntityDataAccessor; to bumblezone$getDATA_BABY_ID_$md$f2554f$0 in the_bumblezone-common.mixins.json:entities.AgeableMobAccessor
[04Apr2025 19:48:56.257] [main/DEBUG] [mixin/]: Mixing ContainerMenuMixin from mixins.deeperdarker.json into net.minecraft.world.inventory.LoomMenu
[04Apr2025 19:48:56.265] [main/DEBUG] [mixin/]: Mixing ContainerMenuMixin from mixins.deeperdarker.json into net.minecraft.world.inventory.CartographyTableMenu
[04Apr2025 19:48:56.274] [main/DEBUG] [mixin/]: Mixing ContainerMenuMixin from mixins.deeperdarker.json into net.minecraft.world.inventory.GrindstoneMenu
[04Apr2025 19:48:56.283] [main/DEBUG] [mixin/]: Mixing SmithingMenuMixin from citadel.mixins.json into net.minecraft.world.inventory.SmithingMenu
[04Apr2025 19:48:56.287] [main/DEBUG] [mixin/]: Mixing ContainerMenuMixin from mixins.deeperdarker.json into net.minecraft.world.inventory.StonecutterMenu
[04Apr2025 19:48:56.306] [main/DEBUG] [mixin/]: Mixing StructureBlockEntityMixin from structure_gel.mixins.json into net.minecraft.world.level.block.entity.StructureBlockEntity
[04Apr2025 19:48:56.307] [main/DEBUG] [mixin/]: Mixing TemplateMixins$StructureBlockEntityMixin from structure_gel.mixins.json into net.minecraft.world.level.block.entity.StructureBlockEntity
[04Apr2025 19:48:56.320] [main/DEBUG] [mixin/]: Mixing BeehiveBlockEntityAccess from wthit.mixins.json into net.minecraft.world.level.block.entity.BeehiveBlockEntity
[04Apr2025 19:48:56.320] [main/DEBUG] [mixin/]: wthit.mixins.json:BeehiveBlockEntityAccess: Class version 61 required is higher than the class version supported by the current version of Mixin (JAVA_16 supports class version 60)
[04Apr2025 19:48:56.320] [main/DEBUG] [mixin/]: Mixing blocks.BeehiveBlockEntityMixin from the_bumblezone-common.mixins.json into net.minecraft.world.level.block.entity.BeehiveBlockEntity
[04Apr2025 19:48:56.390] [main/DEBUG] [mixin/]: Mixing MixinLightningBolt from architectury-common.mixins.json into net.minecraft.world.entity.LightningBolt
[04Apr2025 19:48:56.392] [main/DEBUG] [mixin/]: Mixing entities.LightningBoltMixin from the_bumblezone-common.mixins.json into net.minecraft.world.entity.LightningBolt
[04Apr2025 19:48:56.474] [main/DEBUG] [net.minecraftforge.coremod.transformer.CoreModBaseTransformer/COREMOD]: Transforming net/minecraft/world/entity/animal/frog/Tadpole
[04Apr2025 19:48:56.510] [main/DEBUG] [mixin/]: Mixing accessor.BlockItemAccessor from puzzleslib.common.mixins.json into net.minecraft.world.item.BlockItem
[04Apr2025 19:48:56.510] [main/DEBUG] [mixin/]: Mixing blocks.WaterlogForPlacingBlockMixin from the_bumblezone-common.mixins.json into net.minecraft.world.item.BlockItem
[04Apr2025 19:48:56.518] [main/DEBUG] [mixin/]: Mixing blocks.WaterlogForPlacingBlockMixin from the_bumblezone-common.mixins.json into net.minecraft.world.item.StandingAndWallBlockItem
[04Apr2025 19:48:56.532] [main/DEBUG] [mixin/]: Mixing RangedWeaponItemMixin from bettercombat.mixins.json into net.minecraft.world.item.ProjectileWeaponItem
[04Apr2025 19:48:56.543] [main/DEBUG] [mixin/]: Mixing DiggerItemMixin from blue_skies.mixins.json into net.minecraft.world.item.DiggerItem
[04Apr2025 19:48:56.544] [main/DEBUG] [mixin/]: Renaming synthetic method lambda$hurtEnemy$0(Lnet/minecraft/world/entity/LivingEntity;)V to mdf2554f$lambda$hurtEnemy$0$0 in blue_skies.mixins.json:DiggerItemMixin
[04Apr2025 19:48:56.558] [main/DEBUG] [mixin/]: Mixing common.accessor.HoeItemAccessor from aether.mixins.json into net.minecraft.world.item.HoeItem
[04Apr2025 19:48:56.559] [main/DEBUG] [mixin/]: Renaming @Accessor method aether$getTillables()Ljava/util/Map; to aether$getTillables_$md$f2554f$0 in aether.mixins.json:common.accessor.HoeItemAccessor
[04Apr2025 19:48:56.561] [main/DEBUG] [mixin/]: Mixing SoupItemMixin from farmersdelight.mixins.json into net.minecraft.world.item.BowlFoodItem
[04Apr2025 19:48:56.572] [main/DEBUG] [mixin/]: Mixing HangingEntityItemMixin from mixins.deeperdarker.json into net.minecraft.world.item.HangingEntityItem
[04Apr2025 19:48:56.580] [main/DEBUG] [net.minecraftforge.coremod.transformer.CoreModBaseTransformer/COREMOD]: Transforming m_218868_ with desc ()Ljava/util/OptionalInt;
[04Apr2025 19:48:56.584] [main/DEBUG] [net.minecraftforge.coremod.transformer.CoreModBaseTransformer/COREMOD]: Transforming net/minecraft/world/item/BucketItem
[04Apr2025 19:48:56.585] [main/DEBUG] [mixin/]: Mixing inject.MixinBucketItem from architectury-common.mixins.json into net.minecraft.world.item.BucketItem
[04Apr2025 19:48:56.593] [main/DEBUG] [mixin/]: Mixing BundleItemMixin from tombstone.mixins.json into net.minecraft.world.item.BundleItem
[04Apr2025 19:48:56.594] [main/DEBUG] [mixin/]: Renaming synthetic method lambda$getEnchantmentLevel$0(Lnet/minecraft/world/item/ItemStack;Lovh/corail/tombstone/api/capability/ISoulConsumer;)Ljava/lang/Boolean; to mdf2554f$lambda$getEnchantmentLevel$0$0 in tombstone.mixins.json:BundleItemMixin
[04Apr2025 19:48:56.601] [main/DEBUG] [net.minecraftforge.coremod.transformer.CoreModBaseTransformer/COREMOD]: Transforming m_7373_ with desc (Lnet/minecraft/world/item/ItemStack;Lnet/minecraft/world/level/Level;Ljava/util/List;Lnet/minecraft/world/item/TooltipFlag;)V
[04Apr2025 19:48:56.602] [main/DEBUG] [mixin/]: Mixing items.MapItemMixin from the_bumblezone-common.mixins.json into net.minecraft.world.item.MapItem
[04Apr2025 19:48:56.609] [main/DEBUG] [mixin/]: Mixing MixinShearsItem from curios.mixins.json into net.minecraft.world.item.ShearsItem
[04Apr2025 19:48:56.612] [main/DEBUG] [mixin/]: Mixing PotionItemMixin from tombstone.mixins.json into net.minecraft.world.item.PotionItem
[04Apr2025 19:48:56.612] [main/DEBUG] [mixin/]: Renaming synthetic method lambda$methodFinishUsingItemReturn$1(Lnet/minecraft/world/entity/LivingEntity;Lovh/corail/tombstone/api/capability/ITBCapability;)V to mdf2554f$lambda$methodFinishUsingItemReturn$1$0 in tombstone.mixins.json:PotionItemMixin
[04Apr2025 19:48:56.612] [main/DEBUG] [mixin/]: Renaming synthetic method lambda$effectList$0(Lnet/minecraft/world/effect/MobEffectInstance;)Ljava/lang/Integer; to mdf2554f$lambda$effectList$0$1 in tombstone.mixins.json:PotionItemMixin
[04Apr2025 19:48:56.621] [main/DEBUG] [mixin/]: Mixing items.GlassBottleUseMixin from the_bumblezone-common.mixins.json into net.minecraft.world.item.BottleItem
[04Apr2025 19:48:56.629] [main/DEBUG] [mixin/]: Mixing EnderEyeUseMixin from mixins.bosses_of_mass_destruction.json into net.minecraft.world.item.EnderEyeItem
[04Apr2025 19:48:56.632] [main/DEBUG] [mixin/]: Mixing items.SpawnEggItemAccessor from the_bumblezone-common.mixins.json into net.minecraft.world.item.SpawnEggItem
[04Apr2025 19:48:56.632] [main/DEBUG] [mixin/]: Renaming @Accessor method bumblezone$getIdMap()Ljava/util/Map; to bumblezone$getIdMap_$md$f2554f$0 in the_bumblezone-common.mixins.json:items.SpawnEggItemAccessor
[04Apr2025 19:48:56.636] [main/DEBUG] [net.minecraftforge.coremod.transformer.CoreModBaseTransformer/COREMOD]: Transforming m_7626_ with desc (Lnet/minecraft/world/item/ItemStack;)Lnet/minecraft/network/chat/Component;
[04Apr2025 19:48:56.659] [main/DEBUG] [mixin/]: Mixing items.NameTagItemMixin from the_bumblezone-common.mixins.json into net.minecraft.world.item.NameTagItem
[04Apr2025 19:48:56.672] [main/DEBUG] [mixin/]: Mixing frosted_caves.CrossbowItemMixin from yungscavebiomes.mixins.json into net.minecraft.world.item.CrossbowItem
[04Apr2025 19:48:56.672] [main/DEBUG] [mixin/]: Renaming synthetic method lambda$yungscavebiomes_supportIciclesInCrossbows2$2(Lnet/minecraft/world/item/ItemStack;)Z to mdf2554f$lambda$yungscavebiomes_supportIciclesInCrossbows2$2$0 in yungscavebiomes.mixins.json:frosted_caves.CrossbowItemMixin
[04Apr2025 19:48:56.673] [main/DEBUG] [mixin/]: Renaming synthetic method lambda$yungscavebiomes_supportIciclesInCrossbows$1(Lnet/minecraft/world/item/ItemStack;)Z to mdf2554f$lambda$yungscavebiomes_supportIciclesInCrossbows$1$1 in yungscavebiomes.mixins.json:frosted_caves.CrossbowItemMixin
[04Apr2025 19:48:56.673] [main/DEBUG] [mixin/]: Renaming synthetic method lambda$yungscavebiomes_shootIcicleProjectile$0(Lnet/minecraft/world/InteractionHand;Lnet/minecraft/world/entity/LivingEntity;)V to mdf2554f$lambda$yungscavebiomes_shootIcicleProjectile$0$2 in yungscavebiomes.mixins.json:frosted_caves.CrossbowItemMixin
[04Apr2025 19:48:56.693] [main/DEBUG] [mixin/]: Mixing lost_caves.BrushItemMixin from yungscavebiomes.mixins.json into net.minecraft.world.item.BrushItem
[04Apr2025 19:48:56.694] [main/DEBUG] [mixin/]: Renaming synthetic method lambda$yungscavebiomes_brushSuspiciousAncientSand$0(Lnet/minecraft/world/entity/EquipmentSlot;Lnet/minecraft/world/entity/LivingEntity;)V to mdf2554f$lambda$yungscavebiomes_brushSuspiciousAncientSand$0$0 in yungscavebiomes.mixins.json:lost_caves.BrushItemMixin
[04Apr2025 19:48:56.706] [main/DEBUG] [mixin/]: Mixing inject.MixinItemProperties from architectury-common.mixins.json into net.minecraft.world.item.Item$Properties
[04Apr2025 19:48:56.769] [main/DEBUG] [net.minecraftforge.coremod.transformer.CoreModBaseTransformer/COREMOD]: Transforming m_7088_ with desc ()Z
[04Apr2025 19:48:56.774] [main/DEBUG] [mixin/]: Mixing logging.HangingEntityMixin from the_bumblezone-common.mixins.json into net.minecraft.world.entity.decoration.HangingEntity
[04Apr2025 19:48:57.613] [main/DEBUG] [mixin/]: Mixing common.ArmorStandMixin from aether.mixins.json into net.minecraft.world.entity.decoration.ArmorStand
[04Apr2025 19:48:57.619] [main/DEBUG] [mixin/]: Mixing accessor.ArrowAccessor from yungscavebiomes.mixins.json into net.minecraft.world.entity.projectile.Arrow
[04Apr2025 19:48:57.626] [main/DEBUG] [mixin/]: Mixing entities.ExperienceOrbAccessor from the_bumblezone-common.mixins.json into net.minecraft.world.entity.ExperienceOrb
[04Apr2025 19:48:57.627] [main/DEBUG] [mixin/]: Mixing entities.ExperienceOrbMixin from the_bumblezone-common.mixins.json into net.minecraft.world.entity.ExperienceOrb
[04Apr2025 19:48:57.627] [main/DEBUG] [mixin/]: Renaming synthetic method lambda$bumblezone$xpGoToClosestCrystalFlower$3(Lnet/minecraft/world/level/block/entity/BlockEntity;)V to mdf2554f$lambda$bumblezone$xpGoToClosestCrystalFlower$3$0 in the_bumblezone-common.mixins.json:entities.ExperienceOrbMixin
[04Apr2025 19:48:57.627] [main/DEBUG] [mixin/]: Renaming synthetic method lambda$bumblezone$xpGoToClosestCrystalFlower$2(Lnet/minecraft/world/level/block/entity/BlockEntity;Lnet/minecraft/world/level/block/entity/BlockEntity;)I to mdf2554f$lambda$bumblezone$xpGoToClosestCrystalFlower$2$1 in the_bumblezone-common.mixins.json:entities.ExperienceOrbMixin
[04Apr2025 19:48:57.627] [main/DEBUG] [mixin/]: Renaming synthetic method lambda$bumblezone$xpGoToClosestCrystalFlower$1(Lnet/minecraft/world/level/block/entity/BlockEntity;)Z to mdf2554f$lambda$bumblezone$xpGoToClosestCrystalFlower$1$2 in the_bumblezone-common.mixins.json:entities.ExperienceOrbMixin
[04Apr2025 19:48:57.627] [main/DEBUG] [mixin/]: Renaming synthetic method lambda$bumblezone$xpGoToClosestCrystalFlower$0(Lnet/minecraft/world/level/chunk/LevelChunk;)Ljava/util/stream/Stream; to mdf2554f$lambda$bumblezone$xpGoToClosestCrystalFlower$0$3 in the_bumblezone-common.mixins.json:entities.ExperienceOrbMixin
[04Apr2025 19:48:57.642] [main/DEBUG] [mixin/]: Mixing common.accessor.BeeAccessor from aether.mixins.json into net.minecraft.world.entity.animal.Bee
[04Apr2025 19:48:57.642] [main/DEBUG] [mixin/]: Mixing entities.BeeEntityInvoker from the_bumblezone-common.mixins.json into net.minecraft.world.entity.animal.Bee
[04Apr2025 19:48:57.642] [main/DEBUG] [mixin/]: Mixing entities.BeeEntityMixin from the_bumblezone-common.mixins.json into net.minecraft.world.entity.animal.Bee
[04Apr2025 19:48:57.665] [main/DEBUG] [mixin/]: Mixing entities.BeeHiveGoalMixin from the_bumblezone-common.mixins.json into net.minecraft.world.entity.animal.Bee$BeeGoToHiveGoal
[04Apr2025 19:48:57.667] [main/DEBUG] [mixin/]: Mixing entities.BeeGoToKnownFlowerGoalMixin from the_bumblezone-common.mixins.json into net.minecraft.world.entity.animal.Bee$BeeGoToKnownFlowerGoal
[04Apr2025 19:48:57.669] [main/DEBUG] [mixin/]: Mixing entities.BeePathfindingMixin from the_bumblezone-common.mixins.json into net.minecraft.world.entity.animal.Bee$BeeWanderGoal
[04Apr2025 19:48:57.671] [main/DEBUG] [mixin/]: Mixing HurtByTargetGoalMixin from tombstone.mixins.json into net.minecraft.world.entity.ai.goal.target.HurtByTargetGoal
[04Apr2025 19:48:57.673] [main/DEBUG] [mixin/]: Mixing accessor.TargetGoalAccessor from tombstone.mixins.json into net.minecraft.world.entity.ai.goal.target.TargetGoal
[04Apr2025 19:48:57.681] [main/DEBUG] [mixin/]: Mixing common.accessor.LookAtPlayerGoalAccessor from aether.mixins.json into net.minecraft.world.entity.ai.goal.LookAtPlayerGoal
[04Apr2025 19:48:57.689] [main/DEBUG] [mixin/]: Mixing common.accessor.BoatAccessor from aether.mixins.json into net.minecraft.world.entity.vehicle.Boat
[04Apr2025 19:48:57.703] [main/DEBUG] [mixin/]: Mixing entities.AbstractHorseMixin from the_bumblezone-common.mixins.json into net.minecraft.world.entity.animal.horse.AbstractHorse
[04Apr2025 19:48:57.738] [main/DEBUG] [net.minecraftforge.coremod.transformer.CoreModBaseTransformer/COREMOD]: Transforming net/minecraft/world/entity/monster/Spider
[04Apr2025 19:48:57.756] [main/DEBUG] [mixin/]: Mixing frosted_caves.SkeletonMixin from yungscavebiomes.mixins.json into net.minecraft.world.entity.monster.Skeleton
[04Apr2025 19:48:57.772] [main/DEBUG] [mixin/]: Mixing ChickenMixin from blueprint.mixins.json into net.minecraft.world.entity.animal.Chicken
[04Apr2025 19:48:57.801] [main/DEBUG] [net.minecraftforge.coremod.transformer.CoreModBaseTransformer/COREMOD]: Transforming net/minecraft/world/entity/monster/Zombie
[04Apr2025 19:48:57.882] [main/DEBUG] [net.minecraftforge.coremod.transformer.CoreModBaseTransformer/COREMOD]: Transforming net/minecraft/world/entity/monster/ZombieVillager
[04Apr2025 19:48:57.933] [main/DEBUG] [mixin/]: Mixing entities.ThrownTridentAccessor from the_bumblezone-common.mixins.json into net.minecraft.world.entity.projectile.ThrownTrident
[04Apr2025 19:48:57.957] [main/DEBUG] [mixin/]: Mixing SpellcastingIllagerMixin from blue_skies.mixins.json into net.minecraft.world.entity.monster.SpellcasterIllager
[04Apr2025 19:48:57.969] [main/DEBUG] [net.minecraftforge.coremod.transformer.CoreModBaseTransformer/COREMOD]: Transforming net/minecraft/world/entity/monster/Evoker$EvokerSummonSpellGoal
[04Apr2025 19:48:57.991] [main/DEBUG] [mixin/]: Mixing entities.FoxAccessor from the_bumblezone-common.mixins.json into net.minecraft.world.entity.animal.Fox
[04Apr2025 19:48:58.021] [main/DEBUG] [net.minecraftforge.coremod.transformer.CoreModBaseTransformer/COREMOD]: Transforming m_218868_ with desc ()Ljava/util/OptionalInt;
[04Apr2025 19:48:58.021] [main/DEBUG] [mixin/]: Mixing entities.ItemFrameMixin from the_bumblezone-common.mixins.json into net.minecraft.world.entity.decoration.ItemFrame
[04Apr2025 19:48:58.057] [main/DEBUG] [mixin/]: Mixing ContainerMenuMixin from mixins.deeperdarker.json into net.minecraft.world.inventory.HopperMenu
[04Apr2025 19:48:58.110] [main/DEBUG] [mixin/]: Mixing PaintingMixin from mixins.deeperdarker.json into net.minecraft.world.entity.decoration.Painting
[04Apr2025 19:48:58.131] [main/DEBUG] [mixin/]: Mixing PhantomMixin from mixins.deeperdarker.json into net.minecraft.world.entity.monster.Phantom
[04Apr2025 19:48:58.141] [main/DEBUG] [mixin/]: Mixing common.accessor.ZombifiedPiglinAccessor from aether.mixins.json into net.minecraft.world.entity.monster.ZombifiedPiglin
[04Apr2025 19:48:58.142] [main/DEBUG] [net.minecraftforge.coremod.transformer.CoreModBaseTransformer/COREMOD]: Transforming net/minecraft/world/entity/monster/Zombie
[04Apr2025 19:48:58.228] [main/DEBUG] [mixin/]: Mixing frosted_caves.ThrownPotionMixin from yungscavebiomes.mixins.json into net.minecraft.world.entity.projectile.ThrownPotion
[04Apr2025 19:48:58.289] [main/DEBUG] [mixin/]: Mixing RabbitMixin from blueprint.mixins.json into net.minecraft.world.entity.animal.Rabbit
[04Apr2025 19:48:58.294] [main/DEBUG] [mixin/]: Mixing RabbitsEatCabbageMixin from farmersdelight.mixins.json into net.minecraft.world.entity.animal.Rabbit
[04Apr2025 19:48:58.320] [main/DEBUG] [mixin/]: Mixing EatBlockGoalMixin from ru.mixin.json into net.minecraft.world.entity.ai.goal.EatBlockGoal
[04Apr2025 19:48:58.343] [main/DEBUG] [net.minecraftforge.coremod.transformer.CoreModBaseTransformer/COREMOD]: Transforming net/minecraft/world/entity/animal/horse/SkeletonTrapGoal
[04Apr2025 19:48:58.369] [main/DEBUG] [mixin/]: Mixing common.accessor.BaseSpawnerAccessor from aether.mixins.json into net.minecraft.world.level.BaseSpawner
[04Apr2025 19:48:58.380] [main/DEBUG] [net.minecraftforge.coremod.transformer.CoreModBaseTransformer/COREMOD]: Transforming net/minecraft/world/entity/monster/Strider
[04Apr2025 19:48:58.466] [main/DEBUG] [net.minecraftforge.coremod.transformer.CoreModBaseTransformer/COREMOD]: Transforming net/minecraft/server/level/ServerPlayer
[04Apr2025 19:48:58.467] [main/DEBUG] [net.minecraftforge.coremod.transformer.CoreModBaseTransformer/COREMOD]: Transforming net/minecraft/server/level/ServerPlayer
[04Apr2025 19:48:58.468] [main/DEBUG] [mixin/]: Mixing ServerPlayerMixin from betterendisland.mixins.json into net.minecraft.server.level.ServerPlayer
[04Apr2025 19:48:58.469] [main/DEBUG] [mixin/]: Mixing ServerPlayerEntityTickMixin from yungsapi.mixins.json into net.minecraft.server.level.ServerPlayer
[04Apr2025 19:48:58.470] [main/DEBUG] [mixin/]: Mixing ServerPlayerTickMixin from betterdeserttemples.mixins.json into net.minecraft.server.level.ServerPlayer
[04Apr2025 19:48:58.474] [main/DEBUG] [mixin/]: Mixing ServerPlayerEntityMixin from simplyswords-common.mixins.json into net.minecraft.server.level.ServerPlayer
[04Apr2025 19:48:58.475] [main/DEBUG] [mixin/]: Renaming synthetic method lambda$simplyswords$tick$3(Lnet/minecraft/tags/TagKey;Lnet/minecraft/world/item/Item;)Z to mdf2554f$lambda$simplyswords$tick$3$0 in simplyswords-common.mixins.json:ServerPlayerEntityMixin
[04Apr2025 19:48:58.477] [main/DEBUG] [mixin/]: Renaming synthetic method lambda$simplyswords$tick$2(Lnet/minecraft/tags/TagKey;Lnet/minecraft/world/item/Item;)Z to mdf2554f$lambda$simplyswords$tick$2$1 in simplyswords-common.mixins.json:ServerPlayerEntityMixin
[04Apr2025 19:48:58.477] [main/DEBUG] [mixin/]: Renaming synthetic method lambda$simplyswords$tick$1(Lnet/minecraft/world/entity/player/Player;Lnet/minecraft/world/entity/Entity;)D to mdf2554f$lambda$simplyswords$tick$1$2 in simplyswords-common.mixins.json:ServerPlayerEntityMixin
[04Apr2025 19:48:58.477] [main/DEBUG] [mixin/]: Renaming synthetic method lambda$simplyswords$tick$0(Lnet/minecraft/world/entity/player/Player;Lnet/minecraft/world/entity/Entity;)Z to mdf2554f$lambda$simplyswords$tick$0$3 in simplyswords-common.mixins.json:ServerPlayerEntityMixin
[04Apr2025 19:48:58.491] [main/DEBUG] [mixin/]: Mixing entities.ServerPlayerAccessor from the_bumblezone-common.mixins.json into net.minecraft.server.level.ServerPlayer
[04Apr2025 19:48:58.491] [main/DEBUG] [mixin/]: Mixing entities.ServerPlayerMixin from the_bumblezone-common.mixins.json into net.minecraft.server.level.ServerPlayer
[04Apr2025 19:48:58.499] [main/DEBUG] [mixin/]: Renaming synthetic method lambda$bumblezone$hookToRecipeCrafting$0(Lnet/minecraft/server/level/ServerPlayer;Lcom/telepathicgrunt/the_bumblezone/modules/PlayerDataModule;)V to mdf2554f$lambda$bumblezone$hookToRecipeCrafting$0$4 in the_bumblezone-common.mixins.json:entities.ServerPlayerMixin
[04Apr2025 19:48:58.502] [main/DEBUG] [mixin/]: Mixing ServerPlayerMixin from deep_aether.mixins.json into net.minecraft.server.level.ServerPlayer
[04Apr2025 19:48:58.503] [main/DEBUG] [mixin/]: Mixing ServerPlayerMixin from tombstone.mixins.json into net.minecraft.server.level.ServerPlayer
[04Apr2025 19:48:58.531] [main/DEBUG] [mixin/]: Mixing SecondaryPoiSensorMixin from blue_skies.mixins.json into net.minecraft.world.entity.ai.sensing.SecondaryPoiSensor
[04Apr2025 19:48:58.541] [main/DEBUG] [mixin/]: Mixing WardenMixin from mixins.deeperdarker.json into net.minecraft.world.entity.monster.warden.Warden
[04Apr2025 19:48:58.551] [main/DEBUG] [mixin/]: Mixing common.accessor.ChunkAccessAccessor from aether.mixins.json into net.minecraft.world.level.chunk.ChunkAccess
[04Apr2025 19:48:58.552] [main/DEBUG] [mixin/]: Mixing ChunkAccessMixin$Access from structure_gel.mixins.json into net.minecraft.world.level.chunk.ChunkAccess
[04Apr2025 19:48:58.556] [main/DEBUG] [net.minecraftforge.coremod.transformer.CoreModBaseTransformer/COREMOD]: Transforming net/minecraft/world/level/chunk/LevelChunk
[04Apr2025 19:48:58.557] [main/DEBUG] [net.minecraftforge.coremod.transformer.CoreModBaseTransformer/COREMOD]: Transforming net/minecraft/world/level/chunk/LevelChunk
[04Apr2025 19:48:58.557] [main/DEBUG] [mixin/]: Mixing logging.LevelChunkMixin from the_bumblezone-common.mixins.json into net.minecraft.world.level.chunk.LevelChunk
[04Apr2025 19:48:58.585] [main/DEBUG] [net.minecraftforge.coremod.transformer.CoreModBaseTransformer/COREMOD]: Transforming net/minecraft/world/entity/npc/Villager
[04Apr2025 19:48:58.679] [main/DEBUG] [mixin/]: Mixing VillagerEntityMixin from blue_skies.mixins.json into net.minecraft.world.entity.npc.Villager
[04Apr2025 19:48:58.681] [main/DEBUG] [mixin/]: Mixing accessor.VillagerAccessor from tombstone.mixins.json into net.minecraft.world.entity.npc.Villager
[04Apr2025 19:48:58.717] [main/DEBUG] [mixin/]: Mixing entities.FishingHookMixin from the_bumblezone-common.mixins.json into net.minecraft.world.entity.projectile.FishingHook
[04Apr2025 19:48:58.736] [main/DEBUG] [mixin/]: Mixing inject.MixinFoodPropertiesBuilder from architectury-common.mixins.json into net.minecraft.world.food.FoodProperties$Builder
[04Apr2025 19:48:58.740] [main/DEBUG] [net.minecraftforge.coremod.transformer.CoreModBaseTransformer/COREMOD]: Transforming net/minecraft/world/effect/MobEffectInstance
[04Apr2025 19:48:58.740] [main/DEBUG] [mixin/]: Mixing effects.MobEffectInstanceAccessor from the_bumblezone-common.mixins.json into net.minecraft.world.effect.MobEffectInstance
[04Apr2025 19:48:58.773] [main/DEBUG] [mixin/]: Mixing common.accessor.ServerGamePacketListenerImplAccessor from aether.mixins.json into net.minecraft.server.network.ServerGamePacketListenerImpl
[04Apr2025 19:48:58.773] [main/DEBUG] [mixin/]: Mixing MixinServerGamePacketListenerImpl from badpackets.mixins.json into net.minecraft.server.network.ServerGamePacketListenerImpl
[04Apr2025 19:48:58.774] [main/DEBUG] [mixin/]: badpackets.mixins.json:MixinServerGamePacketListenerImpl: Class version 61 required is higher than the class version supported by the current version of Mixin (JAVA_16 supports class version 60)
[04Apr2025 19:48:58.776] [main/DEBUG] [mixin/]: Mixing ServerPlayNetworkHandlerMixin from bettercombat.mixins.json into net.minecraft.server.network.ServerGamePacketListenerImpl
[04Apr2025 19:48:58.776] [main/DEBUG] [mixin/]: Mixing accessor.ServerGamePacketListenerImplAccessor from hangglider.common.mixins.json into net.minecraft.server.network.ServerGamePacketListenerImpl
[04Apr2025 19:48:58.777] [main/DEBUG] [mixin/]: Mixing entities.ServerGamePacketListenerImplMixin from the_bumblezone-common.mixins.json into net.minecraft.server.network.ServerGamePacketListenerImpl
[04Apr2025 19:48:58.777] [main/DEBUG] [mixin/]: Mixing gameplay.ServerGamePacketListenerImplAccessor from the_bumblezone-common.mixins.json into net.minecraft.server.network.ServerGamePacketListenerImpl
[04Apr2025 19:48:58.796] [main/DEBUG] [mixin/]: Mixing accessor.PotionBrewingAccessor from yungsapi.mixins.json into net.minecraft.world.item.alchemy.PotionBrewing
[04Apr2025 19:48:58.797] [main/DEBUG] [mixin/]: Renaming @Invoker method callAddMix(Lnet/minecraft/world/item/alchemy/Potion;Lnet/minecraft/world/item/Item;Lnet/minecraft/world/item/alchemy/Potion;)V to callAddMix_$md$f2554f$0 in yungsapi.mixins.json:accessor.PotionBrewingAccessor
[04Apr2025 19:48:58.797] [main/DEBUG] [mixin/]: Mixing accessor.PotionBrewingForgeAccessor from puzzleslib.forge.mixins.json into net.minecraft.world.item.alchemy.PotionBrewing
[04Apr2025 19:48:58.797] [main/DEBUG] [mixin/]: Renaming @Accessor method puzzleslib$getPotionMixes()Ljava/util/List; to puzzleslib$getPotionMixes_$md$f2554f$1 in puzzleslib.forge.mixins.json:accessor.PotionBrewingForgeAccessor
[04Apr2025 19:48:58.797] [main/DEBUG] [mixin/]: Renaming @Accessor method puzzleslib$getContainerMixes()Ljava/util/List; to puzzleslib$getContainerMixes_$md$f2554f$2 in puzzleslib.forge.mixins.json:accessor.PotionBrewingForgeAccessor
[04Apr2025 19:48:58.797] [main/DEBUG] [mixin/]: Renaming @Accessor method puzzleslib$getAllowedContainers()Ljava/util/List; to puzzleslib$getAllowedContainers_$md$f2554f$3 in puzzleslib.forge.mixins.json:accessor.PotionBrewingForgeAccessor
[04Apr2025 19:48:58.797] [main/DEBUG] [mixin/]: Mixing containers.PotionBrewingAccessor from the_bumblezone-common.mixins.json into net.minecraft.world.item.alchemy.PotionBrewing
[04Apr2025 19:48:58.797] [main/DEBUG] [mixin/]: Renaming @Invoker method bumblezone$callAddMix(Lnet/minecraft/world/item/alchemy/Potion;Lnet/minecraft/world/item/Item;Lnet/minecraft/world/item/alchemy/Potion;)V to bumblezone$callAddMix_$md$f2554f$4 in the_bumblezone-common.mixins.json:containers.PotionBrewingAccessor
[04Apr2025 19:48:58.839] [main/DEBUG] [mixin/]: Mixing SweepingEnchantmentMixin from bettercombat.mixins.json into net.minecraft.world.item.enchantment.SweepingEdgeEnchantment
[04Apr2025 19:48:58.858] [main/DEBUG] [mixin/]: Mixing ContainerMenuMixin from mixins.deeperdarker.json into net.minecraft.world.inventory.AbstractFurnaceMenu
[04Apr2025 19:48:58.866] [main/DEBUG] [mixin/]: Mixing ContainerMenuMixin from mixins.deeperdarker.json into net.minecraft.world.inventory.DispenserMenu
[04Apr2025 19:48:58.870] [main/DEBUG] [mixin/]: Mixing ContainerMenuMixin from mixins.deeperdarker.json into net.minecraft.world.inventory.BrewingStandMenu
[04Apr2025 19:48:58.874] [main/DEBUG] [mixin/]: Mixing ContainerMenuMixin from mixins.deeperdarker.json into net.minecraft.world.inventory.BeaconMenu
[04Apr2025 19:48:58.879] [main/DEBUG] [mixin/]: Mixing accessor.StructureProcessorAccessor from betterdungeons.mixins.json into net.minecraft.world.level.levelgen.structure.templatesystem.StructureProcessor
[04Apr2025 19:48:58.879] [main/DEBUG] [mixin/]: Mixing accessor.StructureProcessorAccessor from betterwitchhuts.mixins.json into net.minecraft.world.level.levelgen.structure.templatesystem.StructureProcessor
[04Apr2025 19:48:58.879] [main/DEBUG] [mixin/]: Mixing accessor.StructureProcessorAccessor from betteroceanmonuments.mixins.json into net.minecraft.world.level.levelgen.structure.templatesystem.StructureProcessor
[04Apr2025 19:48:58.879] [main/DEBUG] [mixin/]: Mixing accessor.StructureProcessorAccessor from betterdeserttemples.mixins.json into net.minecraft.world.level.levelgen.structure.templatesystem.StructureProcessor
[04Apr2025 19:48:58.879] [main/DEBUG] [mixin/]: Mixing StructureProcessorAccessor from undergarden.mixins.json into net.minecraft.world.level.levelgen.structure.templatesystem.StructureProcessor
[04Apr2025 19:48:58.880] [main/DEBUG] [mixin/]: Mixing world.StructureProcessorAccessor from the_bumblezone-common.mixins.json into net.minecraft.world.level.levelgen.structure.templatesystem.StructureProcessor
[04Apr2025 19:48:58.880] [main/DEBUG] [mixin/]: Mixing accessor.StructureProcessorAccessor from betterjungletemples.mixins.json into net.minecraft.world.level.levelgen.structure.templatesystem.StructureProcessor
[04Apr2025 19:48:58.880] [main/DEBUG] [mixin/]: Unexpected: Registered method callGetType()Lnet/minecraft/world/level/levelgen/structure/templatesystem/StructureProcessorType; in net.minecraft.world.level.levelgen.structure.templatesystem.StructureProcessor was not merged
[04Apr2025 19:48:58.880] [main/DEBUG] [mixin/]: Unexpected: Registered method callGetType()Lnet/minecraft/world/level/levelgen/structure/templatesystem/StructureProcessorType; in net.minecraft.world.level.levelgen.structure.templatesystem.StructureProcessor was not merged
[04Apr2025 19:48:58.880] [main/DEBUG] [mixin/]: Unexpected: Registered method callGetType()Lnet/minecraft/world/level/levelgen/structure/templatesystem/StructureProcessorType; in net.minecraft.world.level.levelgen.structure.templatesystem.StructureProcessor was not merged
[04Apr2025 19:48:58.880] [main/DEBUG] [mixin/]: Unexpected: Registered method callGetType()Lnet/minecraft/world/level/levelgen/structure/templatesystem/StructureProcessorType; in net.minecraft.world.level.levelgen.structure.templatesystem.StructureProcessor was not merged
[04Apr2025 19:48:58.881] [main/DEBUG] [mixin/]: Unexpected: Registered method callGetType()Lnet/minecraft/world/level/levelgen/structure/templatesystem/StructureProcessorType; in net.minecraft.world.level.levelgen.structure.templatesystem.StructureProcessor was not merged
[04Apr2025 19:48:58.887] [main/DEBUG] [mixin/]: Mixing ContainerMenuMixin from mixins.deeperdarker.json into net.minecraft.world.inventory.ShulkerBoxMenu
[04Apr2025 19:48:58.910] [main/DEBUG] [mixin/]: Mixing StructureTemplateManagerMixin from structure_gel.mixins.json into net.minecraft.world.level.levelgen.structure.templatesystem.StructureTemplateManager
[04Apr2025 19:48:58.919] [main/DEBUG] [mixin/]: Mixing DisableVanillaWitchHutsMixin from betterwitchhuts.mixins.json into net.minecraft.world.level.chunk.ChunkGenerator
[04Apr2025 19:48:58.920] [main/DEBUG] [mixin/]: Mixing DisableVanillaMonumentsMixin from betteroceanmonuments.mixins.json into net.minecraft.world.level.chunk.ChunkGenerator
[04Apr2025 19:48:58.921] [main/DEBUG] [mixin/]: Mixing ChunkGeneratorMixin from citadel.mixins.json into net.minecraft.world.level.chunk.ChunkGenerator
[04Apr2025 19:48:58.922] [main/DEBUG] [mixin/]: Mixing DisableVanillaPyramidsMixin from betterdeserttemples.mixins.json into net.minecraft.world.level.chunk.ChunkGenerator
[04Apr2025 19:48:58.922] [main/DEBUG] [mixin/]: Mixing DisableVanillaFortressesMixin from betterfortresses.mixins.json into net.minecraft.world.level.chunk.ChunkGenerator
[04Apr2025 19:48:58.922] [main/DEBUG] [mixin/]: Mixing DisableVanillaStrongholdsMixin from betterstrongholds.mixins.json into net.minecraft.world.level.chunk.ChunkGenerator
[04Apr2025 19:48:58.923] [main/DEBUG] [mixin/]: Mixing DisableVanillaMineshaftsMixin from bettermineshafts.mixins.json into net.minecraft.world.level.chunk.ChunkGenerator
[04Apr2025 19:48:58.924] [main/DEBUG] [mixin/]: Mixing DisableVanillaJungleTempleMixin from betterjungletemples.mixins.json into net.minecraft.world.level.chunk.ChunkGenerator
[04Apr2025 19:48:58.924] [main/DEBUG] [mixin/]: Mixing ChunkGeneratorMixin from structure_gel.mixins.json into net.minecraft.world.level.chunk.ChunkGenerator
[04Apr2025 19:48:58.925] [main/DEBUG] [mixin/]: Renaming synthetic method lambda$stopIfNotInDimension$0(Lnet/minecraft/resources/ResourceKey;Ljava/util/Optional;)Z to mdf2554f$lambda$stopIfNotInDimension$0$0 in structure_gel.mixins.json:ChunkGeneratorMixin
[04Apr2025 19:48:58.964] [main/DEBUG] [mixin/]: Mixing MixinInventory from curios.mixins.json into net.minecraft.world.entity.player.Inventory
[04Apr2025 19:48:58.971] [main/DEBUG] [mixin/]: Mixing SlotAccessor from balm.mixins.json into net.minecraft.world.inventory.Slot
[04Apr2025 19:48:58.975] [main/DEBUG] [mixin/]: Mixing BrewingFuelMenuMixin from deep_aether.mixins.json into net.minecraft.world.inventory.BrewingStandMenu$FuelSlot
[04Apr2025 19:48:58.992] [main/DEBUG] [mixin/]: Mixing accessor.ShapedRecipeAccessor from tombstone.mixins.json into net.minecraft.world.item.crafting.ShapedRecipe
[04Apr2025 19:48:58.992] [main/DEBUG] [mixin/]: Mixing containers.ShapedRecipeAccessor from the_bumblezone-common.mixins.json into net.minecraft.world.item.crafting.ShapedRecipe
[04Apr2025 19:48:58.992] [main/DEBUG] [mixin/]: Renaming @Invoker method bumblezone$callDissolvePattern([Ljava/lang/String;Ljava/util/Map;II)Lnet/minecraft/core/NonNullList; to bumblezone$callDissolvePattern_$md$f2554f$0 in the_bumblezone-common.mixins.json:containers.ShapedRecipeAccessor
[04Apr2025 19:48:58.992] [main/DEBUG] [mixin/]: Renaming @Invoker method bumblezone$callPatternFromJson(Lcom/google/gson/JsonArray;)[Ljava/lang/String; to bumblezone$callPatternFromJson_$md$f2554f$1 in the_bumblezone-common.mixins.json:containers.ShapedRecipeAccessor
[04Apr2025 19:48:58.992] [main/DEBUG] [mixin/]: Renaming @Invoker method bumblezone$callKeyFromJson(Lcom/google/gson/JsonObject;)Ljava/util/Map; to bumblezone$callKeyFromJson_$md$f2554f$2 in the_bumblezone-common.mixins.json:containers.ShapedRecipeAccessor
[04Apr2025 19:48:58.992] [main/DEBUG] [mixin/]: Renaming @Invoker method bumblezone$callShrink([Ljava/lang/String;)[Ljava/lang/String; to bumblezone$callShrink_$md$f2554f$3 in the_bumblezone-common.mixins.json:containers.ShapedRecipeAccessor
[04Apr2025 19:48:59.074] [main/DEBUG] [mixin/]: Mixing loot.LootContextAccessor from the_bumblezone-common.mixins.json into net.minecraft.world.level.storage.loot.LootContext
[04Apr2025 19:48:59.095] [main/DEBUG] [mixin/]: Mixing MixinApplyBonusCount from curios.mixins.json into net.minecraft.world.level.storage.loot.functions.ApplyBonusCount
[04Apr2025 19:48:59.134] [main/DEBUG] [mixin/]: Mixing AccessorWeightedRandomList from monolib.forge.mixins.json into net.minecraft.util.random.WeightedRandomList
[04Apr2025 19:48:59.134] [main/DEBUG] [mixin/]: Mixing util.WeightedRandomListAccessor from the_bumblezone-common.mixins.json into net.minecraft.util.random.WeightedRandomList
[04Apr2025 19:48:59.142] [main/DEBUG] [mixin/]: Mixing common.DimensionTypeMixin from aether.mixins.json into net.minecraft.world.level.dimension.DimensionType
[04Apr2025 19:48:59.215] [main/DEBUG] [mixin/]: Mixing NoVinesInTemplesMixin from betterjungletemples.mixins.json into net.minecraft.world.level.levelgen.feature.VinesFeature
[04Apr2025 19:48:59.225] [main/DEBUG] [mixin/]: Mixing NoMagmaInStructuresMixin from betteroceanmonuments.mixins.json into net.minecraft.world.level.levelgen.feature.UnderwaterMagmaFeature
[04Apr2025 19:48:59.235] [main/DEBUG] [mixin/]: Mixing gen.NoLakesInStructuresMixin from iceandfire.mixins.json into net.minecraft.world.level.levelgen.feature.LakeFeature
[04Apr2025 19:48:59.236] [main/DEBUG] [mixin/]: Mixing LakeFeatureMixin from structure_gel.mixins.json into net.minecraft.world.level.levelgen.feature.LakeFeature
[04Apr2025 19:48:59.240] [main/DEBUG] [mixin/]: Mixing SpikeFeatureMixin from betterendisland.mixins.json into net.minecraft.world.level.levelgen.feature.SpikeFeature
[04Apr2025 19:48:59.243] [main/DEBUG] [mixin/]: Mixing EndGatewayFeatureMixin from betterendisland.mixins.json into net.minecraft.world.level.levelgen.feature.EndGatewayFeature
[04Apr2025 19:48:59.253] [main/DEBUG] [mixin/]: Mixing NoBasaltColumnsInStructuresMixin from betterdungeons.mixins.json into net.minecraft.world.level.levelgen.feature.BasaltColumnsFeature
[04Apr2025 19:48:59.255] [main/DEBUG] [mixin/]: Mixing NoBasaltColumnsInStructuresMixin from betterfortresses.mixins.json into net.minecraft.world.level.levelgen.feature.BasaltColumnsFeature
[04Apr2025 19:48:59.261] [main/DEBUG] [mixin/]: Mixing NoDeltasInStructuresMixin from betterdungeons.mixins.json into net.minecraft.world.level.levelgen.feature.DeltaFeature
[04Apr2025 19:48:59.261] [main/DEBUG] [mixin/]: Mixing NoDeltasInStructuresMixin from betterfortresses.mixins.json into net.minecraft.world.level.levelgen.feature.DeltaFeature
[04Apr2025 19:48:59.332] [main/DEBUG] [mixin/]: Mixing EndSpikeMixin from betterendisland.mixins.json into net.minecraft.world.level.levelgen.feature.SpikeFeature$EndSpike
[04Apr2025 19:48:59.384] [main/DEBUG] [net.minecraftforge.coremod.transformer.CoreModBaseTransformer/COREMOD]: Transforming net/minecraft/world/level/levelgen/structure/Structure
[04Apr2025 19:48:59.385] [main/DEBUG] [mixin/]: Mixing StructureMixin from structure_gel.mixins.json into net.minecraft.world.level.levelgen.structure.Structure
[04Apr2025 19:48:59.397] [main/DEBUG] [mixin/]: Mixing StructurePieceMixin from blueprint.mixins.json into net.minecraft.world.level.levelgen.structure.StructurePiece
[04Apr2025 19:48:59.398] [main/DEBUG] [mixin/]: Mixing StructurePieceMixin from tectonic.mixins.json into net.minecraft.world.level.levelgen.structure.StructurePiece
[04Apr2025 19:48:59.439] [main/DEBUG] [net.minecraftforge.coremod.transformer.CoreModBaseTransformer/COREMOD]: Transforming net/minecraft/world/level/levelgen/structure/structures/OceanRuinPieces$OceanRuinPiece
[04Apr2025 19:48:59.455] [main/DEBUG] [mixin/]: Mixing TemplateStructurePieceMixin from structure_gel.mixins.json into net.minecraft.world.level.levelgen.structure.TemplateStructurePiece
[04Apr2025 19:48:59.462] [main/DEBUG] [net.minecraftforge.coremod.transformer.CoreModBaseTransformer/COREMOD]: Transforming net/minecraft/world/level/levelgen/structure/structures/SwampHutPiece
[04Apr2025 19:48:59.479] [main/DEBUG] [net.minecraftforge.coremod.transformer.CoreModBaseTransformer/COREMOD]: Transforming net/minecraft/world/level/levelgen/structure/structures/OceanMonumentPieces$OceanMonumentPiece
[04Apr2025 19:48:59.502] [main/DEBUG] [net.minecraftforge.coremod.transformer.CoreModBaseTransformer/COREMOD]: Transforming net/minecraft/world/level/levelgen/structure/structures/WoodlandMansionPieces$WoodlandMansionPiece
[04Apr2025 19:48:59.522] [main/DEBUG] [mixin/]: Mixing PoolElementStructurePieceMixin from structure_gel.mixins.json into net.minecraft.world.level.levelgen.structure.PoolElementStructurePiece
[04Apr2025 19:48:59.540] [main/DEBUG] [mixin/]: Mixing StructureTemplatePoolAccessor from waystones.mixins.json into net.minecraft.world.level.levelgen.structure.pools.StructureTemplatePool
[04Apr2025 19:48:59.541] [main/DEBUG] [mixin/]: Mixing accessor.StructureTemplatePoolAccessor from yungsapi.mixins.json into net.minecraft.world.level.levelgen.structure.pools.StructureTemplatePool
[04Apr2025 19:48:59.541] [main/DEBUG] [mixin/]: Mixing IncreaseStructureWeightLimitMixinForge from yungsapi_forge.mixins.json into net.minecraft.world.level.levelgen.structure.pools.StructureTemplatePool
[04Apr2025 19:48:59.541] [main/DEBUG] [mixin/]: Mixing world.StructurePoolAccessor from the_bumblezone-common.mixins.json into net.minecraft.world.level.levelgen.structure.pools.StructureTemplatePool
[04Apr2025 19:48:59.542] [main/DEBUG] [mixin/]: Unexpected: Registered method getRawTemplates()Ljava/util/List; in net.minecraft.world.level.levelgen.structure.pools.StructureTemplatePool was not merged
[04Apr2025 19:48:59.626] [main/DEBUG] [mixin/]: Mixing MixinBiomeSource from terrablender.mixins.json into net.minecraft.world.level.biome.BiomeSource
[04Apr2025 19:48:59.626] [main/DEBUG] [mixin/]: Renaming synthetic method lambda$appendDeferredBiomesList$0(Lcom/google/common/collect/ImmutableList;)Ljava/util/Set; to mdf2554f$lambda$appendDeferredBiomesList$0$0 in terrablender.mixins.json:MixinBiomeSource
[04Apr2025 19:48:59.632] [main/DEBUG] [mixin/]: Mixing access.BiomeSourceAccess from ru.mixin.json into net.minecraft.world.level.biome.BiomeSource
[04Apr2025 19:48:59.637] [main/DEBUG] [net.minecraftforge.coremod.transformer.CoreModBaseTransformer/COREMOD]: Transforming net/minecraft/world/level/biome/Biome
[04Apr2025 19:48:59.637] [main/DEBUG] [mixin/]: Mixing BiomeMixin from blue_skies.mixins.json into net.minecraft.world.level.biome.Biome
[04Apr2025 19:48:59.638] [main/DEBUG] [mixin/]: Mixing BiomeMixin from tectonic.mixins.json into net.minecraft.world.level.biome.Biome
[04Apr2025 19:48:59.649] [main/DEBUG] [mixin/]: Mixing TemperatureModifierMixin from tectonic.mixins.json into net.minecraft.world.level.biome.Biome$TemperatureModifier$2
[04Apr2025 19:48:59.668] [main/DEBUG] [mixin/]: Mixing accessor.MobSpawnSettingsBuilderForgeAccessor from puzzleslib.forge.mixins.json into net.minecraft.world.level.biome.MobSpawnSettings$Builder
[04Apr2025 19:48:59.682] [main/DEBUG] [mixin/]: Mixing MixinMultiNoiseBiomeSource from terrablender.mixins.json into net.minecraft.world.level.biome.MultiNoiseBiomeSource
[04Apr2025 19:48:59.685] [main/DEBUG] [mixin/]: Mixing MixinParameterList from terrablender.mixins.json into net.minecraft.world.level.biome.Climate$ParameterList
[04Apr2025 19:48:59.685] [main/DEBUG] [mixin/]: Renaming synthetic method lambda$initializeForTerraBlender$0(Lnet/minecraft/core/Registry;Lcom/google/common/collect/ImmutableList$Builder;Lcom/mojang/datafixers/util/Pair;)V to mdf2554f$lambda$initializeForTerraBlender$0$0 in terrablender.mixins.json:MixinParameterList
[04Apr2025 19:48:59.707] [main/DEBUG] [mixin/]: Mixing NoiseBasedChunkGeneratorMixin from citadel.mixins.json into net.minecraft.world.level.levelgen.NoiseBasedChunkGenerator
[04Apr2025 19:48:59.708] [main/DEBUG] [mixin/]: Mixing NoiseBasedChunkGenerator from yungscavebiomes.mixins.json into net.minecraft.world.level.levelgen.NoiseBasedChunkGenerator
[04Apr2025 19:48:59.709] [main/DEBUG] [mixin/]: Renaming synthetic method lambda$yungscavebiomes_captureBiomeRegistry$0(Lnet/minecraft/world/level/StructureManager;Lnet/minecraft/world/level/levelgen/blending/Blender;Lnet/minecraft/world/level/levelgen/RandomState;Lnet/minecraft/world/level/chunk/ChunkAccess;)Lnet/minecraft/world/level/levelgen/NoiseChunk; to mdf2554f$lambda$yungscavebiomes_captureBiomeRegistry$0$0 in yungscavebiomes.mixins.json:NoiseBasedChunkGenerator
[04Apr2025 19:48:59.709] [main/DEBUG] [mixin/]: Mixing access.NoiseBasedChunkGeneratorAccess from ru.mixin.json into net.minecraft.world.level.levelgen.NoiseBasedChunkGenerator
[04Apr2025 19:48:59.717] [main/DEBUG] [mixin/]: Mixing NoiseGeneratorSettingsMixin from aeroblender.mixins.json into net.minecraft.world.level.levelgen.NoiseGeneratorSettings
[04Apr2025 19:48:59.718] [main/DEBUG] [mixin/]: Mixing NoiseGeneratorSettingsMixin from blueprint.mixins.json into net.minecraft.world.level.levelgen.NoiseGeneratorSettings
[04Apr2025 19:48:59.719] [main/DEBUG] [mixin/]: Mixing MixinNoiseGeneratorSettings from terrablender.mixins.json into net.minecraft.world.level.levelgen.NoiseGeneratorSettings
[04Apr2025 19:48:59.719] [main/DEBUG] [mixin/]: Mixing access.NoiseGeneratorSettingsAccess from ru.mixin.json into net.minecraft.world.level.levelgen.NoiseGeneratorSettings
[04Apr2025 19:48:59.719] [main/DEBUG] [mixin/]: Mixing world.NoiseGeneratorSettingsAccessor from the_bumblezone-common.mixins.json into net.minecraft.world.level.levelgen.NoiseGeneratorSettings
[04Apr2025 19:48:59.848] [main/DEBUG] [mixin/]: Mixing SinglePoolElementMixin from waystones.mixins.json into net.minecraft.world.level.levelgen.structure.pools.SinglePoolElement
[04Apr2025 19:48:59.848] [main/DEBUG] [mixin/]: Renaming synthetic method lambda$waystones$isWaystone$1(Lnet/minecraft/world/level/levelgen/structure/templatesystem/StructureTemplate;)V to mdf2554f$lambda$waystones$isWaystone$1$0 in waystones.mixins.json:SinglePoolElementMixin
[04Apr2025 19:48:59.849] [main/DEBUG] [mixin/]: Renaming synthetic method lambda$waystones$isWaystone$0(Lnet/minecraft/resources/ResourceLocation;)V to mdf2554f$lambda$waystones$isWaystone$0$1 in waystones.mixins.json:SinglePoolElementMixin
[04Apr2025 19:48:59.850] [main/DEBUG] [mixin/]: Mixing accessor.SinglePoolElementAccessor from yungsapi.mixins.json into net.minecraft.world.level.levelgen.structure.pools.SinglePoolElement
[04Apr2025 19:48:59.850] [main/DEBUG] [mixin/]: Mixing world.SinglePoolElementAccessor from the_bumblezone-common.mixins.json into net.minecraft.world.level.levelgen.structure.pools.SinglePoolElement
[04Apr2025 19:48:59.850] [main/DEBUG] [mixin/]: Mixing SinglePoolElementMixin from structure_gel.mixins.json into net.minecraft.world.level.levelgen.structure.pools.SinglePoolElement
[04Apr2025 19:48:59.866] [main/DEBUG] [mixin/]: Mixing accessor.ListPoolElementAccessor from yungsapi.mixins.json into net.minecraft.world.level.levelgen.structure.pools.ListPoolElement
[04Apr2025 19:48:59.868] [main/DEBUG] [mixin/]: Mixing accessor.FeaturePoolElementAccessor from yungsapi.mixins.json into net.minecraft.world.level.levelgen.structure.pools.FeaturePoolElement
[04Apr2025 19:48:59.886] [main/DEBUG] [mixin/]: Mixing LanguageMixin from wthit.mixins.json into net.minecraft.locale.Language
[04Apr2025 19:48:59.887] [main/DEBUG] [mixin/]: wthit.mixins.json:LanguageMixin: Class version 61 required is higher than the class version supported by the current version of Mixin (JAVA_16 supports class version 60)
[04Apr2025 19:48:59.989] [main/DEBUG] [net.minecraftforge.common.ForgeI18n/CORE]: Loading I18N data entries: 6430
[04Apr2025 19:49:00.009] [main/DEBUG] [net.minecraftforge.fml.ModWorkManager/LOADING]: Using 4 threads for parallel mod-loading
[04Apr2025 19:49:00.016] [main/DEBUG] [net.minecraftforge.fml.javafmlmod.FMLJavaModLanguageProvider/LOADING]: Loading FMLModContainer from classloader cpw.mods.modlauncher.TransformingClassLoader@5c4f4330 - got cpw.mods.cl.ModuleClassLoader@6818d900
[04Apr2025 19:49:00.017] [main/DEBUG] [net.minecraftforge.fml.javafmlmod.FMLModContainer/LOADING]: Creating FMLModContainer instance for com.yungnickyoung.minecraft.betterdungeons.BetterDungeonsForge
[04Apr2025 19:49:00.022] [main/DEBUG] [net.minecraftforge.fml.javafmlmod.FMLJavaModLanguageProvider/LOADING]: Loading FMLModContainer from classloader cpw.mods.modlauncher.TransformingClassLoader@5c4f4330 - got cpw.mods.cl.ModuleClassLoader@6818d900
[04Apr2025 19:49:00.023] [main/DEBUG] [net.minecraftforge.fml.javafmlmod.FMLModContainer/LOADING]: Creating FMLModContainer instance for fudge.notenoughcrashes.forge.NotEnoughCrashesForge
[04Apr2025 19:49:00.023] [main/DEBUG] [net.minecraftforge.fml.javafmlmod.FMLJavaModLanguageProvider/LOADING]: Loading FMLModContainer from classloader cpw.mods.modlauncher.TransformingClassLoader@5c4f4330 - got cpw.mods.cl.ModuleClassLoader@6818d900
[04Apr2025 19:49:00.024] [main/DEBUG] [net.minecraftforge.fml.javafmlmod.FMLModContainer/LOADING]: Creating FMLModContainer instance for net.blay09.mods.kuma.forge.ForgeKumaAPI
[04Apr2025 19:49:00.024] [main/DEBUG] [net.minecraftforge.fml.javafmlmod.FMLJavaModLanguageProvider/LOADING]: Loading FMLModContainer from classloader cpw.mods.modlauncher.TransformingClassLoader@5c4f4330 - got cpw.mods.cl.ModuleClassLoader@6818d900
[04Apr2025 19:49:00.024] [main/DEBUG] [net.minecraftforge.fml.javafmlmod.FMLModContainer/LOADING]: Creating FMLModContainer instance for com.legacy.blue_skies.BlueSkies
[04Apr2025 19:49:00.025] [main/DEBUG] [net.minecraftforge.fml.javafmlmod.FMLJavaModLanguageProvider/LOADING]: Loading FMLModContainer from classloader cpw.mods.modlauncher.TransformingClassLoader@5c4f4330 - got cpw.mods.cl.ModuleClassLoader@6818d900
[04Apr2025 19:49:00.025] [main/DEBUG] [net.minecraftforge.fml.javafmlmod.FMLModContainer/LOADING]: Creating FMLModContainer instance for com.yungnickyoung.minecraft.betterwitchhuts.BetterWitchHutsForge
[04Apr2025 19:49:00.025] [main/DEBUG] [net.minecraftforge.fml.javafmlmod.FMLJavaModLanguageProvider/LOADING]: Loading FMLModContainer from classloader cpw.mods.modlauncher.TransformingClassLoader@5c4f4330 - got cpw.mods.cl.ModuleClassLoader@6818d900
[04Apr2025 19:49:00.026] [main/DEBUG] [net.minecraftforge.fml.javafmlmod.FMLModContainer/LOADING]: Creating FMLModContainer instance for software.bernie.example.GeckoLibMod
[04Apr2025 19:49:00.026] [main/DEBUG] [net.minecraftforge.fml.javafmlmod.FMLJavaModLanguageProvider/LOADING]: Loading FMLModContainer from classloader cpw.mods.modlauncher.TransformingClassLoader@5c4f4330 - got cpw.mods.cl.ModuleClassLoader@6818d900
[04Apr2025 19:49:00.026] [main/DEBUG] [net.minecraftforge.fml.javafmlmod.FMLModContainer/LOADING]: Creating FMLModContainer instance for dev.kosmx.playerAnim.forge.ForgeModInterface
[04Apr2025 19:49:00.027] [main/DEBUG] [net.minecraftforge.fml.javafmlmod.FMLJavaModLanguageProvider/LOADING]: Loading FMLModContainer from classloader cpw.mods.modlauncher.TransformingClassLoader@5c4f4330 - got cpw.mods.cl.ModuleClassLoader@6818d900
[04Apr2025 19:49:00.027] [main/DEBUG] [net.minecraftforge.fml.javafmlmod.FMLModContainer/LOADING]: Creating FMLModContainer instance for com.aetherteam.aether.Aether
[04Apr2025 19:49:00.028] [main/DEBUG] [net.minecraftforge.fml.javafmlmod.FMLJavaModLanguageProvider/LOADING]: Loading FMLModContainer from classloader cpw.mods.modlauncher.TransformingClassLoader@5c4f4330 - got cpw.mods.cl.ModuleClassLoader@6818d900
[04Apr2025 19:49:00.028] [main/DEBUG] [net.minecraftforge.fml.javafmlmod.FMLModContainer/LOADING]: Creating FMLModContainer instance for mezz.jei.forge.JustEnoughItems
[04Apr2025 19:49:00.029] [main/DEBUG] [net.minecraftforge.fml.javafmlmod.FMLJavaModLanguageProvider/LOADING]: Loading FMLModContainer from classloader cpw.mods.modlauncher.TransformingClassLoader@5c4f4330 - got cpw.mods.cl.ModuleClassLoader@6818d900
[04Apr2025 19:49:00.029] [main/DEBUG] [net.minecraftforge.fml.javafmlmod.FMLModContainer/LOADING]: Creating FMLModContainer instance for com.yungnickyoung.minecraft.betteroceanmonuments.BetterOceanMonumentsForge
[04Apr2025 19:49:00.030] [main/DEBUG] [net.minecraftforge.fml.lowcodemod.LowCodeModLanguageProvider.LowCodeModTarget/LOADING]: Loading LowCodeModContainer from classloader cpw.mods.modlauncher.TransformingClassLoader@5c4f4330 - got cpw.mods.cl.ModuleClassLoader@6818d900
[04Apr2025 19:49:00.030] [main/DEBUG] [net.minecraftforge.fml.lowcodemod.LowCodeModContainer/LOADING]: Creating LowCodeModContainer for incendium
[04Apr2025 19:49:00.030] [main/DEBUG] [net.minecraftforge.fml.javafmlmod.FMLJavaModLanguageProvider/LOADING]: Loading FMLModContainer from classloader cpw.mods.modlauncher.TransformingClassLoader@5c4f4330 - got cpw.mods.cl.ModuleClassLoader@6818d900
[04Apr2025 19:49:00.030] [main/DEBUG] [net.minecraftforge.fml.javafmlmod.FMLModContainer/LOADING]: Creating FMLModContainer instance for net.p3pp3rf1y.sophisticatedcore.SophisticatedCore
[04Apr2025 19:49:00.031] [main/DEBUG] [net.minecraftforge.fml.javafmlmod.FMLJavaModLanguageProvider/LOADING]: Loading FMLModContainer from classloader cpw.mods.modlauncher.TransformingClassLoader@5c4f4330 - got cpw.mods.cl.ModuleClassLoader@6818d900
[04Apr2025 19:49:00.031] [main/DEBUG] [net.minecraftforge.fml.javafmlmod.FMLModContainer/LOADING]: Creating FMLModContainer instance for elocindev.geckoanimfix.CommonInitializer
[04Apr2025 19:49:00.031] [main/DEBUG] [net.minecraftforge.fml.javafmlmod.FMLJavaModLanguageProvider/LOADING]: Loading FMLModContainer from classloader cpw.mods.modlauncher.TransformingClassLoader@5c4f4330 - got cpw.mods.cl.ModuleClassLoader@6818d900
[04Apr2025 19:49:00.031] [main/DEBUG] [net.minecraftforge.fml.javafmlmod.FMLModContainer/LOADING]: Creating FMLModContainer instance for com.hexagram2021.mod_whitelist.ModWhitelist
[04Apr2025 19:49:00.032] [main/DEBUG] [net.minecraftforge.fml.javafmlmod.FMLJavaModLanguageProvider/LOADING]: Loading FMLModContainer from classloader cpw.mods.modlauncher.TransformingClassLoader@5c4f4330 - got cpw.mods.cl.ModuleClassLoader@6818d900
[04Apr2025 19:49:00.032] [main/DEBUG] [net.minecraftforge.fml.javafmlmod.FMLModContainer/LOADING]: Creating FMLModContainer instance for net.blay09.mods.waystones.ForgeWaystones
[04Apr2025 19:49:00.032] [main/DEBUG] [net.minecraftforge.fml.javafmlmod.FMLJavaModLanguageProvider/LOADING]: Loading FMLModContainer from classloader cpw.mods.modlauncher.TransformingClassLoader@5c4f4330 - got cpw.mods.cl.ModuleClassLoader@6818d900
[04Apr2025 19:49:00.032] [main/DEBUG] [net.minecraftforge.fml.javafmlmod.FMLModContainer/LOADING]: Creating FMLModContainer instance for net.mcreator.outstandingores.OutstandingOresMod
[04Apr2025 19:49:00.033] [main/DEBUG] [net.minecraftforge.fml.javafmlmod.FMLJavaModLanguageProvider/LOADING]: Loading FMLModContainer from classloader cpw.mods.modlauncher.TransformingClassLoader@5c4f4330 - got cpw.mods.cl.ModuleClassLoader@6818d900
[04Apr2025 19:49:00.033] [main/DEBUG] [net.minecraftforge.fml.javafmlmod.FMLModContainer/LOADING]: Creating FMLModContainer instance for xaero.map.WorldMapForge
[04Apr2025 19:49:00.035] [main/DEBUG] [net.minecraftforge.fml.javafmlmod.FMLJavaModLanguageProvider/LOADING]: Loading FMLModContainer from classloader cpw.mods.modlauncher.TransformingClassLoader@5c4f4330 - got cpw.mods.cl.ModuleClassLoader@6818d900
[04Apr2025 19:49:00.035] [main/DEBUG] [net.minecraftforge.fml.javafmlmod.FMLModContainer/LOADING]: Creating FMLModContainer instance for com.yungnickyoung.minecraft.yungscavebiomes.YungsCaveBiomesForge
[04Apr2025 19:49:00.035] [main/DEBUG] [net.minecraftforge.fml.javafmlmod.FMLJavaModLanguageProvider/LOADING]: Loading FMLModContainer from classloader cpw.mods.modlauncher.TransformingClassLoader@5c4f4330 - got cpw.mods.cl.ModuleClassLoader@6818d900
[04Apr2025 19:49:00.036] [main/DEBUG] [net.minecraftforge.fml.javafmlmod.FMLModContainer/LOADING]: Creating FMLModContainer instance for com.illusivesoulworks.comforts.ComfortsForgeMod
[04Apr2025 19:49:00.036] [main/DEBUG] [net.minecraftforge.fml.javafmlmod.FMLJavaModLanguageProvider/LOADING]: Loading FMLModContainer from classloader cpw.mods.modlauncher.TransformingClassLoader@5c4f4330 - got cpw.mods.cl.ModuleClassLoader@6818d900
[04Apr2025 19:49:00.036] [main/DEBUG] [net.minecraftforge.fml.javafmlmod.FMLModContainer/LOADING]: Creating FMLModContainer instance for com.github.alexthe666.citadel.Citadel
[04Apr2025 19:49:00.037] [main/DEBUG] [net.minecraftforge.fml.javafmlmod.FMLJavaModLanguageProvider/LOADING]: Loading FMLModContainer from classloader cpw.mods.modlauncher.TransformingClassLoader@5c4f4330 - got cpw.mods.cl.ModuleClassLoader@6818d900
[04Apr2025 19:49:00.038] [main/DEBUG] [net.minecraftforge.fml.javafmlmod.FMLModContainer/LOADING]: Creating FMLModContainer instance for lol.bai.badpackets.impl.forge.ForgeBadPackets
[04Apr2025 19:49:00.038] [main/DEBUG] [net.minecraftforge.fml.javafmlmod.FMLJavaModLanguageProvider/LOADING]: Loading FMLModContainer from classloader cpw.mods.modlauncher.TransformingClassLoader@5c4f4330 - got cpw.mods.cl.ModuleClassLoader@6818d900
[04Apr2025 19:49:00.038] [main/DEBUG] [net.minecraftforge.fml.javafmlmod.FMLModContainer/LOADING]: Creating FMLModContainer instance for com.yungnickyoung.minecraft.yungsapi.YungsApiForge
[04Apr2025 19:49:00.039] [main/DEBUG] [net.minecraftforge.fml.javafmlmod.FMLJavaModLanguageProvider/LOADING]: Loading FMLModContainer from classloader cpw.mods.modlauncher.TransformingClassLoader@5c4f4330 - got cpw.mods.cl.ModuleClassLoader@6818d900
[04Apr2025 19:49:00.039] [main/DEBUG] [net.minecraftforge.fml.javafmlmod.FMLModContainer/LOADING]: Creating FMLModContainer instance for com.llamalad7.mixinextras.platform.forge.MixinExtrasMod
[04Apr2025 19:49:00.039] [main/DEBUG] [net.minecraftforge.fml.lowcodemod.LowCodeModLanguageProvider.LowCodeModTarget/LOADING]: Loading LowCodeModContainer from classloader cpw.mods.modlauncher.TransformingClassLoader@5c4f4330 - got cpw.mods.cl.ModuleClassLoader@6818d900
[04Apr2025 19:49:00.039] [main/DEBUG] [net.minecraftforge.fml.lowcodemod.LowCodeModContainer/LOADING]: Creating LowCodeModContainer for mobcaptains
[04Apr2025 19:49:00.039] [main/DEBUG] [net.minecraftforge.fml.javafmlmod.FMLJavaModLanguageProvider/LOADING]: Loading FMLModContainer from classloader cpw.mods.modlauncher.TransformingClassLoader@5c4f4330 - got cpw.mods.cl.ModuleClassLoader@6818d900
[04Apr2025 19:49:00.040] [main/DEBUG] [net.minecraftforge.fml.javafmlmod.FMLModContainer/LOADING]: Creating FMLModContainer instance for net.p3pp3rf1y.sophisticatedbackpacks.SophisticatedBackpacks
[04Apr2025 19:49:00.040] [main/DEBUG] [net.minecraftforge.fml.javafmlmod.FMLJavaModLanguageProvider/LOADING]: Loading FMLModContainer from classloader cpw.mods.modlauncher.TransformingClassLoader@5c4f4330 - got cpw.mods.cl.ModuleClassLoader@6818d900
[04Apr2025 19:49:00.040] [main/DEBUG] [net.minecraftforge.fml.javafmlmod.FMLModContainer/LOADING]: Creating FMLModContainer instance for net.mcreator.vapeaholic.VapeaholicMod
[04Apr2025 19:49:00.041] [main/DEBUG] [net.minecraftforge.fml.javafmlmod.FMLJavaModLanguageProvider/LOADING]: Loading FMLModContainer from classloader cpw.mods.modlauncher.TransformingClassLoader@5c4f4330 - got cpw.mods.cl.ModuleClassLoader@6818d900
[04Apr2025 19:49:00.041] [main/DEBUG] [net.minecraftforge.fml.javafmlmod.FMLModContainer/LOADING]: Creating FMLModContainer instance for com.yungnickyoung.minecraft.betterdeserttemples.BetterDesertTemplesForge
[04Apr2025 19:49:00.042] [main/DEBUG] [net.minecraftforge.fml.javafmlmod.FMLJavaModLanguageProvider/LOADING]: Loading FMLModContainer from classloader cpw.mods.modlauncher.TransformingClassLoader@5c4f4330 - got cpw.mods.cl.ModuleClassLoader@6818d900
[04Apr2025 19:49:00.042] [main/DEBUG] [net.minecraftforge.fml.javafmlmod.FMLModContainer/LOADING]: Creating FMLModContainer instance for com.github.alexthe666.iceandfire.IceAndFire
[04Apr2025 19:49:00.044] [main/DEBUG] [net.minecraftforge.fml.javafmlmod.FMLJavaModLanguageProvider/LOADING]: Loading FMLModContainer from classloader cpw.mods.modlauncher.TransformingClassLoader@5c4f4330 - got cpw.mods.cl.ModuleClassLoader@6818d900
[04Apr2025 19:49:00.044] [main/DEBUG] [net.minecraftforge.fml.javafmlmod.FMLModContainer/LOADING]: Creating FMLModContainer instance for net.blay09.mods.balm.forge.ForgeBalm
[04Apr2025 19:49:00.045] [main/DEBUG] [net.minecraftforge.fml.javafmlmod.FMLJavaModLanguageProvider/LOADING]: Loading FMLModContainer from classloader cpw.mods.modlauncher.TransformingClassLoader@5c4f4330 - got cpw.mods.cl.ModuleClassLoader@6818d900
[04Apr2025 19:49:00.045] [main/DEBUG] [net.minecraftforge.fml.javafmlmod.FMLModContainer/LOADING]: Creating FMLModContainer instance for com.cerbon.bosses_of_mass_destruction.BossesOfMassDestruction
[04Apr2025 19:49:00.045] [main/DEBUG] [net.minecraftforge.fml.lowcodemod.LowCodeModLanguageProvider.LowCodeModTarget/LOADING]: Loading LowCodeModContainer from classloader cpw.mods.modlauncher.TransformingClassLoader@5c4f4330 - got cpw.mods.cl.ModuleClassLoader@6818d900
[04Apr2025 19:49:00.045] [main/DEBUG] [net.minecraftforge.fml.lowcodemod.LowCodeModContainer/LOADING]: Creating LowCodeModContainer for terralith
[04Apr2025 19:49:00.045] [main/DEBUG] [net.minecraftforge.fml.javafmlmod.FMLJavaModLanguageProvider/LOADING]: Loading FMLModContainer from classloader cpw.mods.modlauncher.TransformingClassLoader@5c4f4330 - got cpw.mods.cl.ModuleClassLoader@6818d900
[04Apr2025 19:49:00.045] [main/DEBUG] [net.minecraftforge.fml.javafmlmod.FMLModContainer/LOADING]: Creating FMLModContainer instance for com.teamabnormals.blueprint.core.Blueprint
[04Apr2025 19:49:00.049] [main/DEBUG] [net.minecraftforge.fml.javafmlmod.FMLJavaModLanguageProvider/LOADING]: Loading FMLModContainer from classloader cpw.mods.modlauncher.TransformingClassLoader@5c4f4330 - got cpw.mods.cl.ModuleClassLoader@6818d900
[04Apr2025 19:49:00.049] [main/DEBUG] [net.minecraftforge.fml.javafmlmod.FMLModContainer/LOADING]: Creating FMLModContainer instance for fuzs.puzzlesaccessapi.forge.PuzzlesAccessApiForge
[04Apr2025 19:49:00.050] [main/DEBUG] [net.minecraftforge.fml.javafmlmod.FMLJavaModLanguageProvider/LOADING]: Loading FMLModContainer from classloader cpw.mods.modlauncher.TransformingClassLoader@5c4f4330 - got cpw.mods.cl.ModuleClassLoader@6818d900
[04Apr2025 19:49:00.050] [main/DEBUG] [net.minecraftforge.fml.javafmlmod.FMLModContainer/LOADING]: Creating FMLModContainer instance for com.yungnickyoung.minecraft.betterfortresses.BetterFortressesForge
[04Apr2025 19:49:00.050] [main/DEBUG] [net.minecraftforge.fml.javafmlmod.FMLJavaModLanguageProvider/LOADING]: Loading FMLModContainer from classloader cpw.mods.modlauncher.TransformingClassLoader@5c4f4330 - got cpw.mods.cl.ModuleClassLoader@6818d900
[04Apr2025 19:49:00.051] [main/DEBUG] [net.minecraftforge.fml.javafmlmod.FMLModContainer/LOADING]: Creating FMLModContainer instance for net.aurelj.dungeons_arise_seven_seas.DungeonsAriseSevenSeasMain
[04Apr2025 19:49:00.051] [main/DEBUG] [net.minecraftforge.fml.javafmlmod.FMLJavaModLanguageProvider/LOADING]: Loading FMLModContainer from classloader cpw.mods.modlauncher.TransformingClassLoader@5c4f4330 - got cpw.mods.cl.ModuleClassLoader@6818d900
[04Apr2025 19:49:00.051] [main/DEBUG] [net.minecraftforge.fml.javafmlmod.FMLModContainer/LOADING]: Creating FMLModContainer instance for me.shedaniel.clothconfig.ClothConfigForge
[04Apr2025 19:49:00.052] [main/DEBUG] [net.minecraftforge.fml.javafmlmod.FMLJavaModLanguageProvider/LOADING]: Loading FMLModContainer from classloader cpw.mods.modlauncher.TransformingClassLoader@5c4f4330 - got cpw.mods.cl.ModuleClassLoader@6818d900
[04Apr2025 19:49:00.052] [main/DEBUG] [net.minecraftforge.fml.javafmlmod.FMLModContainer/LOADING]: Creating FMLModContainer instance for net.minecraftforge.common.ForgeMod
[04Apr2025 19:49:00.055] [main/DEBUG] [net.minecraftforge.fml.javafmlmod.FMLJavaModLanguageProvider/LOADING]: Loading FMLModContainer from classloader cpw.mods.modlauncher.TransformingClassLoader@5c4f4330 - got cpw.mods.cl.ModuleClassLoader@6818d900
[04Apr2025 19:49:00.055] [main/DEBUG] [net.minecraftforge.fml.javafmlmod.FMLModContainer/LOADING]: Creating FMLModContainer instance for twilightforest.TwilightForestMod
[04Apr2025 19:49:00.056] [main/DEBUG] [net.minecraftforge.fml.javafmlmod.FMLJavaModLanguageProvider/LOADING]: Loading FMLModContainer from classloader cpw.mods.modlauncher.TransformingClassLoader@5c4f4330 - got cpw.mods.cl.ModuleClassLoader@6818d900
[04Apr2025 19:49:00.057] [main/DEBUG] [net.minecraftforge.fml.javafmlmod.FMLModContainer/LOADING]: Creating FMLModContainer instance for de.keksuccino.konkrete.Konkrete
[04Apr2025 19:49:00.057] [main/DEBUG] [net.minecraftforge.fml.javafmlmod.FMLJavaModLanguageProvider/LOADING]: Loading FMLModContainer from classloader cpw.mods.modlauncher.TransformingClassLoader@5c4f4330 - got cpw.mods.cl.ModuleClassLoader@6818d900
[04Apr2025 19:49:00.057] [main/DEBUG] [net.minecraftforge.fml.javafmlmod.FMLModContainer/LOADING]: Creating FMLModContainer instance for me.jellysquid.mods.sodium.client.SodiumClientMod
[04Apr2025 19:49:00.058] [main/DEBUG] [net.minecraftforge.fml.javafmlmod.FMLJavaModLanguageProvider/LOADING]: Loading FMLModContainer from classloader cpw.mods.modlauncher.TransformingClassLoader@5c4f4330 - got cpw.mods.cl.ModuleClassLoader@6818d900
[04Apr2025 19:49:00.058] [main/DEBUG] [net.minecraftforge.fml.javafmlmod.FMLModContainer/LOADING]: Creating FMLModContainer instance for me.jellysquid.mods.sodium.client.RubidiumStub
[04Apr2025 19:49:00.058] [main/DEBUG] [net.minecraftforge.fml.javafmlmod.FMLJavaModLanguageProvider/LOADING]: Loading FMLModContainer from classloader cpw.mods.modlauncher.TransformingClassLoader@5c4f4330 - got cpw.mods.cl.ModuleClassLoader@6818d900
[04Apr2025 19:49:00.058] [main/DEBUG] [net.minecraftforge.fml.javafmlmod.FMLModContainer/LOADING]: Creating FMLModContainer instance for earth.terrarium.athena.forge.AthenaForge
[04Apr2025 19:49:00.059] [main/DEBUG] [net.minecraftforge.fml.javafmlmod.FMLJavaModLanguageProvider/LOADING]: Loading FMLModContainer from classloader cpw.mods.modlauncher.TransformingClassLoader@5c4f4330 - got cpw.mods.cl.ModuleClassLoader@6818d900
[04Apr2025 19:49:00.059] [main/DEBUG] [net.minecraftforge.fml.javafmlmod.FMLModContainer/LOADING]: Creating FMLModContainer instance for com.legacy.structure_gel.core.StructureGelMod
[04Apr2025 19:49:00.059] [main/DEBUG] [net.minecraftforge.fml.javafmlmod.FMLJavaModLanguageProvider/LOADING]: Loading FMLModContainer from classloader cpw.mods.modlauncher.TransformingClassLoader@5c4f4330 - got cpw.mods.cl.ModuleClassLoader@6818d900
[04Apr2025 19:49:00.059] [main/DEBUG] [net.minecraftforge.fml.javafmlmod.FMLModContainer/LOADING]: Creating FMLModContainer instance for net.aurelj.dungeons_arise.DungeonsAriseMain
[04Apr2025 19:49:00.060] [main/DEBUG] [net.minecraftforge.fml.javafmlmod.FMLJavaModLanguageProvider/LOADING]: Loading FMLModContainer from classloader cpw.mods.modlauncher.TransformingClassLoader@5c4f4330 - got cpw.mods.cl.ModuleClassLoader@6818d900
[04Apr2025 19:49:00.060] [main/DEBUG] [net.minecraftforge.fml.javafmlmod.FMLModContainer/LOADING]: Creating FMLModContainer instance for dev.worldgen.tectonic.TectonicForge
[04Apr2025 19:49:00.062] [main/DEBUG] [net.minecraftforge.fml.javafmlmod.FMLJavaModLanguageProvider/LOADING]: Loading FMLModContainer from classloader cpw.mods.modlauncher.TransformingClassLoader@5c4f4330 - got cpw.mods.cl.ModuleClassLoader@6818d900
[04Apr2025 19:49:00.062] [main/DEBUG] [net.minecraftforge.fml.javafmlmod.FMLModContainer/LOADING]: Creating FMLModContainer instance for vectorwing.farmersdelight.FarmersDelight
[04Apr2025 19:49:00.063] [main/DEBUG] [net.minecraftforge.fml.javafmlmod.FMLJavaModLanguageProvider/LOADING]: Loading FMLModContainer from classloader cpw.mods.modlauncher.TransformingClassLoader@5c4f4330 - got cpw.mods.cl.ModuleClassLoader@6818d900
[04Apr2025 19:49:00.063] [main/DEBUG] [net.minecraftforge.fml.javafmlmod.FMLModContainer/LOADING]: Creating FMLModContainer instance for de.maxhenkel.voicechat.ForgeVoicechatMod
[04Apr2025 19:49:00.064] [main/DEBUG] [net.minecraftforge.fml.javafmlmod.FMLJavaModLanguageProvider/LOADING]: Loading FMLModContainer from classloader cpw.mods.modlauncher.TransformingClassLoader@5c4f4330 - got cpw.mods.cl.ModuleClassLoader@6818d900
[04Apr2025 19:49:00.064] [main/DEBUG] [net.minecraftforge.fml.javafmlmod.FMLModContainer/LOADING]: Creating FMLModContainer instance for terrablender.core.TerraBlenderForge
[04Apr2025 19:49:00.065] [main/DEBUG] [net.minecraftforge.fml.javafmlmod.FMLJavaModLanguageProvider/LOADING]: Loading FMLModContainer from classloader cpw.mods.modlauncher.TransformingClassLoader@5c4f4330 - got cpw.mods.cl.ModuleClassLoader@6818d900
[04Apr2025 19:49:00.065] [main/DEBUG] [net.minecraftforge.fml.javafmlmod.FMLModContainer/LOADING]: Creating FMLModContainer instance for net.bettercombat.forge.BetterCombatForge
[04Apr2025 19:49:00.065] [main/DEBUG] [net.minecraftforge.fml.javafmlmod.FMLJavaModLanguageProvider/LOADING]: Loading FMLModContainer from classloader cpw.mods.modlauncher.TransformingClassLoader@5c4f4330 - got cpw.mods.cl.ModuleClassLoader@6818d900
[04Apr2025 19:49:00.065] [main/DEBUG] [net.minecraftforge.fml.javafmlmod.FMLModContainer/LOADING]: Creating FMLModContainer instance for net.regions_unexplored.RegionsUnexploredMod
[04Apr2025 19:49:00.066] [main/DEBUG] [net.minecraftforge.fml.javafmlmod.FMLJavaModLanguageProvider/LOADING]: Loading FMLModContainer from classloader cpw.mods.modlauncher.TransformingClassLoader@5c4f4330 - got cpw.mods.cl.ModuleClassLoader@6818d900
[04Apr2025 19:49:00.066] [main/DEBUG] [net.minecraftforge.fml.javafmlmod.FMLModContainer/LOADING]: Creating FMLModContainer instance for iDiamondhunter.morebows.MoreBows
[04Apr2025 19:49:00.067] [main/DEBUG] [net.minecraftforge.fml.lowcodemod.LowCodeModLanguageProvider.LowCodeModTarget/LOADING]: Loading LowCodeModContainer from classloader cpw.mods.modlauncher.TransformingClassLoader@5c4f4330 - got cpw.mods.cl.ModuleClassLoader@6818d900
[04Apr2025 19:49:00.067] [main/DEBUG] [net.minecraftforge.fml.lowcodemod.LowCodeModContainer/LOADING]: Creating LowCodeModContainer for mr_dungeons_andtavernsstrongholdrework
[04Apr2025 19:49:00.067] [main/DEBUG] [net.minecraftforge.fml.javafmlmod.FMLJavaModLanguageProvider/LOADING]: Loading FMLModContainer from classloader cpw.mods.modlauncher.TransformingClassLoader@5c4f4330 - got cpw.mods.cl.ModuleClassLoader@6818d900
[04Apr2025 19:49:00.067] [main/DEBUG] [net.minecraftforge.fml.javafmlmod.FMLModContainer/LOADING]: Creating FMLModContainer instance for org.popcraft.chunky.ChunkyForge
[04Apr2025 19:49:00.068] [main/DEBUG] [net.minecraftforge.fml.javafmlmod.FMLJavaModLanguageProvider/LOADING]: Loading FMLModContainer from classloader cpw.mods.modlauncher.TransformingClassLoader@5c4f4330 - got cpw.mods.cl.ModuleClassLoader@6818d900
[04Apr2025 19:49:00.068] [main/DEBUG] [net.minecraftforge.fml.javafmlmod.FMLModContainer/LOADING]: Creating FMLModContainer instance for com.illusivesoulworks.spectrelib.SpectreForgeMod
[04Apr2025 19:49:00.068] [main/DEBUG] [net.minecraftforge.fml.javafmlmod.FMLJavaModLanguageProvider/LOADING]: Loading FMLModContainer from classloader cpw.mods.modlauncher.TransformingClassLoader@5c4f4330 - got cpw.mods.cl.ModuleClassLoader@6818d900
[04Apr2025 19:49:00.068] [main/DEBUG] [net.minecraftforge.fml.javafmlmod.FMLModContainer/LOADING]: Creating FMLModContainer instance for com.yungnickyoung.minecraft.yungsbridges.YungsBridgesForge
[04Apr2025 19:49:00.069] [main/DEBUG] [net.minecraftforge.fml.javafmlmod.FMLJavaModLanguageProvider/LOADING]: Loading FMLModContainer from classloader cpw.mods.modlauncher.TransformingClassLoader@5c4f4330 - got cpw.mods.cl.ModuleClassLoader@6818d900
[04Apr2025 19:49:00.069] [main/DEBUG] [net.minecraftforge.fml.javafmlmod.FMLModContainer/LOADING]: Creating FMLModContainer instance for fuzs.hangglider.HangGliderForge
[04Apr2025 19:49:00.069] [main/DEBUG] [net.minecraftforge.fml.javafmlmod.FMLJavaModLanguageProvider/LOADING]: Loading FMLModContainer from classloader cpw.mods.modlauncher.TransformingClassLoader@5c4f4330 - got cpw.mods.cl.ModuleClassLoader@6818d900
[04Apr2025 19:49:00.069] [main/DEBUG] [net.minecraftforge.fml.javafmlmod.FMLModContainer/LOADING]: Creating FMLModContainer instance for teamrazor.aeroblender.Aeroblender
[04Apr2025 19:49:00.070] [main/DEBUG] [net.minecraftforge.fml.javafmlmod.FMLJavaModLanguageProvider/LOADING]: Loading FMLModContainer from classloader cpw.mods.modlauncher.TransformingClassLoader@5c4f4330 - got cpw.mods.cl.ModuleClassLoader@6818d900
[04Apr2025 19:49:00.070] [main/DEBUG] [net.minecraftforge.fml.javafmlmod.FMLModContainer/LOADING]: Creating FMLModContainer instance for mcp.mobius.waila.forge.ForgeWailaClient$HahaBorgeGoBrrrr
[04Apr2025 19:49:00.070] [main/DEBUG] [net.minecraftforge.fml.javafmlmod.FMLJavaModLanguageProvider/LOADING]: Loading FMLModContainer from classloader cpw.mods.modlauncher.TransformingClassLoader@5c4f4330 - got cpw.mods.cl.ModuleClassLoader@6818d900
[04Apr2025 19:49:00.070] [main/DEBUG] [net.minecraftforge.fml.javafmlmod.FMLModContainer/LOADING]: Creating FMLModContainer instance for mcp.mobius.waila.forge.ForgeWaila
[04Apr2025 19:49:00.071] [main/DEBUG] [net.minecraftforge.fml.javafmlmod.FMLJavaModLanguageProvider/LOADING]: Loading FMLModContainer from classloader cpw.mods.modlauncher.TransformingClassLoader@5c4f4330 - got cpw.mods.cl.ModuleClassLoader@6818d900
[04Apr2025 19:49:00.071] [main/DEBUG] [net.minecraftforge.fml.javafmlmod.FMLModContainer/LOADING]: Creating FMLModContainer instance for top.theillusivec4.curios.Curios
[04Apr2025 19:49:00.072] [main/DEBUG] [net.minecraftforge.fml.javafmlmod.FMLJavaModLanguageProvider/LOADING]: Loading FMLModContainer from classloader cpw.mods.modlauncher.TransformingClassLoader@5c4f4330 - got cpw.mods.cl.ModuleClassLoader@6818d900
[04Apr2025 19:49:00.072] [main/DEBUG] [net.minecraftforge.fml.javafmlmod.FMLModContainer/LOADING]: Creating FMLModContainer instance for vazkii.patchouli.forge.common.ForgeModInitializer
[04Apr2025 19:49:00.073] [main/DEBUG] [net.minecraftforge.fml.javafmlmod.FMLJavaModLanguageProvider/LOADING]: Loading FMLModContainer from classloader cpw.mods.modlauncher.TransformingClassLoader@5c4f4330 - got cpw.mods.cl.ModuleClassLoader@6818d900
[04Apr2025 19:49:00.073] [main/DEBUG] [net.minecraftforge.fml.javafmlmod.FMLModContainer/LOADING]: Creating FMLModContainer instance for xaero.minimap.XaeroMinimapForge
[04Apr2025 19:49:00.075] [main/DEBUG] [net.minecraftforge.fml.javafmlmod.FMLJavaModLanguageProvider/LOADING]: Loading FMLModContainer from classloader cpw.mods.modlauncher.TransformingClassLoader@5c4f4330 - got cpw.mods.cl.ModuleClassLoader@6818d900
[04Apr2025 19:49:00.075] [main/DEBUG] [net.minecraftforge.fml.javafmlmod.FMLModContainer/LOADING]: Creating FMLModContainer instance for com.cerbon.cerbons_api.forge.CerbonsAPIForge
[04Apr2025 19:49:00.075] [main/DEBUG] [net.minecraftforge.fml.lowcodemod.LowCodeModLanguageProvider.LowCodeModTarget/LOADING]: Loading LowCodeModContainer from classloader cpw.mods.modlauncher.TransformingClassLoader@5c4f4330 - got cpw.mods.cl.ModuleClassLoader@6818d900
[04Apr2025 19:49:00.075] [main/DEBUG] [net.minecraftforge.fml.lowcodemod.LowCodeModContainer/LOADING]: Creating LowCodeModContainer for nullscape
[04Apr2025 19:49:00.075] [main/DEBUG] [net.minecraftforge.fml.javafmlmod.FMLJavaModLanguageProvider/LOADING]: Loading FMLModContainer from classloader cpw.mods.modlauncher.TransformingClassLoader@5c4f4330 - got cpw.mods.cl.ModuleClassLoader@6818d900
[04Apr2025 19:49:00.075] [main/DEBUG] [net.minecraftforge.fml.javafmlmod.FMLModContainer/LOADING]: Creating FMLModContainer instance for com.yungnickyoung.minecraft.yungsextras.YungsExtrasForge
[04Apr2025 19:49:00.076] [main/DEBUG] [net.minecraftforge.fml.lowcodemod.LowCodeModLanguageProvider.LowCodeModTarget/LOADING]: Loading LowCodeModContainer from classloader cpw.mods.modlauncher.TransformingClassLoader@5c4f4330 - got cpw.mods.cl.ModuleClassLoader@6818d900
[04Apr2025 19:49:00.076] [main/DEBUG] [net.minecraftforge.fml.lowcodemod.LowCodeModContainer/LOADING]: Creating LowCodeModContainer for mr_dungeons_andtaverns
[04Apr2025 19:49:00.076] [main/DEBUG] [net.minecraftforge.fml.javafmlmod.FMLJavaModLanguageProvider/LOADING]: Loading FMLModContainer from classloader cpw.mods.modlauncher.TransformingClassLoader@5c4f4330 - got cpw.mods.cl.ModuleClassLoader@6818d900
[04Apr2025 19:49:00.076] [main/DEBUG] [net.minecraftforge.fml.javafmlmod.FMLModContainer/LOADING]: Creating FMLModContainer instance for dev.tr7zw.entityculling.EntityCullingBootstrap
[04Apr2025 19:49:00.077] [main/DEBUG] [net.minecraftforge.fml.javafmlmod.FMLJavaModLanguageProvider/LOADING]: Loading FMLModContainer from classloader cpw.mods.modlauncher.TransformingClassLoader@5c4f4330 - got cpw.mods.cl.ModuleClassLoader@6818d900
[04Apr2025 19:49:00.077] [main/DEBUG] [net.minecraftforge.fml.javafmlmod.FMLModContainer/LOADING]: Creating FMLModContainer instance for com.yungnickyoung.minecraft.betterstrongholds.BetterStrongholdsForge
[04Apr2025 19:49:00.078] [main/DEBUG] [net.minecraftforge.fml.javafmlmod.FMLJavaModLanguageProvider/LOADING]: Loading FMLModContainer from classloader cpw.mods.modlauncher.TransformingClassLoader@5c4f4330 - got cpw.mods.cl.ModuleClassLoader@6818d900
[04Apr2025 19:49:00.078] [main/DEBUG] [net.minecraftforge.fml.javafmlmod.FMLModContainer/LOADING]: Creating FMLModContainer instance for ovh.corail.tombstone.ModTombstone
[04Apr2025 19:49:00.080] [main/DEBUG] [net.minecraftforge.fml.javafmlmod.FMLJavaModLanguageProvider/LOADING]: Loading FMLModContainer from classloader cpw.mods.modlauncher.TransformingClassLoader@5c4f4330 - got cpw.mods.cl.ModuleClassLoader@6818d900
[04Apr2025 19:49:00.080] [main/DEBUG] [net.minecraftforge.fml.javafmlmod.FMLModContainer/LOADING]: Creating FMLModContainer instance for com.aetherteam.cumulus.Cumulus
[04Apr2025 19:49:00.081] [main/DEBUG] [net.minecraftforge.fml.javafmlmod.FMLJavaModLanguageProvider/LOADING]: Loading FMLModContainer from classloader cpw.mods.modlauncher.TransformingClassLoader@5c4f4330 - got cpw.mods.cl.ModuleClassLoader@6818d900
[04Apr2025 19:49:00.081] [main/DEBUG] [net.minecraftforge.fml.javafmlmod.FMLModContainer/LOADING]: Creating FMLModContainer instance for com.kyanite.deeperdarker.DeeperDarker
[04Apr2025 19:49:00.082] [main/DEBUG] [net.minecraftforge.fml.javafmlmod.FMLJavaModLanguageProvider/LOADING]: Loading FMLModContainer from classloader cpw.mods.modlauncher.TransformingClassLoader@5c4f4330 - got cpw.mods.cl.ModuleClassLoader@6818d900
[04Apr2025 19:49:00.082] [main/DEBUG] [net.minecraftforge.fml.javafmlmod.FMLModContainer/LOADING]: Creating FMLModContainer instance for dev.architectury.forge.ArchitecturyForge
[04Apr2025 19:49:00.083] [main/DEBUG] [net.minecraftforge.fml.javafmlmod.FMLJavaModLanguageProvider/LOADING]: Loading FMLModContainer from classloader cpw.mods.modlauncher.TransformingClassLoader@5c4f4330 - got cpw.mods.cl.ModuleClassLoader@6818d900
[04Apr2025 19:49:00.083] [main/DEBUG] [net.minecraftforge.fml.javafmlmod.FMLModContainer/LOADING]: Creating FMLModContainer instance for net.sweenus.simplyswords.forge.SimplySwordsForge
[04Apr2025 19:49:00.083] [main/DEBUG] [net.minecraftforge.fml.javafmlmod.FMLJavaModLanguageProvider/LOADING]: Loading FMLModContainer from classloader cpw.mods.modlauncher.TransformingClassLoader@5c4f4330 - got cpw.mods.cl.ModuleClassLoader@6818d900
[04Apr2025 19:49:00.083] [main/DEBUG] [net.minecraftforge.fml.javafmlmod.FMLModContainer/LOADING]: Creating FMLModContainer instance for squeek.appleskin.AppleSkin
[04Apr2025 19:49:00.084] [main/DEBUG] [net.minecraftforge.fml.javafmlmod.FMLJavaModLanguageProvider/LOADING]: Loading FMLModContainer from classloader cpw.mods.modlauncher.TransformingClassLoader@5c4f4330 - got cpw.mods.cl.ModuleClassLoader@6818d900
[04Apr2025 19:49:00.084] [main/DEBUG] [net.minecraftforge.fml.javafmlmod.FMLModContainer/LOADING]: Creating FMLModContainer instance for malte0811.ferritecore.ModMainForge
[04Apr2025 19:49:00.084] [main/DEBUG] [net.minecraftforge.fml.javafmlmod.FMLJavaModLanguageProvider/LOADING]: Loading FMLModContainer from classloader cpw.mods.modlauncher.TransformingClassLoader@5c4f4330 - got cpw.mods.cl.ModuleClassLoader@6818d900
[04Apr2025 19:49:00.085] [main/DEBUG] [net.minecraftforge.fml.javafmlmod.FMLModContainer/LOADING]: Creating FMLModContainer instance for com.yungnickyoung.minecraft.betterendisland.BetterEndIslandForge
[04Apr2025 19:49:00.085] [main/DEBUG] [net.minecraftforge.fml.javafmlmod.FMLJavaModLanguageProvider/LOADING]: Loading FMLModContainer from classloader cpw.mods.modlauncher.TransformingClassLoader@5c4f4330 - got cpw.mods.cl.ModuleClassLoader@6818d900
[04Apr2025 19:49:00.085] [main/DEBUG] [net.minecraftforge.fml.javafmlmod.FMLModContainer/LOADING]: Creating FMLModContainer instance for fuzs.puzzleslib.impl.PuzzlesLibForge
[04Apr2025 19:49:00.086] [main/DEBUG] [net.minecraftforge.fml.javafmlmod.FMLJavaModLanguageProvider/LOADING]: Loading FMLModContainer from classloader cpw.mods.modlauncher.TransformingClassLoader@5c4f4330 - got cpw.mods.cl.ModuleClassLoader@6818d900
[04Apr2025 19:49:00.086] [main/DEBUG] [net.minecraftforge.fml.javafmlmod.FMLModContainer/LOADING]: Creating FMLModContainer instance for net.lostluma.dynamic_fps.impl.forge.DynamicFPSForgeMod
[04Apr2025 19:49:00.086] [main/DEBUG] [net.minecraftforge.fml.javafmlmod.FMLJavaModLanguageProvider/LOADING]: Loading FMLModContainer from classloader cpw.mods.modlauncher.TransformingClassLoader@5c4f4330 - got cpw.mods.cl.ModuleClassLoader@6818d900
[04Apr2025 19:49:00.086] [main/DEBUG] [net.minecraftforge.fml.javafmlmod.FMLModContainer/LOADING]: Creating FMLModContainer instance for quek.undergarden.Undergarden
[04Apr2025 19:49:00.088] [main/DEBUG] [net.minecraftforge.fml.javafmlmod.FMLJavaModLanguageProvider/LOADING]: Loading FMLModContainer from classloader cpw.mods.modlauncher.TransformingClassLoader@5c4f4330 - got cpw.mods.cl.ModuleClassLoader@6818d900
[04Apr2025 19:49:00.088] [main/DEBUG] [net.minecraftforge.fml.javafmlmod.FMLModContainer/LOADING]: Creating FMLModContainer instance for com.cursee.monolib.MonoLibForge
[04Apr2025 19:49:00.089] [main/DEBUG] [net.minecraftforge.fml.javafmlmod.FMLJavaModLanguageProvider/LOADING]: Loading FMLModContainer from classloader cpw.mods.modlauncher.TransformingClassLoader@5c4f4330 - got cpw.mods.cl.ModuleClassLoader@6818d900
[04Apr2025 19:49:00.089] [main/DEBUG] [net.minecraftforge.fml.javafmlmod.FMLModContainer/LOADING]: Creating FMLModContainer instance for forge.com.cursee.more_bows_and_arrows.MoreBowsAndArrowsForge
[04Apr2025 19:49:00.089] [main/DEBUG] [net.minecraftforge.fml.javafmlmod.FMLJavaModLanguageProvider/LOADING]: Loading FMLModContainer from classloader cpw.mods.modlauncher.TransformingClassLoader@5c4f4330 - got cpw.mods.cl.ModuleClassLoader@6818d900
[04Apr2025 19:49:00.089] [main/DEBUG] [net.minecraftforge.fml.javafmlmod.FMLModContainer/LOADING]: Creating FMLModContainer instance for de.keksuccino.justzoom.JustZoomForge
[04Apr2025 19:49:00.090] [main/DEBUG] [net.minecraftforge.fml.javafmlmod.FMLJavaModLanguageProvider/LOADING]: Loading FMLModContainer from classloader cpw.mods.modlauncher.TransformingClassLoader@5c4f4330 - got cpw.mods.cl.ModuleClassLoader@6818d900
[04Apr2025 19:49:00.090] [main/DEBUG] [net.minecraftforge.fml.javafmlmod.FMLModContainer/LOADING]: Creating FMLModContainer instance for com.aetherteam.nitrogen.Nitrogen
[04Apr2025 19:49:00.090] [main/DEBUG] [net.minecraftforge.fml.javafmlmod.FMLJavaModLanguageProvider/LOADING]: Loading FMLModContainer from classloader cpw.mods.modlauncher.TransformingClassLoader@5c4f4330 - got cpw.mods.cl.ModuleClassLoader@6818d900
[04Apr2025 19:49:00.090] [main/DEBUG] [net.minecraftforge.fml.javafmlmod.FMLModContainer/LOADING]: Creating FMLModContainer instance for com.telepathicgrunt.the_bumblezone.forge.BumblezoneForge
[04Apr2025 19:49:00.093] [main/DEBUG] [net.minecraftforge.fml.javafmlmod.FMLJavaModLanguageProvider/LOADING]: Loading FMLModContainer from classloader cpw.mods.modlauncher.TransformingClassLoader@5c4f4330 - got cpw.mods.cl.ModuleClassLoader@6818d900
[04Apr2025 19:49:00.093] [main/DEBUG] [net.minecraftforge.fml.javafmlmod.FMLModContainer/LOADING]: Creating FMLModContainer instance for com.tom.storagemod.StorageMod
[04Apr2025 19:49:00.094] [main/DEBUG] [net.minecraftforge.fml.javafmlmod.FMLJavaModLanguageProvider/LOADING]: Loading FMLModContainer from classloader cpw.mods.modlauncher.TransformingClassLoader@5c4f4330 - got cpw.mods.cl.ModuleClassLoader@6818d900
[04Apr2025 19:49:00.094] [main/DEBUG] [net.minecraftforge.fml.javafmlmod.FMLModContainer/LOADING]: Creating FMLModContainer instance for teamrazor.deepaether.DeepAether
[04Apr2025 19:49:00.095] [main/DEBUG] [net.minecraftforge.fml.javafmlmod.FMLJavaModLanguageProvider/LOADING]: Loading FMLModContainer from classloader cpw.mods.modlauncher.TransformingClassLoader@5c4f4330 - got cpw.mods.cl.ModuleClassLoader@6818d900
[04Apr2025 19:49:00.095] [main/DEBUG] [net.minecraftforge.fml.javafmlmod.FMLModContainer/LOADING]: Creating FMLModContainer instance for com.yungnickyoung.minecraft.bettermineshafts.BetterMineshaftsForge
[04Apr2025 19:49:00.096] [main/DEBUG] [net.minecraftforge.fml.javafmlmod.FMLJavaModLanguageProvider/LOADING]: Loading FMLModContainer from classloader cpw.mods.modlauncher.TransformingClassLoader@5c4f4330 - got cpw.mods.cl.ModuleClassLoader@6818d900
[04Apr2025 19:49:00.096] [main/DEBUG] [net.minecraftforge.fml.javafmlmod.FMLModContainer/LOADING]: Creating FMLModContainer instance for com.yungnickyoung.minecraft.betterjungletemples.BetterJungleTemplesForge
[04Apr2025 19:49:00.096] [main/DEBUG] [net.minecraftforge.fml.javafmlmod.FMLJavaModLanguageProvider/LOADING]: Loading FMLModContainer from classloader cpw.mods.modlauncher.TransformingClassLoader@5c4f4330 - got cpw.mods.cl.ModuleClassLoader@6818d900
[04Apr2025 19:49:00.096] [main/DEBUG] [net.minecraftforge.fml.javafmlmod.FMLModContainer/LOADING]: Creating FMLModContainer instance for dev.worldgen.trimmable.tools.forge.TrimmableToolsForge
[04Apr2025 19:49:00.097] [main/DEBUG] [net.minecraftforge.fml.javafmlmod.FMLJavaModLanguageProvider/LOADING]: Loading FMLModContainer from classloader cpw.mods.modlauncher.TransformingClassLoader@5c4f4330 - got cpw.mods.cl.ModuleClassLoader@6818d900
[04Apr2025 19:49:00.097] [main/DEBUG] [net.minecraftforge.fml.javafmlmod.FMLModContainer/LOADING]: Creating FMLModContainer instance for betteradvancements.neoforge.BetterAdvancements
[04Apr2025 19:49:00.115] [modloading-worker-0/DEBUG] [net.minecraftforge.fml.javafmlmod.AutomaticEventSubscriber/LOADING]: Attempting to inject @EventBusSubscriber classes into the eventbus for kuma_api
[04Apr2025 19:49:00.122] [modloading-worker-0/DEBUG] [betterdungeons/]: Loaded com.yungnickyoung.minecraft.betterdungeons.services.ForgePlatformHelper@1effa046 for service interface com.yungnickyoung.minecraft.betterdungeons.services.IPlatformHelper
[04Apr2025 19:49:00.122] [modloading-worker-0/DEBUG] [betterdungeons/]: Loaded com.yungnickyoung.minecraft.betterdungeons.services.ForgeModulesLoader@35c3457c for service interface com.yungnickyoung.minecraft.betterdungeons.services.IModulesLoader
[04Apr2025 19:49:00.133] [modloading-worker-0/DEBUG] [net.minecraftforge.fml.javafmlmod.AutomaticEventSubscriber/LOADING]: Attempting to inject @EventBusSubscriber classes into the eventbus for notenoughcrashes
[04Apr2025 19:49:00.139] [modloading-worker-0/DEBUG] [betterwitchhuts/]: Loaded com.yungnickyoung.minecraft.betterwitchhuts.services.ForgePlatformHelper@4fc77e80 for service interface com.yungnickyoung.minecraft.betterwitchhuts.services.IPlatformHelper
[04Apr2025 19:49:00.140] [modloading-worker-0/DEBUG] [betterwitchhuts/]: Loaded com.yungnickyoung.minecraft.betterwitchhuts.services.ForgeModulesLoader@22c59769 for service interface com.yungnickyoung.minecraft.betterwitchhuts.services.IModulesLoader
[04Apr2025 19:49:00.152] [modloading-worker-0/DEBUG] [net.minecraftforge.fml.config.ConfigTracker/CONFIG]: Config file betterwitchhuts-forge-1_20.toml for betterwitchhuts tracking
[04Apr2025 19:49:00.152] [modloading-worker-0/DEBUG] [net.minecraftforge.fml.config.ConfigTracker/CONFIG]: Config file betterdungeons-forge-1_20.toml for betterdungeons tracking
[04Apr2025 19:49:00.152] [modloading-worker-0/DEBUG] [net.minecraftforge.fml.config.ConfigTracker/CONFIG]: Config file blue_skies-common.toml for blue_skies tracking
[04Apr2025 19:49:00.158] [modloading-worker-0/DEBUG] [mixin/]: Mixing MixinLevelEvent from architectury.mixins.json into net.minecraftforge.event.level.LevelEvent
[04Apr2025 19:49:00.165] [Modding Legacy/blue_skies/Supporters thread/INFO] [ModdingLegacy/blue_skies/Supporter/]: Attempting to load the Modding Legacy supporters list from https://moddinglegacy.com/supporters-changelogs/supporters.txt
[04Apr2025 19:49:00.190] [modloading-worker-0/DEBUG] [net.minecraftforge.fml.javafmlmod.AutomaticEventSubscriber/LOADING]: Attempting to inject @EventBusSubscriber classes into the eventbus for betterwitchhuts
[04Apr2025 19:49:00.191] [modloading-worker-0/DEBUG] [net.minecraftforge.fml.javafmlmod.AutomaticEventSubscriber/LOADING]: Attempting to inject @EventBusSubscriber classes into the eventbus for playeranimator
[04Apr2025 19:49:00.192] [modloading-worker-0/DEBUG] [net.minecraftforge.fml.javafmlmod.AutomaticEventSubscriber/LOADING]: Attempting to inject @EventBusSubscriber classes into the eventbus for betterdungeons
[04Apr2025 19:49:00.194] [modloading-worker-0/DEBUG] [mixin/]: Mixing TriviaGeneratorMixin from deep_aether.mixins.json into com.aetherteam.aether.client.TriviaGenerator
[04Apr2025 19:49:00.198] [modloading-worker-0/DEBUG] [net.minecraftforge.fml.config.ConfigTracker/CONFIG]: Config file jei-server.toml for jei tracking
[04Apr2025 19:49:00.203] [modloading-worker-0/DEBUG] [net.minecraftforge.fml.javafmlmod.AutomaticEventSubscriber/LOADING]: Attempting to inject @EventBusSubscriber classes into the eventbus for jei
[04Apr2025 19:49:00.207] [modloading-worker-0/DEBUG] [betteroceanmonuments/]: Loaded com.yungnickyoung.minecraft.betteroceanmonuments.services.ForgePlatformHelper@11c540c2 for service interface com.yungnickyoung.minecraft.betteroceanmonuments.services.IPlatformHelper
[04Apr2025 19:49:00.208] [modloading-worker-0/DEBUG] [betteroceanmonuments/]: Loaded com.yungnickyoung.minecraft.betteroceanmonuments.services.ForgeModulesLoader@304daf0c for service interface com.yungnickyoung.minecraft.betteroceanmonuments.services.IModulesLoader
[04Apr2025 19:49:00.215] [modloading-worker-0/DEBUG] [net.minecraftforge.fml.config.ConfigTracker/CONFIG]: Config file betteroceanmonuments-forge-1_20.toml for betteroceanmonuments tracking
[04Apr2025 19:49:00.220] [modloading-worker-0/DEBUG] [net.minecraftforge.fml.javafmlmod.AutomaticEventSubscriber/LOADING]: Attempting to inject @EventBusSubscriber classes into the eventbus for betteroceanmonuments
[04Apr2025 19:49:00.239] [modloading-worker-0/DEBUG] [net.minecraftforge.fml.config.ConfigTracker/CONFIG]: Config file sophisticatedcore-common.toml for sophisticatedcore tracking
[04Apr2025 19:49:00.240] [modloading-worker-0/DEBUG] [net.minecraftforge.fml.config.ConfigTracker/CONFIG]: Config file sophisticatedcore-client.toml for sophisticatedcore tracking
[04Apr2025 19:49:00.261] [modloading-worker-0/DEBUG] [net.minecraftforge.fml.javafmlmod.AutomaticEventSubscriber/LOADING]: Attempting to inject @EventBusSubscriber classes into the eventbus for geckolib
[04Apr2025 19:49:00.268] [modloading-worker-0/DEBUG] [net.minecraftforge.fml.javafmlmod.AutomaticEventSubscriber/LOADING]: Auto-subscribing software.bernie.example.GeckoLibMod to FORGE
[04Apr2025 19:49:00.269] [modloading-worker-0/DEBUG] [net.minecraftforge.fml.javafmlmod.AutomaticEventSubscriber/LOADING]: Auto-subscribing software.bernie.example.CommonListener to MOD
[04Apr2025 19:49:00.279] [modloading-worker-0/DEBUG] [net.minecraftforge.fml.javafmlmod.AutomaticEventSubscriber/LOADING]: Attempting to inject @EventBusSubscriber classes into the eventbus for geckoanimfix
[04Apr2025 19:49:00.280] [modloading-worker-0/DEBUG] [net.minecraftforge.fml.javafmlmod.AutomaticEventSubscriber/LOADING]: Attempting to inject @EventBusSubscriber classes into the eventbus for mod_whitelist
[04Apr2025 19:49:00.280] [modloading-worker-0/DEBUG] [net.minecraftforge.fml.javafmlmod.AutomaticEventSubscriber/LOADING]: Auto-subscribing com.hexagram2021.mod_whitelist.server.ModWhitelistServer to MOD
[04Apr2025 19:49:00.303] [modloading-worker-0/DEBUG] [mixin/]: Mixing AercloudBlockMixin from deep_aether.mixins.json into com.aetherteam.aether.block.natural.AercloudBlock
[04Apr2025 19:49:00.317] [modloading-worker-0/DEBUG] [mixin/]: Mixing ReloadableServerResourcesMixin from balm.mixins.json into net.minecraft.server.ReloadableServerResources
[04Apr2025 19:49:00.318] [modloading-worker-0/DEBUG] [mixin/]: Renaming synthetic method lambda$loadResources$0(Lnet/minecraft/server/ReloadableServerResources;)V to mdf2554f$lambda$loadResources$0$0 in balm.mixins.json:ReloadableServerResourcesMixin
[04Apr2025 19:49:00.319] [modloading-worker-0/DEBUG] [mixin/]: Mixing ReloadableServerResourcesMixin from blueprint.mixins.json into net.minecraft.server.ReloadableServerResources
[04Apr2025 19:49:00.323] [modloading-worker-0/DEBUG] [mixin/]: Mixing ReloadableServerResourcesMixin from wthit.mixins.json into net.minecraft.server.ReloadableServerResources
[04Apr2025 19:49:00.323] [modloading-worker-0/DEBUG] [mixin/]: wthit.mixins.json:ReloadableServerResourcesMixin: Class version 61 required is higher than the class version supported by the current version of Mixin (JAVA_16 supports class version 60)
[04Apr2025 19:49:00.354] [modloading-worker-0/DEBUG] [net.minecraftforge.coremod.transformer.CoreModBaseTransformer/COREMOD]: Transforming m_11229_ with desc (Lnet/minecraft/server/level/ServerPlayer;Lnet/minecraft/server/level/ServerLevel;)V
[04Apr2025 19:49:00.359] [modloading-worker-0/DEBUG] [net.minecraftforge.coremod.transformer.CoreModBaseTransformer/COREMOD]: Transforming m_11229_ with desc (Lnet/minecraft/server/level/ServerPlayer;Lnet/minecraft/server/level/ServerLevel;)V
[04Apr2025 19:49:00.360] [modloading-worker-0/DEBUG] [mixin/]: Mixing MixinPlayerList from badpackets.mixins.json into net.minecraft.server.players.PlayerList
[04Apr2025 19:49:00.360] [modloading-worker-0/DEBUG] [mixin/]: badpackets.mixins.json:MixinPlayerList: Class version 61 required is higher than the class version supported by the current version of Mixin (JAVA_16 supports class version 60)
[04Apr2025 19:49:00.360] [modloading-worker-0/DEBUG] [mixin/]: Mixing PlayerListMixin from balm.mixins.json into net.minecraft.server.players.PlayerList
[04Apr2025 19:49:00.370] [modloading-worker-0/DEBUG] [mixin/]: Mixing RecipeManagerMixin from blue_skies.mixins.json into net.minecraft.world.item.crafting.RecipeManager
[04Apr2025 19:49:00.370] [modloading-worker-0/DEBUG] [mixin/]: Renaming synthetic method lambda$getRecipeFor$1(Lnet/minecraft/world/item/crafting/Recipe;)Z to mdf2554f$lambda$getRecipeFor$1$0 in blue_skies.mixins.json:RecipeManagerMixin
[04Apr2025 19:49:00.370] [modloading-worker-0/DEBUG] [mixin/]: Renaming synthetic method lambda$getRecipeFor$0(Lnet/minecraft/world/Container;Lnet/minecraft/world/level/Level;Lnet/minecraft/world/item/crafting/Recipe;)Z to mdf2554f$lambda$getRecipeFor$0$1 in blue_skies.mixins.json:RecipeManagerMixin
[04Apr2025 19:49:00.371] [modloading-worker-0/DEBUG] [mixin/]: Mixing accessor.RecipeManagerAccessor from farmersdelight.mixins.json into net.minecraft.world.item.crafting.RecipeManager
[04Apr2025 19:49:00.379] [modloading-worker-0/DEBUG] [mixin/]: Mixing TagsProviderForgeMixin from puzzleslib.forge.mixins.json into net.minecraft.data.tags.TagsProvider
[04Apr2025 19:49:00.386] [modloading-worker-0/DEBUG] [mixin/]: Mixing SimpleJsonResourceReloadListenerMixin from blueprint.mixins.json into net.minecraft.server.packs.resources.SimpleJsonResourceReloadListener
[04Apr2025 19:49:00.396] [modloading-worker-0/DEBUG] [net.minecraftforge.fml.javafmlmod.AutomaticEventSubscriber/LOADING]: Attempting to inject @EventBusSubscriber classes into the eventbus for sophisticatedcore
[04Apr2025 19:49:00.423] [modloading-worker-0/DEBUG] [mixin/]: Mixing GlovesMixin from deep_aether.mixins.json into com.aetherteam.aether.item.accessories.gloves.GlovesItem
[04Apr2025 19:49:00.611] [modloading-worker-0/DEBUG] [net.minecraftforge.fml.javafmlmod.AutomaticEventSubscriber/LOADING]: Attempting to inject @EventBusSubscriber classes into the eventbus for blue_skies
[04Apr2025 19:49:00.611] [modloading-worker-0/DEBUG] [net.minecraftforge.fml.javafmlmod.AutomaticEventSubscriber/LOADING]: Auto-subscribing com.legacy.blue_skies.registries.SkiesJigsawTypes to MOD
[04Apr2025 19:49:00.618] [modloading-worker-0/DEBUG] [net.minecraftforge.fml.javafmlmod.AutomaticEventSubscriber/LOADING]: Attempting to inject @EventBusSubscriber classes into the eventbus for outstanding_ores
[04Apr2025 19:49:00.618] [modloading-worker-0/DEBUG] [net.minecraftforge.fml.javafmlmod.AutomaticEventSubscriber/LOADING]: Auto-subscribing com.legacy.blue_skies.registries.SkiesCreativeTabs to MOD
[04Apr2025 19:49:00.619] [modloading-worker-0/DEBUG] [net.minecraftforge.fml.javafmlmod.AutomaticEventSubscriber/LOADING]: Auto-subscribing net.mcreator.outstandingores.procedures.TungstenItembonusEffectProcedure to FORGE
[04Apr2025 19:49:00.624] [modloading-worker-0/DEBUG] [net.minecraftforge.fml.javafmlmod.AutomaticEventSubscriber/LOADING]: Auto-subscribing net.mcreator.outstandingores.procedures.TungstenArmorEffectProcedure to FORGE
[04Apr2025 19:49:00.628] [modloading-worker-0/DEBUG] [net.minecraftforge.fml.javafmlmod.AutomaticEventSubscriber/LOADING]: Auto-subscribing net.mcreator.outstandingores.procedures.TantalumItemBonusEffectProcedure to FORGE
[04Apr2025 19:49:00.628] [modloading-worker-0/DEBUG] [net.minecraftforge.fml.javafmlmod.AutomaticEventSubscriber/LOADING]: Auto-subscribing net.mcreator.outstandingores.procedures.TantalumArsenideToolEffectProcedure to FORGE
[04Apr2025 19:49:00.631] [modloading-worker-0/DEBUG] [net.minecraftforge.fml.javafmlmod.AutomaticEventSubscriber/LOADING]: Auto-subscribing net.mcreator.outstandingores.procedures.TantalumArsenideArmorEffectProcedure to FORGE
[04Apr2025 19:49:00.635] [modloading-worker-0/DEBUG] [net.minecraftforge.fml.javafmlmod.AutomaticEventSubscriber/LOADING]: Auto-subscribing net.mcreator.outstandingores.procedures.TantalumArmorEffectProcedure to FORGE
[04Apr2025 19:49:00.637] [modloading-worker-0/DEBUG] [net.minecraftforge.fml.javafmlmod.AutomaticEventSubscriber/LOADING]: Auto-subscribing net.mcreator.outstandingores.procedures.OnyxToolBonusEffectProcedure to FORGE
[04Apr2025 19:49:00.639] [modloading-worker-0/DEBUG] [net.minecraftforge.fml.config.ConfigTracker/CONFIG]: Config file waystones-common.toml for waystones tracking
[04Apr2025 19:49:00.641] [modloading-worker-0/DEBUG] [net.minecraftforge.fml.javafmlmod.AutomaticEventSubscriber/LOADING]: Auto-subscribing net.mcreator.outstandingores.procedures.OnyxArmorEffectProcedure to FORGE
[04Apr2025 19:49:00.642] [modloading-worker-0/DEBUG] [net.minecraftforge.fml.javafmlmod.AutomaticEventSubscriber/LOADING]: Auto-subscribing net.mcreator.outstandingores.procedures.MoissaniteWeaponBonusEffectProcedure to FORGE
[04Apr2025 19:49:00.646] [modloading-worker-0/DEBUG] [net.minecraftforge.fml.javafmlmod.AutomaticEventSubscriber/LOADING]: Auto-subscribing net.mcreator.outstandingores.procedures.MoissaniteItemBonusEffectProcedure to FORGE
[04Apr2025 19:49:00.647] [modloading-worker-0/DEBUG] [net.minecraftforge.fml.javafmlmod.AutomaticEventSubscriber/LOADING]: Auto-subscribing net.mcreator.outstandingores.procedures.MoissaniteHoeBonusEffectProcedure to FORGE
[04Apr2025 19:49:00.650] [modloading-worker-0/DEBUG] [net.minecraftforge.fml.javafmlmod.AutomaticEventSubscriber/LOADING]: Auto-subscribing net.mcreator.outstandingores.procedures.MoissaniteArmorEffectProcedure to FORGE
[04Apr2025 19:49:00.656] [modloading-worker-0/DEBUG] [net.minecraftforge.fml.javafmlmod.AutomaticEventSubscriber/LOADING]: Auto-subscribing net.mcreator.outstandingores.procedures.CubicZirconiaWeaponEffectProcedure to FORGE
[04Apr2025 19:49:00.657] [modloading-worker-0/DEBUG] [net.minecraftforge.fml.javafmlmod.AutomaticEventSubscriber/LOADING]: Auto-subscribing net.mcreator.outstandingores.procedures.CubicZirconiaToolEffectProcedure to FORGE
[04Apr2025 19:49:00.664] [modloading-worker-0/DEBUG] [net.minecraftforge.fml.javafmlmod.AutomaticEventSubscriber/LOADING]: Auto-subscribing net.mcreator.outstandingores.procedures.CubicZirconiaArmorEffectProcedure to FORGE
[04Apr2025 19:49:00.667] [modloading-worker-0/DEBUG] [net.minecraftforge.fml.javafmlmod.AutomaticEventSubscriber/LOADING]: Auto-subscribing net.mcreator.outstandingores.procedures.CubicZirconiaArmorEffect2Procedure to FORGE
[04Apr2025 19:49:00.669] [modloading-worker-0/DEBUG] [net.minecraftforge.fml.javafmlmod.AutomaticEventSubscriber/LOADING]: Auto-subscribing net.mcreator.outstandingores.procedures.CraftiteShovelBonusEffectProcedure to FORGE
[04Apr2025 19:49:00.672] [modloading-worker-0/DEBUG] [net.minecraftforge.fml.javafmlmod.AutomaticEventSubscriber/LOADING]: Auto-subscribing net.mcreator.outstandingores.procedures.CraftiteArmorEffectProcedure to FORGE
[04Apr2025 19:49:00.675] [modloading-worker-0/DEBUG] [net.minecraftforge.fml.javafmlmod.AutomaticEventSubscriber/LOADING]: Auto-subscribing net.mcreator.outstandingores.procedures.CraftiteArmorEffect2Procedure to FORGE
[04Apr2025 19:49:00.683] [modloading-worker-0/DEBUG] [net.minecraftforge.fml.javafmlmod.AutomaticEventSubscriber/LOADING]: Auto-subscribing net.mcreator.outstandingores.procedures.ArsenicToolBonusEffectProcedure to FORGE
[04Apr2025 19:49:00.686] [modloading-worker-0/DEBUG] [net.minecraftforge.fml.javafmlmod.AutomaticEventSubscriber/LOADING]: Auto-subscribing net.mcreator.outstandingores.procedures.ArsenicArmorEffectProcedure to FORGE
[04Apr2025 19:49:00.687] [modloading-worker-0/DEBUG] [net.minecraftforge.fml.javafmlmod.AutomaticEventSubscriber/LOADING]: Auto-subscribing net.mcreator.outstandingores.init.OutstandingOresModTrades to FORGE
[04Apr2025 19:49:00.704] [modloading-worker-0/DEBUG] [xaero.map.WorldMap/]: Loaded xaero.map.platform.services.ForgePlatformHelper@15000d18 for service interface xaero.map.platform.services.IPlatformHelper
[04Apr2025 19:49:00.714] [modloading-worker-0/DEBUG] [yungscavebiomes/]: Loaded com.yungnickyoung.minecraft.yungscavebiomes.services.ForgePlatformHelper@6a354788 for service interface com.yungnickyoung.minecraft.yungscavebiomes.services.IPlatformHelper
[04Apr2025 19:49:00.715] [modloading-worker-0/DEBUG] [yungscavebiomes/]: Loaded com.yungnickyoung.minecraft.yungscavebiomes.services.ForgeModulesLoader@1cf329ed for service interface com.yungnickyoung.minecraft.yungscavebiomes.services.IModulesLoader
[04Apr2025 19:49:00.723] [modloading-worker-0/DEBUG] [net.minecraftforge.fml.config.ConfigTracker/CONFIG]: Config file YungsCaveBiomes-forge-1_20_1.toml for yungscavebiomes tracking
[04Apr2025 19:49:00.733] [modloading-worker-0/DEBUG] [net.minecraftforge.fml.javafmlmod.AutomaticEventSubscriber/LOADING]: Attempting to inject @EventBusSubscriber classes into the eventbus for yungscavebiomes
[04Apr2025 19:49:00.749] [modloading-worker-0/DEBUG] [Comforts/]: Loaded com.illusivesoulworks.comforts.platform.ForgeSleepEvents@7a610687 for service interface com.illusivesoulworks.comforts.platform.services.ISleepEvents
[04Apr2025 19:49:00.752] [modloading-worker-0/DEBUG] [Comforts/]: Loaded com.illusivesoulworks.comforts.platform.ForgeRegistryUtil@423f553a for service interface com.illusivesoulworks.comforts.platform.services.IRegistryUtil
[04Apr2025 19:49:00.753] [modloading-worker-0/DEBUG] [Comforts/]: Loaded com.illusivesoulworks.comforts.platform.ForgeRegistryProvider@4dc2c68e for service interface com.illusivesoulworks.comforts.platform.services.IRegistryFactory
[04Apr2025 19:49:00.754] [modloading-worker-0/DEBUG] [Comforts/]: Loaded com.illusivesoulworks.comforts.platform.ForgePlatformHelper@41765145 for service interface com.illusivesoulworks.comforts.platform.services.IPlatformHelper
[04Apr2025 19:49:00.775] [modloading-worker-0/DEBUG] [net.minecraftforge.fml.javafmlmod.AutomaticEventSubscriber/LOADING]: Attempting to inject @EventBusSubscriber classes into the eventbus for xaeroworldmap
[04Apr2025 19:49:00.815] [modloading-worker-0/DEBUG] [net.minecraftforge.fml.javafmlmod.AutomaticEventSubscriber/LOADING]: Attempting to inject @EventBusSubscriber classes into the eventbus for waystones
[04Apr2025 19:49:00.818] [modloading-worker-0/DEBUG] [net.minecraftforge.fml.javafmlmod.AutomaticEventSubscriber/LOADING]: Attempting to inject @EventBusSubscriber classes into the eventbus for badpackets
[04Apr2025 19:49:00.816] [modloading-worker-0/DEBUG] [SpectreLib/CONFIG]: Config file comforts-server.toml for comforts added to tracking
[04Apr2025 19:49:00.823] [modloading-worker-0/DEBUG] [net.minecraftforge.fml.javafmlmod.AutomaticEventSubscriber/LOADING]: Attempting to inject @EventBusSubscriber classes into the eventbus for comforts
[04Apr2025 19:49:00.824] [modloading-worker-0/DEBUG] [net.minecraftforge.fml.javafmlmod.AutomaticEventSubscriber/LOADING]: Attempting to inject @EventBusSubscriber classes into the eventbus for mixinextras
[04Apr2025 19:49:00.840] [modloading-worker-0/DEBUG] [net.minecraftforge.fml.config.ConfigTracker/CONFIG]: Config file citadel-common.toml for citadel tracking
[04Apr2025 19:49:00.848] [modloading-worker-0/DEBUG] [net.minecraftforge.fml.javafmlmod.AutomaticEventSubscriber/LOADING]: Attempting to inject @EventBusSubscriber classes into the eventbus for citadel
[04Apr2025 19:49:00.851] [modloading-worker-0/DEBUG] [net.minecraftforge.fml.javafmlmod.AutomaticEventSubscriber/LOADING]: Auto-subscribing com.github.alexthe666.citadel.ServerProxy to MOD
[04Apr2025 19:49:00.943] [modloading-worker-0/DEBUG] [net.minecraftforge.fml.config.ConfigTracker/CONFIG]: Config file aether-server.toml for aether tracking
[04Apr2025 19:49:00.945] [modloading-worker-0/DEBUG] [net.minecraftforge.fml.config.ConfigTracker/CONFIG]: Config file aether-common.toml for aether tracking
[04Apr2025 19:49:00.945] [modloading-worker-0/DEBUG] [net.minecraftforge.fml.config.ConfigTracker/CONFIG]: Config file aether-client.toml for aether tracking
[04Apr2025 19:49:00.945] [modloading-worker-0/DEBUG] [net.minecraftforge.fml.javafmlmod.AutomaticEventSubscriber/LOADING]: Attempting to inject @EventBusSubscriber classes into the eventbus for aether
[04Apr2025 19:49:00.946] [modloading-worker-0/DEBUG] [net.minecraftforge.fml.javafmlmod.AutomaticEventSubscriber/LOADING]: Auto-subscribing com.aetherteam.aether.item.combat.loot.PigSlayerItem to FORGE
[04Apr2025 19:49:00.951] [modloading-worker-0/DEBUG] [net.minecraftforge.fml.config.ConfigTracker/CONFIG]: Config file sophisticatedbackpacks-server.toml for sophisticatedbackpacks tracking
[04Apr2025 19:49:00.951] [modloading-worker-0/DEBUG] [net.minecraftforge.fml.config.ConfigTracker/CONFIG]: Config file sophisticatedbackpacks-common.toml for sophisticatedbackpacks tracking
[04Apr2025 19:49:00.956] [modloading-worker-0/DEBUG] [net.minecraftforge.fml.javafmlmod.AutomaticEventSubscriber/LOADING]: Auto-subscribing com.aetherteam.aether.item.combat.loot.HolySwordItem to FORGE
[04Apr2025 19:49:00.959] [modloading-worker-0/DEBUG] [net.minecraftforge.fml.javafmlmod.AutomaticEventSubscriber/LOADING]: Auto-subscribing com.aetherteam.aether.item.combat.loot.FlamingSwordItem to FORGE
[04Apr2025 19:49:00.959] [modloading-worker-0/DEBUG] [net.minecraftforge.fml.javafmlmod.AutomaticEventSubscriber/LOADING]: Auto-subscribing com.aetherteam.aether.item.combat.SkyrootSwordItem to FORGE
[04Apr2025 19:49:00.960] [modloading-worker-0/DEBUG] [net.minecraftforge.fml.javafmlmod.AutomaticEventSubscriber/LOADING]: Auto-subscribing com.aetherteam.aether.item.AetherCreativeTabs to MOD
[04Apr2025 19:49:00.960] [modloading-worker-0/DEBUG] [net.minecraftforge.fml.javafmlmod.AutomaticEventSubscriber/LOADING]: Auto-subscribing com.aetherteam.aether.event.listeners.capability.AetherTimeListener to FORGE
[04Apr2025 19:49:00.965] [modloading-worker-0/DEBUG] [net.minecraftforge.fml.javafmlmod.AutomaticEventSubscriber/LOADING]: Auto-subscribing com.aetherteam.aether.event.listeners.capability.AetherPlayerListener to FORGE
[04Apr2025 19:49:00.974] [modloading-worker-0/DEBUG] [net.minecraftforge.fml.javafmlmod.AutomaticEventSubscriber/LOADING]: Auto-subscribing com.aetherteam.aether.event.listeners.abilities.WeaponAbilityListener to FORGE
[04Apr2025 19:49:00.984] [modloading-worker-0/DEBUG] [net.minecraftforge.fml.javafmlmod.AutomaticEventSubscriber/LOADING]: Auto-subscribing com.aetherteam.aether.event.listeners.abilities.ToolAbilityListener to FORGE
[04Apr2025 19:49:00.997] [modloading-worker-0/DEBUG] [net.minecraftforge.fml.javafmlmod.AutomaticEventSubscriber/LOADING]: Auto-subscribing com.aetherteam.aether.event.listeners.abilities.ArmorAbilityListener to FORGE
[04Apr2025 19:49:01.007] [modloading-worker-0/DEBUG] [net.minecraftforge.fml.javafmlmod.AutomaticEventSubscriber/LOADING]: Auto-subscribing com.aetherteam.aether.event.listeners.abilities.AccessoryAbilityListener to FORGE
[04Apr2025 19:49:01.013] [modloading-worker-0/DEBUG] [net.minecraftforge.fml.javafmlmod.AutomaticEventSubscriber/LOADING]: Auto-subscribing com.aetherteam.aether.event.listeners.RecipeListener to FORGE
[04Apr2025 19:49:01.024] [modloading-worker-0/DEBUG] [net.minecraftforge.fml.javafmlmod.AutomaticEventSubscriber/LOADING]: Auto-subscribing com.aetherteam.aether.event.listeners.PerkListener to FORGE
[04Apr2025 19:49:01.033] [modloading-worker-0/DEBUG] [net.minecraftforge.fml.javafmlmod.AutomaticEventSubscriber/LOADING]: Auto-subscribing com.aetherteam.aether.event.listeners.ItemListener to FORGE
[04Apr2025 19:49:01.037] [modloading-worker-0/DEBUG] [net.minecraftforge.fml.javafmlmod.AutomaticEventSubscriber/LOADING]: Auto-subscribing com.aetherteam.aether.event.listeners.EntityListener to FORGE
[04Apr2025 19:49:01.062] [modloading-worker-0/DEBUG] [net.minecraftforge.fml.javafmlmod.AutomaticEventSubscriber/LOADING]: Auto-subscribing com.aetherteam.aether.event.listeners.DimensionListener to FORGE
[04Apr2025 19:49:01.075] [modloading-worker-0/DEBUG] [net.minecraftforge.fml.javafmlmod.AutomaticEventSubscriber/LOADING]: Auto-subscribing com.aetherteam.aether.entity.AetherEntityTypes to MOD
[04Apr2025 19:49:01.076] [modloading-worker-0/DEBUG] [net.minecraftforge.fml.javafmlmod.AutomaticEventSubscriber/LOADING]: Auto-subscribing com.aetherteam.aether.data.ReloadListeners to FORGE
[04Apr2025 19:49:01.077] [modloading-worker-0/DEBUG] [net.minecraftforge.fml.javafmlmod.AutomaticEventSubscriber/LOADING]: Auto-subscribing com.aetherteam.aether.command.AetherCommands to FORGE
[04Apr2025 19:49:01.085] [modloading-worker-0/DEBUG] [net.minecraftforge.fml.javafmlmod.AutomaticEventSubscriber/LOADING]: Auto-subscribing com.aetherteam.aether.capability.AetherCapabilities to MOD
[04Apr2025 19:49:01.103] [modloading-worker-0/DEBUG] [net.minecraftforge.fml.javafmlmod.AutomaticEventSubscriber/LOADING]: Auto-subscribing com.aetherteam.aether.capability.AetherCapabilities$Registration to FORGE
[04Apr2025 19:49:01.106] [modloading-worker-0/DEBUG] [betterfortresses/]: Loaded com.yungnickyoung.minecraft.betterfortresses.services.ForgePlatformHelper@4e098f8d for service interface com.yungnickyoung.minecraft.betterfortresses.services.IPlatformHelper
[04Apr2025 19:49:01.110] [modloading-worker-0/DEBUG] [betterfortresses/]: Loaded com.yungnickyoung.minecraft.betterfortresses.services.ForgeModulesLoader@7f0e629c for service interface com.yungnickyoung.minecraft.betterfortresses.services.IModulesLoader
[04Apr2025 19:49:01.116] [modloading-worker-0/DEBUG] [net.minecraftforge.fml.javafmlmod.AutomaticEventSubscriber/LOADING]: Attempting to inject @EventBusSubscriber classes into the eventbus for vapeaholic
[04Apr2025 19:49:01.119] [modloading-worker-0/DEBUG] [net.minecraftforge.fml.javafmlmod.AutomaticEventSubscriber/LOADING]: Auto-subscribing net.mcreator.vapeaholic.recipes.brewing.WaterBreathingBrewBrewingRecipe to MOD
[04Apr2025 19:49:01.119] [modloading-worker-0/DEBUG] [betterfortresses/]: Loaded com.yungnickyoung.minecraft.betterfortresses.services.ForgeProcessorProvider@4d3bcb10 for service interface com.yungnickyoung.minecraft.betterfortresses.services.IProcessorProvider
[04Apr2025 19:49:01.118] [modloading-worker-0/DEBUG] [betterdeserttemples/]: Loaded com.yungnickyoung.minecraft.betterdeserttemples.services.ForgePlatformHelper@61bc70bf for service interface com.yungnickyoung.minecraft.betterdeserttemples.services.IPlatformHelper
[04Apr2025 19:49:01.124] [modloading-worker-0/DEBUG] [net.minecraftforge.fml.javafmlmod.AutomaticEventSubscriber/LOADING]: Auto-subscribing net.mcreator.vapeaholic.recipes.brewing.TurtleMasterBrewBrewingRecipe to MOD
[04Apr2025 19:49:01.125] [modloading-worker-0/DEBUG] [net.minecraftforge.fml.javafmlmod.AutomaticEventSubscriber/LOADING]: Auto-subscribing net.mcreator.vapeaholic.recipes.brewing.SwiftnessBrewBrewingRecipe to MOD
[04Apr2025 19:49:01.126] [modloading-worker-0/DEBUG] [net.minecraftforge.fml.javafmlmod.AutomaticEventSubscriber/LOADING]: Auto-subscribing net.mcreator.vapeaholic.recipes.brewing.SlowBrew2BrewingRecipe to MOD
[04Apr2025 19:49:01.127] [modloading-worker-0/DEBUG] [net.minecraftforge.fml.javafmlmod.AutomaticEventSubscriber/LOADING]: Auto-subscribing net.mcreator.vapeaholic.recipes.brewing.SlowBrew1BrewingRecipe to MOD
[04Apr2025 19:49:01.128] [modloading-worker-0/DEBUG] [net.minecraftforge.fml.javafmlmod.AutomaticEventSubscriber/LOADING]: Auto-subscribing net.mcreator.vapeaholic.recipes.brewing.NightVisBrewBrewingRecipe to MOD
[04Apr2025 19:49:01.129] [modloading-worker-0/DEBUG] [net.minecraftforge.fml.javafmlmod.AutomaticEventSubscriber/LOADING]: Auto-subscribing net.mcreator.vapeaholic.recipes.brewing.LeapingBrewBrewingRecipe to MOD
[04Apr2025 19:49:01.133] [modloading-worker-0/DEBUG] [net.minecraftforge.fml.javafmlmod.AutomaticEventSubscriber/LOADING]: Auto-subscribing net.mcreator.vapeaholic.recipes.brewing.InvisBrewBrewingRecipe to MOD
[04Apr2025 19:49:01.133] [modloading-worker-0/DEBUG] [betterdeserttemples/]: Loaded com.yungnickyoung.minecraft.betterdeserttemples.services.ForgeModulesLoader@534468 for service interface com.yungnickyoung.minecraft.betterdeserttemples.services.IModulesLoader
[04Apr2025 19:49:01.135] [modloading-worker-0/DEBUG] [net.minecraftforge.fml.javafmlmod.AutomaticEventSubscriber/LOADING]: Auto-subscribing net.mcreator.vapeaholic.recipes.brewing.FireResBrewBrewingRecipe to MOD
[04Apr2025 19:49:01.138] [modloading-worker-0/DEBUG] [betterdeserttemples/]: Loaded com.yungnickyoung.minecraft.betterdeserttemples.services.ForgeProcessorProvider@2bb05d23 for service interface com.yungnickyoung.minecraft.betterdeserttemples.services.IProcessorProvider
[04Apr2025 19:49:01.148] [modloading-worker-0/DEBUG] [net.minecraftforge.fml.javafmlmod.AutomaticEventSubscriber/LOADING]: Auto-subscribing net.mcreator.vapeaholic.recipes.brewing.AwkwardBrewBrewingRecipe to MOD
[04Apr2025 19:49:01.151] [modloading-worker-0/DEBUG] [net.minecraftforge.fml.javafmlmod.AutomaticEventSubscriber/LOADING]: Auto-subscribing net.mcreator.vapeaholic.network.VapeaholicModVariables to MOD
[04Apr2025 19:49:01.157] [modloading-worker-0/DEBUG] [net.minecraftforge.fml.javafmlmod.AutomaticEventSubscriber/LOADING]: Auto-subscribing net.mcreator.vapeaholic.network.VapeaholicModVariables$EventBusVariableHandlers to FORGE
[04Apr2025 19:49:01.198] [modloading-worker-0/DEBUG] [net.minecraftforge.fml.config.ConfigTracker/CONFIG]: Config file iceandfire-client.toml for iceandfire tracking
[04Apr2025 19:49:01.198] [modloading-worker-0/DEBUG] [net.minecraftforge.fml.config.ConfigTracker/CONFIG]: Config file iceandfire-common.toml for iceandfire tracking
[04Apr2025 19:49:01.241] [modloading-worker-0/DEBUG] [net.minecraftforge.fml.config.ConfigTracker/CONFIG]: Config file betterdeserttemples-forge-1_20.toml for betterdeserttemples tracking
[04Apr2025 19:49:01.242] [modloading-worker-0/DEBUG] [net.minecraftforge.fml.javafmlmod.AutomaticEventSubscriber/LOADING]: Attempting to inject @EventBusSubscriber classes into the eventbus for betterdeserttemples
[04Apr2025 19:49:01.255] [modloading-worker-0/DEBUG] [net.minecraftforge.fml.config.ConfigTracker/CONFIG]: Config file balm-common.toml for balm tracking
[04Apr2025 19:49:01.272] [modloading-worker-0/DEBUG] [net.minecraftforge.fml.javafmlmod.AutomaticEventSubscriber/LOADING]: Attempting to inject @EventBusSubscriber classes into the eventbus for balm
[04Apr2025 19:49:01.344] [modloading-worker-0/DEBUG] [net.minecraftforge.fml.javafmlmod.AutomaticEventSubscriber/LOADING]: Attempting to inject @EventBusSubscriber classes into the eventbus for sophisticatedbackpacks
[04Apr2025 19:49:01.489] [modloading-worker-0/DEBUG] [mixin/]: Mixing LootDataManagerMixin from blueprint.mixins.json into net.minecraft.world.level.storage.loot.LootDataManager
[04Apr2025 19:49:01.490] [modloading-worker-0/DEBUG] [mixin/]: Renaming synthetic method lambda$modifyLootTables$0(Lcom/teamabnormals/blueprint/common/loot/modification/LootModificationManager;Lnet/minecraft/resources/ResourceLocation;Lnet/minecraft/world/level/storage/loot/LootTable;)V to mdf2554f$lambda$modifyLootTables$0$0 in blueprint.mixins.json:LootDataManagerMixin
[04Apr2025 19:49:01.497] [modloading-worker-0/DEBUG] [mixin/]: Mixing MixinLootDataManager from architectury.mixins.json into net.minecraft.world.level.storage.loot.LootDataManager
[04Apr2025 19:49:01.501] [modloading-worker-0/DEBUG] [mixin/]: Mixing LootDataManagerForgeMixin from puzzleslib.forge.mixins.json into net.minecraft.world.level.storage.loot.LootDataManager
[04Apr2025 19:49:01.539] [modloading-worker-0/DEBUG] [net.minecraftforge.fml.config.ConfigTracker/CONFIG]: Config file blueprint-client.toml for blueprint tracking
[04Apr2025 19:49:01.539] [modloading-worker-0/DEBUG] [net.minecraftforge.fml.config.ConfigTracker/CONFIG]: Config file blueprint-common.toml for blueprint tracking
[04Apr2025 19:49:01.539] [modloading-worker-0/DEBUG] [net.minecraftforge.fml.javafmlmod.AutomaticEventSubscriber/LOADING]: Attempting to inject @EventBusSubscriber classes into the eventbus for blueprint
[04Apr2025 19:49:01.539] [modloading-worker-0/DEBUG] [net.minecraftforge.fml.javafmlmod.AutomaticEventSubscriber/LOADING]: Auto-subscribing com.teamabnormals.blueprint.core.util.DataUtil to FORGE
[04Apr2025 19:49:01.543] [modloading-worker-0/DEBUG] [net.minecraftforge.fml.javafmlmod.AutomaticEventSubscriber/LOADING]: Auto-subscribing com.teamabnormals.blueprint.core.registry.BlueprintEntityTypes to MOD
[04Apr2025 19:49:01.564] [modloading-worker-0/DEBUG] [net.minecraftforge.fml.javafmlmod.AutomaticEventSubscriber/LOADING]: Auto-subscribing com.teamabnormals.blueprint.core.registry.BlueprintBlockEntityTypes to MOD
[04Apr2025 19:49:01.598] [modloading-worker-0/DEBUG] [net.minecraftforge.fml.javafmlmod.AutomaticEventSubscriber/LOADING]: Auto-subscribing com.teamabnormals.blueprint.core.other.BlueprintEvents to FORGE
[04Apr2025 19:49:01.598] [Modding Legacy/blue_skies/Supporters thread/INFO] [ModdingLegacy/blue_skies/Supporter/]: Successfully loaded the Modding Legacy supporters list.
[04Apr2025 19:49:01.601] [modloading-worker-0/DEBUG] [net.minecraftforge.fml.javafmlmod.AutomaticEventSubscriber/LOADING]: Attempting to inject @EventBusSubscriber classes into the eventbus for bosses_of_mass_destruction
[04Apr2025 19:49:01.602] [modloading-worker-0/DEBUG] [net.minecraftforge.fml.javafmlmod.AutomaticEventSubscriber/LOADING]: Auto-subscribing com.cerbon.bosses_of_mass_destruction.event.ForgeEvents to FORGE
[04Apr2025 19:49:01.603] [modloading-worker-0/DEBUG] [net.minecraftforge.fml.javafmlmod.AutomaticEventSubscriber/LOADING]: Auto-subscribing com.teamabnormals.blueprint.core.Blueprint to MOD
[04Apr2025 19:49:01.611] [modloading-worker-0/DEBUG] [net.minecraftforge.fml.javafmlmod.AutomaticEventSubscriber/LOADING]: Auto-subscribing com.teamabnormals.blueprint.common.world.modification.structure.StructureRepalleterManager to FORGE
[04Apr2025 19:49:01.614] [modloading-worker-0/DEBUG] [net.minecraftforge.fml.javafmlmod.AutomaticEventSubscriber/LOADING]: Auto-subscribing com.cerbon.bosses_of_mass_destruction.event.BMDEvents$CommonEvents to MOD
[04Apr2025 19:49:01.616] [modloading-worker-0/DEBUG] [net.minecraftforge.fml.javafmlmod.AutomaticEventSubscriber/LOADING]: Attempting to inject @EventBusSubscriber classes into the eventbus for puzzlesaccessapi
[04Apr2025 19:49:01.629] [modloading-worker-0/DEBUG] [net.minecraftforge.fml.config.ConfigTracker/CONFIG]: Config file betterfortresses-forge-1_20.toml for betterfortresses tracking
[04Apr2025 19:49:01.633] [modloading-worker-0/DEBUG] [net.minecraftforge.fml.javafmlmod.AutomaticEventSubscriber/LOADING]: Auto-subscribing com.teamabnormals.blueprint.common.world.modification.chunk.ChunkGeneratorModificationManager to FORGE
[04Apr2025 19:49:01.634] [modloading-worker-0/DEBUG] [net.minecraftforge.fml.javafmlmod.AutomaticEventSubscriber/LOADING]: Attempting to inject @EventBusSubscriber classes into the eventbus for betterfortresses
[04Apr2025 19:49:01.640] [modloading-worker-0/DEBUG] [net.minecraftforge.fml.javafmlmod.AutomaticEventSubscriber/LOADING]: Attempting to inject @EventBusSubscriber classes into the eventbus for dungeons_arise_seven_seas
[04Apr2025 19:49:01.641] [modloading-worker-0/DEBUG] [net.minecraftforge.fml.javafmlmod.AutomaticEventSubscriber/LOADING]: Attempting to inject @EventBusSubscriber classes into the eventbus for cloth_config
[04Apr2025 19:49:01.639] [modloading-worker-0/DEBUG] [net.minecraftforge.fml.javafmlmod.AutomaticEventSubscriber/LOADING]: Auto-subscribing com.teamabnormals.blueprint.common.loot.modification.LootModificationManager to FORGE
[04Apr2025 19:49:01.670] [modloading-worker-0/DEBUG] [net.minecraftforge.versions.forge.ForgeVersion/CORE]: Forge Version package package net.minecraftforge.versions.forge, Forge, version 47.3 from cpw.mods.modlauncher.TransformingClassLoader@5c4f4330
[04Apr2025 19:49:01.673] [modloading-worker-0/DEBUG] [net.minecraftforge.versions.forge.ForgeVersion/CORE]: Found Forge version 47.3.7
[04Apr2025 19:49:01.673] [modloading-worker-0/DEBUG] [net.minecraftforge.versions.forge.ForgeVersion/CORE]: Found Forge spec 47.3
[04Apr2025 19:49:01.673] [modloading-worker-0/DEBUG] [net.minecraftforge.versions.forge.ForgeVersion/CORE]: Found Forge group net.minecraftforge
[04Apr2025 19:49:01.672] [modloading-worker-0/DEBUG] [mixin/]: Mixing LootTableMixin from balm.mixins.json into net.minecraft.world.level.storage.loot.LootTable
[04Apr2025 19:49:01.674] [modloading-worker-0/DEBUG] [mixin/]: Mixing accessor.LootTableForgeAccessor from puzzleslib.forge.mixins.json into net.minecraft.world.level.storage.loot.LootTable
[04Apr2025 19:49:01.679] [modloading-worker-0/DEBUG] [net.minecraftforge.versions.mcp.MCPVersion/CORE]: MCP Version package package net.minecraftforge.versions.mcp, Minecraft, version 1.20.1 from cpw.mods.modlauncher.TransformingClassLoader@5c4f4330
[04Apr2025 19:49:01.679] [modloading-worker-0/DEBUG] [net.minecraftforge.versions.mcp.MCPVersion/CORE]: Found MC version information 1.20.1
[04Apr2025 19:49:01.679] [modloading-worker-0/DEBUG] [net.minecraftforge.versions.mcp.MCPVersion/CORE]: Found MCP version information 20230612.114412
[04Apr2025 19:49:01.679] [modloading-worker-0/INFO] [net.minecraftforge.common.ForgeMod/FORGEMOD]: Forge mod loading, version 47.3.7, for MC 1.20.1 with MCP 20230612.114412
[04Apr2025 19:49:01.680] [modloading-worker-0/INFO] [net.minecraftforge.common.MinecraftForge/FORGE]: MinecraftForge v47.3.7 Initialized
[04Apr2025 19:49:01.690] [modloading-worker-0/DEBUG] [net.minecraftforge.fml.javafmlmod.AutomaticEventSubscriber/LOADING]: Auto-subscribing com.teamabnormals.blueprint.common.advancement.modification.AdvancementModificationManager to FORGE
[04Apr2025 19:49:01.693] [modloading-worker-0/DEBUG] [net.minecraftforge.fml.javafmlmod.AutomaticEventSubscriber/LOADING]: Attempting to inject @EventBusSubscriber classes into the eventbus for yungsapi
[04Apr2025 19:49:01.697] [modloading-worker-0/INFO] [de.keksuccino.konkrete.Konkrete/]: [KONKRETE] Successfully initialized!
[04Apr2025 19:49:01.698] [modloading-worker-0/INFO] [de.keksuccino.konkrete.Konkrete/]: [KONKRETE] Server-side libs ready to use!
[04Apr2025 19:49:01.698] [modloading-worker-0/DEBUG] [net.minecraftforge.fml.javafmlmod.AutomaticEventSubscriber/LOADING]: Attempting to inject @EventBusSubscriber classes into the eventbus for konkrete
[04Apr2025 19:49:01.717] [modloading-worker-0/DEBUG] [net.minecraftforge.fml.javafmlmod.AutomaticEventSubscriber/LOADING]: Attempting to inject @EventBusSubscriber classes into the eventbus for embeddium
[04Apr2025 19:49:01.718] [modloading-worker-0/DEBUG] [net.minecraftforge.fml.javafmlmod.AutomaticEventSubscriber/LOADING]: Attempting to inject @EventBusSubscriber classes into the eventbus for rubidium
[04Apr2025 19:49:01.719] [modloading-worker-0/DEBUG] [net.minecraftforge.fml.javafmlmod.AutomaticEventSubscriber/LOADING]: Attempting to inject @EventBusSubscriber classes into the eventbus for athena
[04Apr2025 19:49:01.728] [modloading-worker-0/DEBUG] [net.minecraftforge.fml.config.ConfigTracker/CONFIG]: Config file structure_gel-common.toml for structure_gel tracking
[04Apr2025 19:49:01.756] [modloading-worker-0/DEBUG] [net.minecraftforge.fml.config.ConfigTracker/CONFIG]: Config file twilightforest-common.toml for twilightforest tracking
[04Apr2025 19:49:01.758] [modloading-worker-0/DEBUG] [net.minecraftforge.fml.config.ConfigTracker/CONFIG]: Config file twilightforest-client.toml for twilightforest tracking
[04Apr2025 19:49:01.828] [modloading-worker-0/DEBUG] [mixin/]: Mixing DamageSourcesMixin from tombstone.mixins.json into net.minecraft.world.damagesource.DamageSources
[04Apr2025 19:49:01.858] [modloading-worker-0/DEBUG] [io.netty.util.internal.PlatformDependent0/]: -Dio.netty.noUnsafe: false
[04Apr2025 19:49:01.858] [modloading-worker-0/DEBUG] [io.netty.util.internal.PlatformDependent0/]: Java version: 17
[04Apr2025 19:49:01.859] [modloading-worker-0/DEBUG] [io.netty.util.internal.PlatformDependent0/]: sun.misc.Unsafe.theUnsafe: available
[04Apr2025 19:49:01.859] [modloading-worker-0/DEBUG] [io.netty.util.internal.PlatformDependent0/]: sun.misc.Unsafe.copyMemory: available
[04Apr2025 19:49:01.859] [modloading-worker-0/DEBUG] [io.netty.util.internal.PlatformDependent0/]: sun.misc.Unsafe.storeFence: available
[04Apr2025 19:49:01.864] [modloading-worker-0/DEBUG] [io.netty.util.internal.PlatformDependent0/]: java.nio.Buffer.address: available
[04Apr2025 19:49:01.864] [modloading-worker-0/DEBUG] [io.netty.util.internal.PlatformDependent0/]: direct buffer constructor: unavailable
java.lang.UnsupportedOperationException: Reflective setAccessible(true) disabled
	at io.netty.util.internal.ReflectionUtil.trySetAccessible(ReflectionUtil.java:31) ~[netty-common-4.1.82.Final.jar%2382!/:4.1.82.Final]
	at io.netty.util.internal.PlatformDependent0$5.run(PlatformDependent0.java:288) ~[netty-common-4.1.82.Final.jar%2382!/:4.1.82.Final]
	at java.security.AccessController.doPrivileged(AccessController.java:318) ~[?:?]
	at io.netty.util.internal.PlatformDependent0.<clinit>(PlatformDependent0.java:282) ~[netty-common-4.1.82.Final.jar%2382!/:4.1.82.Final]
	at io.netty.util.internal.PlatformDependent.isAndroid(PlatformDependent.java:333) ~[netty-common-4.1.82.Final.jar%2382!/:4.1.82.Final]
	at io.netty.util.internal.PlatformDependent.<clinit>(PlatformDependent.java:88) ~[netty-common-4.1.82.Final.jar%2382!/:4.1.82.Final]
	at io.netty.util.ConstantPool.<init>(ConstantPool.java:34) ~[netty-common-4.1.82.Final.jar%2382!/:4.1.82.Final]
	at io.netty.util.AttributeKey$1.<init>(AttributeKey.java:27) ~[netty-common-4.1.82.Final.jar%2382!/:4.1.82.Final]
	at io.netty.util.AttributeKey.<clinit>(AttributeKey.java:27) ~[netty-common-4.1.82.Final.jar%2382!/:4.1.82.Final]
	at net.minecraftforge.network.NetworkConstants.<clinit>(NetworkConstants.java:34) ~[forge-1.20.1-47.3.7-universal.jar%23262!/:?]
	at net.minecraftforge.common.ForgeMod.<init>(ForgeMod.java:429) ~[forge-1.20.1-47.3.7-universal.jar%23262!/:?]
	at jdk.internal.reflect.NativeConstructorAccessorImpl.newInstance0(Native Method) ~[?:?]
	at jdk.internal.reflect.NativeConstructorAccessorImpl.newInstance(NativeConstructorAccessorImpl.java:77) ~[?:?]
	at jdk.internal.reflect.DelegatingConstructorAccessorImpl.newInstance(DelegatingConstructorAccessorImpl.java:45) ~[?:?]
	at java.lang.reflect.Constructor.newInstanceWithCaller(Constructor.java:500) ~[?:?]
	at java.lang.reflect.Constructor.newInstance(Constructor.java:481) ~[?:?]
	at net.minecraftforge.fml.javafmlmod.FMLModContainer.constructMod(FMLModContainer.java:70) ~[javafmllanguage-1.20.1-47.3.7.jar%23259!/:?]
	at net.minecraftforge.fml.ModContainer.lambda$buildTransitionHandler$4(ModContainer.java:124) ~[fmlcore-1.20.1-47.3.7.jar%23258!/:?]
	at java.util.concurrent.CompletableFuture$AsyncRun.run(CompletableFuture.java:1804) ~[?:?]
	at java.util.concurrent.CompletableFuture$AsyncRun.exec(CompletableFuture.java:1796) ~[?:?]
	at java.util.concurrent.ForkJoinTask.doExec(ForkJoinTask.java:373) ~[?:?]
	at java.util.concurrent.ForkJoinPool$WorkQueue.topLevelExec(ForkJoinPool.java:1182) ~[?:?]
	at java.util.concurrent.ForkJoinPool.scan(ForkJoinPool.java:1655) ~[?:?]
	at java.util.concurrent.ForkJoinPool.runWorker(ForkJoinPool.java:1622) ~[?:?]
	at java.util.concurrent.ForkJoinWorkerThread.run(ForkJoinWorkerThread.java:165) ~[?:?]
[04Apr2025 19:49:01.870] [modloading-worker-0/DEBUG] [io.netty.util.internal.PlatformDependent0/]: java.nio.Bits.unaligned: available, true
[04Apr2025 19:49:01.872] [modloading-worker-0/DEBUG] [io.netty.util.internal.PlatformDependent0/]: jdk.internal.misc.Unsafe.allocateUninitializedArray(int): unavailable
java.lang.IllegalAccessException: class io.netty.util.internal.PlatformDependent0$7 (in module io.netty.common) cannot access class jdk.internal.misc.Unsafe (in module java.base) because module java.base does not export jdk.internal.misc to module io.netty.common
	at jdk.internal.reflect.Reflection.newIllegalAccessException(Reflection.java:392) ~[?:?]
	at java.lang.reflect.AccessibleObject.checkAccess(AccessibleObject.java:674) ~[?:?]
	at java.lang.reflect.Method.invoke(Method.java:561) ~[?:?]
	at io.netty.util.internal.PlatformDependent0$7.run(PlatformDependent0.java:410) ~[netty-common-4.1.82.Final.jar%2382!/:4.1.82.Final]
	at java.security.AccessController.doPrivileged(AccessController.java:318) ~[?:?]
	at io.netty.util.internal.PlatformDependent0.<clinit>(PlatformDependent0.java:401) ~[netty-common-4.1.82.Final.jar%2382!/:4.1.82.Final]
	at io.netty.util.internal.PlatformDependent.isAndroid(PlatformDependent.java:333) ~[netty-common-4.1.82.Final.jar%2382!/:4.1.82.Final]
	at io.netty.util.internal.PlatformDependent.<clinit>(PlatformDependent.java:88) ~[netty-common-4.1.82.Final.jar%2382!/:4.1.82.Final]
	at io.netty.util.ConstantPool.<init>(ConstantPool.java:34) ~[netty-common-4.1.82.Final.jar%2382!/:4.1.82.Final]
	at io.netty.util.AttributeKey$1.<init>(AttributeKey.java:27) ~[netty-common-4.1.82.Final.jar%2382!/:4.1.82.Final]
	at io.netty.util.AttributeKey.<clinit>(AttributeKey.java:27) ~[netty-common-4.1.82.Final.jar%2382!/:4.1.82.Final]
	at net.minecraftforge.network.NetworkConstants.<clinit>(NetworkConstants.java:34) ~[forge-1.20.1-47.3.7-universal.jar%23262!/:?]
	at net.minecraftforge.common.ForgeMod.<init>(ForgeMod.java:429) ~[forge-1.20.1-47.3.7-universal.jar%23262!/:?]
	at jdk.internal.reflect.NativeConstructorAccessorImpl.newInstance0(Native Method) ~[?:?]
	at jdk.internal.reflect.NativeConstructorAccessorImpl.newInstance(NativeConstructorAccessorImpl.java:77) ~[?:?]
	at jdk.internal.reflect.DelegatingConstructorAccessorImpl.newInstance(DelegatingConstructorAccessorImpl.java:45) ~[?:?]
	at java.lang.reflect.Constructor.newInstanceWithCaller(Constructor.java:500) ~[?:?]
	at java.lang.reflect.Constructor.newInstance(Constructor.java:481) ~[?:?]
	at net.minecraftforge.fml.javafmlmod.FMLModContainer.constructMod(FMLModContainer.java:70) ~[javafmllanguage-1.20.1-47.3.7.jar%23259!/:?]
	at net.minecraftforge.fml.ModContainer.lambda$buildTransitionHandler$4(ModContainer.java:124) ~[fmlcore-1.20.1-47.3.7.jar%23258!/:?]
	at java.util.concurrent.CompletableFuture$AsyncRun.run(CompletableFuture.java:1804) ~[?:?]
	at java.util.concurrent.CompletableFuture$AsyncRun.exec(CompletableFuture.java:1796) ~[?:?]
	at java.util.concurrent.ForkJoinTask.doExec(ForkJoinTask.java:373) ~[?:?]
	at java.util.concurrent.ForkJoinPool$WorkQueue.topLevelExec(ForkJoinPool.java:1182) ~[?:?]
	at java.util.concurrent.ForkJoinPool.scan(ForkJoinPool.java:1655) ~[?:?]
	at java.util.concurrent.ForkJoinPool.runWorker(ForkJoinPool.java:1622) ~[?:?]
	at java.util.concurrent.ForkJoinWorkerThread.run(ForkJoinWorkerThread.java:165) ~[?:?]
[04Apr2025 19:49:01.873] [modloading-worker-0/DEBUG] [io.netty.util.internal.PlatformDependent0/]: java.nio.DirectByteBuffer.<init>(long, int): unavailable
[04Apr2025 19:49:01.873] [modloading-worker-0/DEBUG] [io.netty.util.internal.PlatformDependent/]: sun.misc.Unsafe: available
[04Apr2025 19:49:01.880] [modloading-worker-0/DEBUG] [io.netty.util.internal.PlatformDependent/]: maxDirectMemory: 12884901888 bytes (maybe)
[04Apr2025 19:49:01.881] [modloading-worker-0/DEBUG] [io.netty.util.internal.PlatformDependent/]: -Dio.netty.tmpdir: /tmp (java.io.tmpdir)
[04Apr2025 19:49:01.881] [modloading-worker-0/DEBUG] [io.netty.util.internal.PlatformDependent/]: -Dio.netty.bitMode: 64 (sun.arch.data.model)
[04Apr2025 19:49:01.882] [modloading-worker-0/DEBUG] [io.netty.util.internal.PlatformDependent/]: -Dio.netty.maxDirectMemory: -1 bytes
[04Apr2025 19:49:01.882] [modloading-worker-0/DEBUG] [io.netty.util.internal.PlatformDependent/]: -Dio.netty.uninitializedArrayAllocationThreshold: -1
[04Apr2025 19:49:01.884] [modloading-worker-0/DEBUG] [io.netty.util.internal.CleanerJava9/]: java.nio.ByteBuffer.cleaner(): available
[04Apr2025 19:49:01.885] [modloading-worker-0/DEBUG] [io.netty.util.internal.PlatformDependent/]: -Dio.netty.noPreferDirect: false
[04Apr2025 19:49:01.912] [modloading-worker-0/DEBUG] [mixin/]: Mixing accessor.BoundingBoxAccessor from betterdungeons.mixins.json into net.minecraft.world.level.levelgen.structure.BoundingBox
[04Apr2025 19:49:01.913] [modloading-worker-0/DEBUG] [mixin/]: Mixing accessor.BoundingBoxAccessor from betterwitchhuts.mixins.json into net.minecraft.world.level.levelgen.structure.BoundingBox
[04Apr2025 19:49:01.914] [modloading-worker-0/DEBUG] [mixin/]: Mixing accessor.BoundingBoxAccessor from yungsapi.mixins.json into net.minecraft.world.level.levelgen.structure.BoundingBox
[04Apr2025 19:49:01.914] [modloading-worker-0/DEBUG] [mixin/]: Mixing accessor.BoundingBoxAccessor from betterdeserttemples.mixins.json into net.minecraft.world.level.levelgen.structure.BoundingBox
[04Apr2025 19:49:01.915] [modloading-worker-0/DEBUG] [mixin/]: Mixing BoundingBoxAccessor from bettermineshafts.mixins.json into net.minecraft.world.level.levelgen.structure.BoundingBox
[04Apr2025 19:49:01.918] [modloading-worker-0/DEBUG] [mixin/]: Unexpected: Registered method setMinX(I)V in net.minecraft.world.level.levelgen.structure.BoundingBox was not merged
[04Apr2025 19:49:01.918] [modloading-worker-0/DEBUG] [mixin/]: Unexpected: Registered method setMaxX(I)V in net.minecraft.world.level.levelgen.structure.BoundingBox was not merged
[04Apr2025 19:49:01.918] [modloading-worker-0/DEBUG] [mixin/]: Unexpected: Registered method setMinY(I)V in net.minecraft.world.level.levelgen.structure.BoundingBox was not merged
[04Apr2025 19:49:01.918] [modloading-worker-0/DEBUG] [mixin/]: Unexpected: Registered method setMaxX(I)V in net.minecraft.world.level.levelgen.structure.BoundingBox was not merged
[04Apr2025 19:49:01.918] [modloading-worker-0/DEBUG] [mixin/]: Unexpected: Registered method setMaxZ(I)V in net.minecraft.world.level.levelgen.structure.BoundingBox was not merged
[04Apr2025 19:49:01.918] [modloading-worker-0/DEBUG] [mixin/]: Unexpected: Registered method setMinZ(I)V in net.minecraft.world.level.levelgen.structure.BoundingBox was not merged
[04Apr2025 19:49:01.918] [modloading-worker-0/DEBUG] [mixin/]: Unexpected: Registered method setMaxZ(I)V in net.minecraft.world.level.levelgen.structure.BoundingBox was not merged
[04Apr2025 19:49:01.918] [modloading-worker-0/DEBUG] [mixin/]: Unexpected: Registered method setMinY(I)V in net.minecraft.world.level.levelgen.structure.BoundingBox was not merged
[04Apr2025 19:49:01.918] [modloading-worker-0/DEBUG] [mixin/]: Unexpected: Registered method setMaxX(I)V in net.minecraft.world.level.levelgen.structure.BoundingBox was not merged
[04Apr2025 19:49:01.918] [modloading-worker-0/DEBUG] [mixin/]: Unexpected: Registered method setMinX(I)V in net.minecraft.world.level.levelgen.structure.BoundingBox was not merged
[04Apr2025 19:49:01.918] [modloading-worker-0/DEBUG] [mixin/]: Unexpected: Registered method setMaxZ(I)V in net.minecraft.world.level.levelgen.structure.BoundingBox was not merged
[04Apr2025 19:49:01.918] [modloading-worker-0/DEBUG] [mixin/]: Unexpected: Registered method setMinX(I)V in net.minecraft.world.level.levelgen.structure.BoundingBox was not merged
[04Apr2025 19:49:01.918] [modloading-worker-0/DEBUG] [mixin/]: Unexpected: Registered method setMaxY(I)V in net.minecraft.world.level.levelgen.structure.BoundingBox was not merged
[04Apr2025 19:49:01.918] [modloading-worker-0/DEBUG] [mixin/]: Unexpected: Registered method setMaxY(I)V in net.minecraft.world.level.levelgen.structure.BoundingBox was not merged
[04Apr2025 19:49:01.918] [modloading-worker-0/DEBUG] [mixin/]: Unexpected: Registered method setMaxZ(I)V in net.minecraft.world.level.levelgen.structure.BoundingBox was not merged
[04Apr2025 19:49:01.919] [modloading-worker-0/DEBUG] [mixin/]: Unexpected: Registered method setMaxX(I)V in net.minecraft.world.level.levelgen.structure.BoundingBox was not merged
[04Apr2025 19:49:01.919] [modloading-worker-0/DEBUG] [mixin/]: Unexpected: Registered method setMinY(I)V in net.minecraft.world.level.levelgen.structure.BoundingBox was not merged
[04Apr2025 19:49:01.919] [modloading-worker-0/DEBUG] [mixin/]: Unexpected: Registered method setMinY(I)V in net.minecraft.world.level.levelgen.structure.BoundingBox was not merged
[04Apr2025 19:49:01.919] [modloading-worker-0/DEBUG] [mixin/]: Unexpected: Registered method setMinZ(I)V in net.minecraft.world.level.levelgen.structure.BoundingBox was not merged
[04Apr2025 19:49:01.919] [modloading-worker-0/DEBUG] [mixin/]: Unexpected: Registered method setMaxY(I)V in net.minecraft.world.level.levelgen.structure.BoundingBox was not merged
[04Apr2025 19:49:01.919] [modloading-worker-0/DEBUG] [mixin/]: Unexpected: Registered method setMinZ(I)V in net.minecraft.world.level.levelgen.structure.BoundingBox was not merged
[04Apr2025 19:49:01.919] [modloading-worker-0/DEBUG] [mixin/]: Unexpected: Registered method setMinX(I)V in net.minecraft.world.level.levelgen.structure.BoundingBox was not merged
[04Apr2025 19:49:01.919] [modloading-worker-0/DEBUG] [mixin/]: Unexpected: Registered method setMinZ(I)V in net.minecraft.world.level.levelgen.structure.BoundingBox was not merged
[04Apr2025 19:49:01.919] [modloading-worker-0/DEBUG] [mixin/]: Unexpected: Registered method setMaxY(I)V in net.minecraft.world.level.levelgen.structure.BoundingBox was not merged
[04Apr2025 19:49:01.929] [modloading-worker-0/DEBUG] [mixin/]: Mixing accessor.StructureManagerAccessor from betteroceanmonuments.mixins.json into net.minecraft.world.level.StructureManager
[04Apr2025 19:49:01.931] [modloading-worker-0/DEBUG] [mixin/]: Mixing accessor.StructureManagerAccessor from yungscavebiomes.mixins.json into net.minecraft.world.level.StructureManager
[04Apr2025 19:49:01.931] [modloading-worker-0/DEBUG] [mixin/]: Mixing accessor.StructureManagerAccessor from betterfortresses.mixins.json into net.minecraft.world.level.StructureManager
[04Apr2025 19:49:01.931] [modloading-worker-0/DEBUG] [mixin/]: Mixing accessor.StructureManagerAccessor from betterjungletemples.mixins.json into net.minecraft.world.level.StructureManager
[04Apr2025 19:49:01.932] [modloading-worker-0/DEBUG] [mixin/]: Unexpected: Registered method getLevel()Lnet/minecraft/world/level/LevelAccessor; in net.minecraft.world.level.StructureManager was not merged
[04Apr2025 19:49:01.932] [modloading-worker-0/DEBUG] [mixin/]: Unexpected: Registered method getLevel()Lnet/minecraft/world/level/LevelAccessor; in net.minecraft.world.level.StructureManager was not merged
[04Apr2025 19:49:01.932] [modloading-worker-0/DEBUG] [mixin/]: Unexpected: Registered method getLevel()Lnet/minecraft/world/level/LevelAccessor; in net.minecraft.world.level.StructureManager was not merged
[04Apr2025 19:49:01.955] [modloading-worker-0/DEBUG] [net.minecraftforge.fml.javafmlmod.AutomaticEventSubscriber/LOADING]: Attempting to inject @EventBusSubscriber classes into the eventbus for structure_gel
[04Apr2025 19:49:01.955] [modloading-worker-0/DEBUG] [net.minecraftforge.fml.javafmlmod.AutomaticEventSubscriber/LOADING]: Auto-subscribing com.legacy.structure_gel.core.events.SGCommonEvents$ModBus to MOD
[04Apr2025 19:49:01.970] [modloading-worker-0/DEBUG] [net.minecraftforge.fml.javafmlmod.AutomaticEventSubscriber/LOADING]: Auto-subscribing com.legacy.structure_gel.core.events.SGCommonEvents$ForgeBus to FORGE
[04Apr2025 19:49:01.976] [modloading-worker-0/DEBUG] [net.minecraftforge.fml.javafmlmod.AutomaticEventSubscriber/LOADING]: Attempting to inject @EventBusSubscriber classes into the eventbus for dungeons_arise
[04Apr2025 19:49:01.985] [modloading-worker-0/DEBUG] [net.minecraftforge.common.ForgeMod/FORGEMOD]: Loading Network data for FML net version: FML3
[04Apr2025 19:49:02.005] [modloading-worker-0/DEBUG] [net.minecraftforge.fml.config.ConfigTracker/CONFIG]: Config file forge-client.toml for forge tracking
[04Apr2025 19:49:02.005] [modloading-worker-0/DEBUG] [net.minecraftforge.fml.config.ConfigTracker/CONFIG]: Config file forge-server.toml for forge tracking
[04Apr2025 19:49:02.005] [modloading-worker-0/DEBUG] [net.minecraftforge.fml.ModLoadingContext/]: Attempted to register an empty config for type COMMON on mod forge
[04Apr2025 19:49:02.039] [modloading-worker-0/DEBUG] [net.minecraftforge.fml.javafmlmod.AutomaticEventSubscriber/LOADING]: Attempting to inject @EventBusSubscriber classes into the eventbus for tectonic
[04Apr2025 19:49:02.047] [modloading-worker-0/DEBUG] [net.minecraftforge.fml.javafmlmod.AutomaticEventSubscriber/LOADING]: Attempting to inject @EventBusSubscriber classes into the eventbus for forge
[04Apr2025 19:49:02.047] [modloading-worker-0/DEBUG] [net.minecraftforge.fml.javafmlmod.AutomaticEventSubscriber/LOADING]: Auto-subscribing net.minecraftforge.common.ForgeSpawnEggItem$CommonHandler to MOD
[04Apr2025 19:49:02.056] [modloading-worker-0/DEBUG] [net.minecraftforge.fml.config.ConfigTracker/CONFIG]: Config file farmersdelight-common.toml for farmersdelight tracking
[04Apr2025 19:49:02.056] [modloading-worker-0/DEBUG] [net.minecraftforge.fml.config.ConfigTracker/CONFIG]: Config file farmersdelight-client.toml for farmersdelight tracking
[04Apr2025 19:49:02.079] [modloading-worker-0/DEBUG] [net.minecraftforge.fml.javafmlmod.AutomaticEventSubscriber/LOADING]: Attempting to inject @EventBusSubscriber classes into the eventbus for voicechat
[04Apr2025 19:49:02.098] [modloading-worker-0/DEBUG] [net.minecraftforge.fml.javafmlmod.AutomaticEventSubscriber/LOADING]: Attempting to inject @EventBusSubscriber classes into the eventbus for terrablender
[04Apr2025 19:49:02.098] [modloading-worker-0/DEBUG] [net.minecraftforge.fml.javafmlmod.AutomaticEventSubscriber/LOADING]: Auto-subscribing terrablender.handler.InitializationHandler to FORGE
[04Apr2025 19:49:02.323] [modloading-worker-0/DEBUG] [io.netty.buffer.AbstractByteBuf/]: -Dio.netty.buffer.checkAccessible: true
[04Apr2025 19:49:02.323] [modloading-worker-0/DEBUG] [io.netty.buffer.AbstractByteBuf/]: -Dio.netty.buffer.checkBounds: true
[04Apr2025 19:49:02.330] [modloading-worker-0/DEBUG] [io.netty.util.ResourceLeakDetectorFactory/]: Loaded default ResourceLeakDetector: io.netty.util.ResourceLeakDetector@35c0fb37
[04Apr2025 19:49:02.470] [modloading-worker-0/DEBUG] [net.minecraftforge.fml.javafmlmod.AutomaticEventSubscriber/LOADING]: Attempting to inject @EventBusSubscriber classes into the eventbus for bettercombat
[04Apr2025 19:49:02.470] [modloading-worker-0/DEBUG] [net.minecraftforge.fml.javafmlmod.AutomaticEventSubscriber/LOADING]: Auto-subscribing net.bettercombat.forge.events.ForgeModEvents to MOD
[04Apr2025 19:49:02.471] [modloading-worker-0/DEBUG] [net.minecraftforge.fml.javafmlmod.AutomaticEventSubscriber/LOADING]: Auto-subscribing net.bettercombat.forge.events.ForgeEvents to FORGE
[04Apr2025 19:49:02.510] [modloading-worker-0/DEBUG] [net.minecraftforge.fml.config.ConfigTracker/CONFIG]: Config file regions_unexplored/ru-common.toml for regions_unexplored tracking
[04Apr2025 19:49:02.529] [modloading-worker-0/DEBUG] [net.minecraftforge.fml.config.ConfigTracker/CONFIG]: Config file regions_unexplored/ru-primary-region.toml for regions_unexplored tracking
[04Apr2025 19:49:02.542] [modloading-worker-0/DEBUG] [net.minecraftforge.fml.config.ConfigTracker/CONFIG]: Config file regions_unexplored/ru-secondary-region.toml for regions_unexplored tracking
[04Apr2025 19:49:02.614] [modloading-worker-0/DEBUG] [net.minecraftforge.fml.javafmlmod.AutomaticEventSubscriber/LOADING]: Attempting to inject @EventBusSubscriber classes into the eventbus for farmersdelight
[04Apr2025 19:49:02.614] [modloading-worker-0/DEBUG] [net.minecraftforge.fml.javafmlmod.AutomaticEventSubscriber/LOADING]: Auto-subscribing vectorwing.farmersdelight.data.DataGenerators to MOD
[04Apr2025 19:49:02.618] [modloading-worker-0/DEBUG] [net.minecraftforge.fml.javafmlmod.AutomaticEventSubscriber/LOADING]: Auto-subscribing vectorwing.farmersdelight.common.item.SkilletItem$SkilletEvents to FORGE
[04Apr2025 19:49:02.628] [modloading-worker-0/DEBUG] [net.minecraftforge.fml.javafmlmod.AutomaticEventSubscriber/LOADING]: Auto-subscribing vectorwing.farmersdelight.common.item.KnifeItem$KnifeEvents to FORGE
[04Apr2025 19:49:02.631] [modloading-worker-0/DEBUG] [net.minecraftforge.fml.javafmlmod.AutomaticEventSubscriber/LOADING]: Auto-subscribing vectorwing.farmersdelight.common.item.HorseFeedItem$HorseFeedEvent to FORGE
[04Apr2025 19:49:02.633] [modloading-worker-0/DEBUG] [net.minecraftforge.fml.javafmlmod.AutomaticEventSubscriber/LOADING]: Auto-subscribing vectorwing.farmersdelight.common.item.enchantment.BackstabbingEnchantment$BackstabbingEvent to FORGE
[04Apr2025 19:49:02.638] [modloading-worker-0/DEBUG] [net.minecraftforge.fml.javafmlmod.AutomaticEventSubscriber/LOADING]: Auto-subscribing vectorwing.farmersdelight.common.item.DogFoodItem$DogFoodEvent to FORGE
[04Apr2025 19:49:02.639] [modloading-worker-0/DEBUG] [net.minecraftforge.fml.javafmlmod.AutomaticEventSubscriber/LOADING]: Auto-subscribing vectorwing.farmersdelight.common.event.VillagerEvents to FORGE
[04Apr2025 19:49:02.645] [modloading-worker-0/DEBUG] [net.minecraftforge.fml.javafmlmod.AutomaticEventSubscriber/LOADING]: Auto-subscribing vectorwing.farmersdelight.common.event.SetupEvents to MOD
[04Apr2025 19:49:02.646] [modloading-worker-0/DEBUG] [net.minecraftforge.fml.javafmlmod.AutomaticEventSubscriber/LOADING]: Auto-subscribing vectorwing.farmersdelight.common.event.MappingEvents to FORGE
[04Apr2025 19:49:02.647] [modloading-worker-0/DEBUG] [net.minecraftforge.fml.javafmlmod.AutomaticEventSubscriber/LOADING]: Auto-subscribing vectorwing.farmersdelight.common.event.CommonEvents to FORGE
[04Apr2025 19:49:02.653] [modloading-worker-0/DEBUG] [net.minecraftforge.fml.javafmlmod.AutomaticEventSubscriber/LOADING]: Auto-subscribing vectorwing.farmersdelight.common.block.CuttingBoardBlock$ToolCarvingEvent to FORGE
[04Apr2025 19:49:02.665] [modloading-worker-0/DEBUG] [net.minecraftforge.fml.javafmlmod.AutomaticEventSubscriber/LOADING]: Attempting to inject @EventBusSubscriber classes into the eventbus for morebows
[04Apr2025 19:49:02.694] [modloading-worker-0/DEBUG] [net.minecraftforge.fml.javafmlmod.AutomaticEventSubscriber/LOADING]: Attempting to inject @EventBusSubscriber classes into the eventbus for chunky
[04Apr2025 19:49:02.711] [modloading-worker-0/DEBUG] [net.minecraftforge.fml.javafmlmod.AutomaticEventSubscriber/LOADING]: Attempting to inject @EventBusSubscriber classes into the eventbus for spectrelib
[04Apr2025 19:49:02.717] [modloading-worker-0/DEBUG] [net.minecraftforge.fml.javafmlmod.AutomaticEventSubscriber/LOADING]: Attempting to inject @EventBusSubscriber classes into the eventbus for iceandfire
[04Apr2025 19:49:02.717] [modloading-worker-0/DEBUG] [net.minecraftforge.fml.javafmlmod.AutomaticEventSubscriber/LOADING]: Auto-subscribing com.github.alexthe666.iceandfire.recipe.IafRecipeRegistry to MOD
[04Apr2025 19:49:02.718] [modloading-worker-0/DEBUG] [net.minecraftforge.fml.javafmlmod.AutomaticEventSubscriber/LOADING]: Auto-subscribing com.github.alexthe666.iceandfire.misc.IafSoundRegistry to MOD
[04Apr2025 19:49:02.718] [modloading-worker-0/DEBUG] [net.minecraftforge.fml.javafmlmod.AutomaticEventSubscriber/LOADING]: Auto-subscribing com.github.alexthe666.iceandfire.misc.IafDamageRegistry to MOD
[04Apr2025 19:49:02.719] [modloading-worker-0/DEBUG] [net.minecraftforge.fml.javafmlmod.AutomaticEventSubscriber/LOADING]: Auto-subscribing com.github.alexthe666.iceandfire.item.IafItemRegistry to MOD
[04Apr2025 19:49:02.721] [modloading-worker-0/DEBUG] [yungsbridges/]: Loaded com.yungnickyoung.minecraft.yungsbridges.services.ForgePlatformHelper@4dad3afc for service interface com.yungnickyoung.minecraft.yungsbridges.services.IPlatformHelper
[04Apr2025 19:49:02.721] [modloading-worker-0/DEBUG] [yungsbridges/]: Loaded com.yungnickyoung.minecraft.yungsbridges.services.ForgeModulesLoader@1d4c16a for service interface com.yungnickyoung.minecraft.yungsbridges.services.IModulesLoader
[04Apr2025 19:49:02.722] [modloading-worker-0/DEBUG] [net.minecraftforge.fml.javafmlmod.AutomaticEventSubscriber/LOADING]: Attempting to inject @EventBusSubscriber classes into the eventbus for yungsbridges
[04Apr2025 19:49:02.726] [modloading-worker-0/DEBUG] [net.minecraftforge.fml.javafmlmod.AutomaticEventSubscriber/LOADING]: Attempting to inject @EventBusSubscriber classes into the eventbus for hangglider
[04Apr2025 19:49:02.727] [modloading-worker-0/DEBUG] [net.minecraftforge.fml.javafmlmod.AutomaticEventSubscriber/LOADING]: Auto-subscribing fuzs.hangglider.HangGliderForge to MOD
[04Apr2025 19:49:02.729] [modloading-worker-0/DEBUG] [net.minecraftforge.fml.javafmlmod.AutomaticEventSubscriber/LOADING]: Auto-subscribing com.github.alexthe666.iceandfire.event.ServerEvents to FORGE
[04Apr2025 19:49:02.765] [modloading-worker-0/DEBUG] [net.minecraftforge.fml.javafmlmod.AutomaticEventSubscriber/LOADING]: Auto-subscribing com.github.alexthe666.iceandfire.entity.props.CapabilityHandler to FORGE
[04Apr2025 19:49:02.773] [modloading-worker-0/DEBUG] [net.minecraftforge.fml.javafmlmod.AutomaticEventSubscriber/LOADING]: Auto-subscribing com.github.alexthe666.iceandfire.entity.IafVillagerRegistry to MOD
[04Apr2025 19:49:02.773] [modloading-worker-0/DEBUG] [net.minecraftforge.fml.javafmlmod.AutomaticEventSubscriber/LOADING]: Auto-subscribing com.github.alexthe666.iceandfire.entity.IafEntityRegistry to MOD
[04Apr2025 19:49:02.775] [modloading-worker-0/DEBUG] [net.minecraftforge.fml.javafmlmod.AutomaticEventSubscriber/LOADING]: Auto-subscribing com.github.alexthe666.iceandfire.datagen.DataGenerators to MOD
[04Apr2025 19:49:02.790] [modloading-worker-0/DEBUG] [net.minecraftforge.fml.javafmlmod.AutomaticEventSubscriber/LOADING]: Auto-subscribing com.github.alexthe666.iceandfire.block.IafBlockRegistry to MOD
[04Apr2025 19:49:02.790] [modloading-worker-0/DEBUG] [net.minecraftforge.fml.javafmlmod.AutomaticEventSubscriber/LOADING]: Auto-subscribing com.github.alexthe666.iceandfire.IceAndFire to FORGE
[04Apr2025 19:49:02.790] [modloading-worker-0/DEBUG] [net.minecraftforge.fml.javafmlmod.AutomaticEventSubscriber/LOADING]: Auto-subscribing com.github.alexthe666.iceandfire.CommonProxy to MOD
[04Apr2025 19:49:02.795] [modloading-worker-0/DEBUG] [mixin/]: Mixing RuleCategoryMixin from aeroblender.mixins.json into terrablender.api.SurfaceRuleManager$RuleCategory
[04Apr2025 19:49:02.795] [modloading-worker-0/DEBUG] [mixin/]: Renaming @Invoker method newVariant(Ljava/lang/String;I)Lterrablender/api/SurfaceRuleManager$RuleCategory; to newVariant_$md$f2554f$0 in aeroblender.mixins.json:RuleCategoryMixin
[04Apr2025 19:49:02.807] [modloading-worker-0/DEBUG] [net.minecraftforge.fml.config.ConfigTracker/CONFIG]: Config file aeroblender-common.toml for aeroblender tracking
[04Apr2025 19:49:02.807] [modloading-worker-0/DEBUG] [net.minecraftforge.fml.javafmlmod.AutomaticEventSubscriber/LOADING]: Attempting to inject @EventBusSubscriber classes into the eventbus for aeroblender
[04Apr2025 19:49:02.809] [modloading-worker-0/DEBUG] [net.minecraftforge.fml.javafmlmod.AutomaticEventSubscriber/LOADING]: Attempting to inject @EventBusSubscriber classes into the eventbus for wthit
[04Apr2025 19:49:02.818] [modloading-worker-0/INFO] [Puzzles Lib/]: Constructing common components for hangglider:main
[04Apr2025 19:49:02.874] [modloading-worker-0/DEBUG] [net.minecraftforge.fml.config.ConfigTracker/CONFIG]: Config file hangglider-server.toml for hangglider tracking
[04Apr2025 19:49:02.896] [modloading-worker-0/DEBUG] [net.minecraftforge.fml.javafmlmod.AutomaticEventSubscriber/LOADING]: Attempting to inject @EventBusSubscriber classes into the eventbus for waila
[04Apr2025 19:49:02.897] [modloading-worker-0/DEBUG] [net.minecraftforge.fml.javafmlmod.AutomaticEventSubscriber/LOADING]: Auto-subscribing mcp.mobius.waila.forge.ForgeWailaDedicatedServer$Subscriber to FORGE
[04Apr2025 19:49:02.901] [modloading-worker-0/DEBUG] [net.minecraftforge.fml.javafmlmod.AutomaticEventSubscriber/LOADING]: Auto-subscribing mcp.mobius.waila.forge.ForgeWaila to MOD
[04Apr2025 19:49:02.902] [modloading-worker-0/DEBUG] [net.minecraftforge.fml.javafmlmod.AutomaticEventSubscriber/LOADING]: Auto-subscribing mcp.mobius.waila.forge.ForgeWaila$Subscriber to FORGE
[04Apr2025 19:49:02.918] [modloading-worker-0/DEBUG] [net.minecraftforge.fml.config.ConfigTracker/CONFIG]: Config file curios-client.toml for curios tracking
[04Apr2025 19:49:02.931] [modloading-worker-0/DEBUG] [net.minecraftforge.fml.config.ConfigTracker/CONFIG]: Config file curios-server.toml for curios tracking
[04Apr2025 19:49:02.931] [modloading-worker-0/DEBUG] [net.minecraftforge.fml.javafmlmod.AutomaticEventSubscriber/LOADING]: Attempting to inject @EventBusSubscriber classes into the eventbus for curios
[04Apr2025 19:49:02.934] [modloading-worker-0/DEBUG] [net.minecraftforge.fml.config.ConfigTracker/CONFIG]: Config file patchouli-client.toml for patchouli tracking
[04Apr2025 19:49:02.935] [modloading-worker-0/DEBUG] [net.minecraftforge.fml.javafmlmod.AutomaticEventSubscriber/LOADING]: Attempting to inject @EventBusSubscriber classes into the eventbus for patchouli
[04Apr2025 19:49:02.938] [modloading-worker-0/DEBUG] [net.minecraftforge.fml.javafmlmod.AutomaticEventSubscriber/LOADING]: Auto-subscribing vazkii.patchouli.forge.common.ForgeModInitializer to MOD
[04Apr2025 19:49:03.040] [modloading-worker-0/DEBUG] [xaero.hud.minimap.MinimapLogs/]: Loaded xaero.common.platform.services.ForgePlatformHelper@52faece2 for service interface xaero.common.platform.services.IPlatformHelper
[04Apr2025 19:49:03.048] [modloading-worker-0/DEBUG] [net.minecraftforge.fml.javafmlmod.AutomaticEventSubscriber/LOADING]: Attempting to inject @EventBusSubscriber classes into the eventbus for cerbons_api
[04Apr2025 19:49:03.048] [modloading-worker-0/DEBUG] [net.minecraftforge.fml.javafmlmod.AutomaticEventSubscriber/LOADING]: Auto-subscribing com.cerbon.cerbons_api.forge.event.CerbonsApiForgeEvents to MOD
[04Apr2025 19:49:03.056] [modloading-worker-0/DEBUG] [net.minecraftforge.fml.javafmlmod.AutomaticEventSubscriber/LOADING]: Auto-subscribing com.cerbon.cerbons_api.forge.event.ForgeEvents to FORGE
[04Apr2025 19:49:03.067] [modloading-worker-0/DEBUG] [net.minecraftforge.fml.javafmlmod.AutomaticEventSubscriber/LOADING]: Attempting to inject @EventBusSubscriber classes into the eventbus for xaerominimap
[04Apr2025 19:49:03.068] [modloading-worker-0/DEBUG] [net.minecraftforge.fml.javafmlmod.AutomaticEventSubscriber/LOADING]: Attempting to inject @EventBusSubscriber classes into the eventbus for entityculling
[04Apr2025 19:49:03.080] [modloading-worker-0/DEBUG] [betterstrongholds/]: Loaded com.yungnickyoung.minecraft.betterstrongholds.services.ForgePlatformHelper@480bdc5f for service interface com.yungnickyoung.minecraft.betterstrongholds.services.IPlatformHelper
[04Apr2025 19:49:03.082] [modloading-worker-0/DEBUG] [betterstrongholds/]: Loaded com.yungnickyoung.minecraft.betterstrongholds.services.ForgeModulesLoader@5091bc52 for service interface com.yungnickyoung.minecraft.betterstrongholds.services.IModulesLoader
[04Apr2025 19:49:03.082] [modloading-worker-0/DEBUG] [yungsextras/]: Loaded com.yungnickyoung.minecraft.yungsextras.services.ForgePlatformHelper@5cf9429c for service interface com.yungnickyoung.minecraft.yungsextras.services.IPlatformHelper
[04Apr2025 19:49:03.092] [modloading-worker-0/DEBUG] [betterstrongholds/]: Loaded com.yungnickyoung.minecraft.betterstrongholds.services.ForgeProcessorProvider@32752313 for service interface com.yungnickyoung.minecraft.betterstrongholds.services.IProcessorProvider
[04Apr2025 19:49:03.093] [modloading-worker-0/DEBUG] [yungsextras/]: Loaded com.yungnickyoung.minecraft.yungsextras.services.ForgeModulesLoader@7507df9c for service interface com.yungnickyoung.minecraft.yungsextras.services.IModulesLoader
[04Apr2025 19:49:03.094] [modloading-worker-0/DEBUG] [net.minecraftforge.fml.javafmlmod.AutomaticEventSubscriber/LOADING]: Attempting to inject @EventBusSubscriber classes into the eventbus for yungsextras
[04Apr2025 19:49:03.144] [modloading-worker-0/DEBUG] [net.minecraftforge.fml.config.ConfigTracker/CONFIG]: Config file betterstrongholds-forge-1_20.toml for betterstrongholds tracking
[04Apr2025 19:49:03.149] [modloading-worker-0/DEBUG] [net.minecraftforge.fml.javafmlmod.AutomaticEventSubscriber/LOADING]: Attempting to inject @EventBusSubscriber classes into the eventbus for betterstrongholds
[04Apr2025 19:49:03.152] [modloading-worker-0/INFO] [com.aetherteam.cumulus.Cumulus/]: Disabling Cumulus as it is on server.
[04Apr2025 19:49:03.156] [modloading-worker-0/DEBUG] [net.minecraftforge.fml.javafmlmod.AutomaticEventSubscriber/LOADING]: Attempting to inject @EventBusSubscriber classes into the eventbus for cumulus_menus
[04Apr2025 19:49:03.172] [modloading-worker-0/DEBUG] [net.minecraftforge.fml.config.ConfigTracker/CONFIG]: Config file tombstone-client.toml for tombstone tracking
[04Apr2025 19:49:03.174] [modloading-worker-0/DEBUG] [net.minecraftforge.fml.config.ConfigTracker/CONFIG]: Config file tombstone-common.toml for tombstone tracking
[04Apr2025 19:49:03.192] [modloading-worker-0/DEBUG] [net.minecraftforge.fml.config.ConfigTracker/CONFIG]: Config file tombstone-server.toml for tombstone tracking
[04Apr2025 19:49:03.195] [modloading-worker-0/DEBUG] [net.minecraftforge.fml.javafmlmod.AutomaticEventSubscriber/LOADING]: Attempting to inject @EventBusSubscriber classes into the eventbus for tombstone
[04Apr2025 19:49:03.195] [modloading-worker-0/DEBUG] [net.minecraftforge.fml.javafmlmod.AutomaticEventSubscriber/LOADING]: Auto-subscribing ovh.corail.tombstone.registry.Registration to MOD
[04Apr2025 19:49:03.198] [modloading-worker-0/DEBUG] [net.minecraftforge.fml.javafmlmod.AutomaticEventSubscriber/LOADING]: Auto-subscribing ovh.corail.tombstone.perk.PerkRegistry to MOD
[04Apr2025 19:49:03.211] [modloading-worker-0/DEBUG] [net.minecraftforge.fml.javafmlmod.AutomaticEventSubscriber/LOADING]: Auto-subscribing ovh.corail.tombstone.helper.LootHelper to FORGE
[04Apr2025 19:49:03.295] [modloading-worker-0/DEBUG] [net.minecraftforge.fml.javafmlmod.AutomaticEventSubscriber/LOADING]: Auto-subscribing ovh.corail.tombstone.event.EventHandler to FORGE
[04Apr2025 19:49:03.382] [modloading-worker-0/DEBUG] [net.minecraftforge.fml.javafmlmod.AutomaticEventSubscriber/LOADING]: Auto-subscribing ovh.corail.tombstone.config.ConfigTombstone$ConfigEvent to MOD
[04Apr2025 19:49:03.455] [modloading-worker-0/DEBUG] [net.minecraftforge.fml.javafmlmod.AutomaticEventSubscriber/LOADING]: Attempting to inject @EventBusSubscriber classes into the eventbus for regions_unexplored
[04Apr2025 19:49:03.455] [modloading-worker-0/DEBUG] [net.minecraftforge.fml.javafmlmod.AutomaticEventSubscriber/LOADING]: Auto-subscribing net.regions_unexplored.datagen.DataGeneration to MOD
[04Apr2025 19:49:03.467] [modloading-worker-0/DEBUG] [net.minecraftforge.fml.javafmlmod.AutomaticEventSubscriber/LOADING]: Auto-subscribing net.regions_unexplored.block.compat.FurnaceBurnTimes to FORGE
[04Apr2025 19:49:03.482] [modloading-worker-0/DEBUG] [net.minecraftforge.fml.config.ConfigTracker/CONFIG]: Config file deeperdarker-common.toml for deeperdarker tracking
[04Apr2025 19:49:03.482] [modloading-worker-0/DEBUG] [net.minecraftforge.fml.javafmlmod.AutomaticEventSubscriber/LOADING]: Attempting to inject @EventBusSubscriber classes into the eventbus for deeperdarker
[04Apr2025 19:49:03.482] [modloading-worker-0/DEBUG] [net.minecraftforge.fml.javafmlmod.AutomaticEventSubscriber/LOADING]: Auto-subscribing com.kyanite.deeperdarker.DeeperDarkerEvents to FORGE
[04Apr2025 19:49:03.498] [modloading-worker-0/DEBUG] [net.minecraftforge.fml.config.ConfigTracker/CONFIG]: Config file appleskin-client.toml for appleskin tracking
[04Apr2025 19:49:03.501] [modloading-worker-0/DEBUG] [net.minecraftforge.fml.javafmlmod.AutomaticEventSubscriber/LOADING]: Attempting to inject @EventBusSubscriber classes into the eventbus for appleskin
[04Apr2025 19:49:03.501] [modloading-worker-0/DEBUG] [net.minecraftforge.fml.javafmlmod.AutomaticEventSubscriber/LOADING]: Attempting to inject @EventBusSubscriber classes into the eventbus for ferritecore
[04Apr2025 19:49:03.509] [modloading-worker-0/DEBUG] [betterendisland/]: Loaded com.yungnickyoung.minecraft.betterendisland.services.ForgePlatformHelper@314165e9 for service interface com.yungnickyoung.minecraft.betterendisland.services.IPlatformHelper
[04Apr2025 19:49:03.510] [modloading-worker-0/DEBUG] [betterendisland/]: Loaded com.yungnickyoung.minecraft.betterendisland.services.ForgeModulesLoader@13fe2e2 for service interface com.yungnickyoung.minecraft.betterendisland.services.IModulesLoader
[04Apr2025 19:49:03.514] [modloading-worker-0/DEBUG] [net.minecraftforge.fml.config.ConfigTracker/CONFIG]: Config file betterendisland-forge-1_20.toml for betterendisland tracking
[04Apr2025 19:49:03.516] [modloading-worker-0/DEBUG] [net.minecraftforge.fml.javafmlmod.AutomaticEventSubscriber/LOADING]: Attempting to inject @EventBusSubscriber classes into the eventbus for betterendisland
[04Apr2025 19:49:03.516] [modloading-worker-0/DEBUG] [net.minecraftforge.fml.javafmlmod.AutomaticEventSubscriber/LOADING]: Attempting to inject @EventBusSubscriber classes into the eventbus for architectury
[04Apr2025 19:49:03.518] [modloading-worker-0/DEBUG] [net.minecraftforge.fml.javafmlmod.AutomaticEventSubscriber/LOADING]: Auto-subscribing dev.architectury.registry.level.entity.trade.forge.TradeRegistryImpl to FORGE
[04Apr2025 19:49:03.520] [modloading-worker-0/DEBUG] [net.minecraftforge.fml.javafmlmod.AutomaticEventSubscriber/LOADING]: Attempting to inject @EventBusSubscriber classes into the eventbus for puzzleslib
[04Apr2025 19:49:03.520] [modloading-worker-0/DEBUG] [net.minecraftforge.fml.javafmlmod.AutomaticEventSubscriber/LOADING]: Auto-subscribing fuzs.puzzleslib.impl.PuzzlesLibForge to MOD
[04Apr2025 19:49:03.521] [modloading-worker-0/DEBUG] [net.minecraftforge.fml.javafmlmod.AutomaticEventSubscriber/LOADING]: Auto-subscribing dev.architectury.registry.forge.ReloadListenerRegistryImpl to FORGE
[04Apr2025 19:49:03.523] [modloading-worker-0/DEBUG] [net.minecraftforge.fml.javafmlmod.AutomaticEventSubscriber/LOADING]: Auto-subscribing dev.architectury.networking.forge.NetworkManagerImpl to FORGE
[04Apr2025 19:49:03.532] [modloading-worker-0/INFO] [dev.architectury.networking.forge.NetworkManagerImpl/]: Registering C2S receiver with id architectury:sync_ids
[04Apr2025 19:49:03.539] [modloading-worker-0/DEBUG] [net.minecraftforge.fml.javafmlmod.AutomaticEventSubscriber/LOADING]: Attempting to inject @EventBusSubscriber classes into the eventbus for dynamic_fps
[04Apr2025 19:49:03.571] [modloading-worker-0/INFO] [Puzzles Lib/]: Constructing common components for puzzleslib:main
[04Apr2025 19:49:03.648] [modloading-worker-0/DEBUG] [net.minecraftforge.fml.javafmlmod.AutomaticEventSubscriber/LOADING]: Attempting to inject @EventBusSubscriber classes into the eventbus for monolib
[04Apr2025 19:49:03.660] [modloading-worker-0/DEBUG] [More Bows and Arrows/]: Loaded forge.com.cursee.more_bows_and_arrows.platform.ForgePlatformHelper@706c4e4c for service interface forge.com.cursee.more_bows_and_arrows.platform.services.IPlatformHelper
[04Apr2025 19:49:03.717] [modloading-worker-0/DEBUG] [net.minecraftforge.fml.javafmlmod.AutomaticEventSubscriber/LOADING]: Attempting to inject @EventBusSubscriber classes into the eventbus for more_bows_and_arrows
[04Apr2025 19:49:03.726] [modloading-worker-0/WARN] [de.keksuccino.justzoom.JustZoom/]: [JUST ZOOM] Disabling 'Just Zoom' since it's a client-side mod and current environment is server!
[04Apr2025 19:49:03.729] [modloading-worker-0/DEBUG] [net.minecraftforge.fml.javafmlmod.AutomaticEventSubscriber/LOADING]: Attempting to inject @EventBusSubscriber classes into the eventbus for justzoom
[04Apr2025 19:49:03.734] [modloading-worker-0/DEBUG] [net.minecraftforge.fml.javafmlmod.AutomaticEventSubscriber/LOADING]: Attempting to inject @EventBusSubscriber classes into the eventbus for nitrogen_internals
[04Apr2025 19:49:03.734] [modloading-worker-0/DEBUG] [net.minecraftforge.fml.javafmlmod.AutomaticEventSubscriber/LOADING]: Auto-subscribing com.aetherteam.nitrogen.event.listeners.TooltipListeners to FORGE
[04Apr2025 19:49:03.738] [modloading-worker-0/DEBUG] [net.minecraftforge.fml.javafmlmod.AutomaticEventSubscriber/LOADING]: Auto-subscribing com.aetherteam.nitrogen.Nitrogen to FORGE
[04Apr2025 19:49:03.747] [modloading-worker-0/DEBUG] [net.minecraftforge.fml.config.ConfigTracker/CONFIG]: Config file the_bumblezone/client.toml for the_bumblezone tracking
[04Apr2025 19:49:03.807] [modloading-worker-0/DEBUG] [net.minecraftforge.fml.config.ConfigTracker/CONFIG]: Config file the_bumblezone/general.toml for the_bumblezone tracking
[04Apr2025 19:49:03.818] [modloading-worker-0/DEBUG] [net.minecraftforge.fml.config.ConfigTracker/CONFIG]: Config file the_bumblezone/worldgen.toml for the_bumblezone tracking
[04Apr2025 19:49:03.826] [modloading-worker-0/DEBUG] [net.minecraftforge.fml.config.ConfigTracker/CONFIG]: Config file the_bumblezone/dimension.toml for the_bumblezone tracking
[04Apr2025 19:49:03.831] [modloading-worker-0/DEBUG] [net.minecraftforge.fml.config.ConfigTracker/CONFIG]: Config file the_bumblezone/bee_aggression.toml for the_bumblezone tracking
[04Apr2025 19:49:03.846] [modloading-worker-0/DEBUG] [net.minecraftforge.fml.config.ConfigTracker/CONFIG]: Config file the_bumblezone/mod_compatibility.toml for the_bumblezone tracking
[04Apr2025 19:49:03.898] [modloading-worker-0/DEBUG] [net.minecraftforge.fml.config.ConfigTracker/CONFIG]: Config file undergarden-common.toml for undergarden tracking
[04Apr2025 19:49:03.900] [modloading-worker-0/DEBUG] [net.minecraftforge.fml.config.ConfigTracker/CONFIG]: Config file undergarden-client.toml for undergarden tracking
[04Apr2025 19:49:03.901] [modloading-worker-0/DEBUG] [net.minecraftforge.fml.javafmlmod.AutomaticEventSubscriber/LOADING]: Attempting to inject @EventBusSubscriber classes into the eventbus for undergarden
[04Apr2025 19:49:03.901] [modloading-worker-0/DEBUG] [net.minecraftforge.fml.javafmlmod.AutomaticEventSubscriber/LOADING]: Auto-subscribing quek.undergarden.registry.UndergardenCapabilities to FORGE
[04Apr2025 19:49:03.904] [modloading-worker-0/DEBUG] [net.minecraftforge.fml.javafmlmod.AutomaticEventSubscriber/LOADING]: Auto-subscribing quek.undergarden.registry.UGEntityTypes to MOD
[04Apr2025 19:49:03.905] [modloading-worker-0/DEBUG] [net.minecraftforge.fml.javafmlmod.AutomaticEventSubscriber/LOADING]: Auto-subscribing quek.undergarden.item.tool.UGToolEvents to FORGE
[04Apr2025 19:49:03.911] [modloading-worker-0/DEBUG] [net.minecraftforge.fml.javafmlmod.AutomaticEventSubscriber/LOADING]: Auto-subscribing quek.undergarden.item.CarvedGloomgourdItem to FORGE
[04Apr2025 19:49:03.922] [modloading-worker-0/DEBUG] [net.minecraftforge.fml.javafmlmod.AutomaticEventSubscriber/LOADING]: Auto-subscribing quek.undergarden.entity.animal.dweller.Dweller to FORGE
[04Apr2025 19:49:03.935] [modloading-worker-0/DEBUG] [mixin/]: Mixing item.ItemExtensionMixin from the_bumblezone-forge.mixins.json into com.telepathicgrunt.the_bumblezone.platform.ItemExtension
[04Apr2025 19:49:03.970] [modloading-worker-0/DEBUG] [mixin/]: Mixing effect.EffectExtensionMixin from the_bumblezone-forge.mixins.json into com.telepathicgrunt.the_bumblezone.platform.EffectExtension
[04Apr2025 19:49:04.001] [modloading-worker-0/DEBUG] [net.minecraftforge.fml.javafmlmod.AutomaticEventSubscriber/LOADING]: Auto-subscribing quek.undergarden.effect.FeatherweightEffect to FORGE
[04Apr2025 19:49:04.002] [modloading-worker-0/DEBUG] [net.minecraftforge.fml.javafmlmod.AutomaticEventSubscriber/LOADING]: Auto-subscribing quek.undergarden.effect.BrittlenessEffect to FORGE
[04Apr2025 19:49:04.003] [modloading-worker-0/DEBUG] [net.minecraftforge.fml.javafmlmod.AutomaticEventSubscriber/LOADING]: Auto-subscribing quek.undergarden.block.UGBlockEvents to FORGE
[04Apr2025 19:49:04.022] [modloading-worker-0/DEBUG] [net.minecraftforge.fml.config.ConfigTracker/CONFIG]: Config file toms_storage-common.toml for toms_storage tracking
[04Apr2025 19:49:04.022] [modloading-worker-0/DEBUG] [net.minecraftforge.fml.config.ConfigTracker/CONFIG]: Config file toms_storage-server.toml for toms_storage tracking
[04Apr2025 19:49:04.023] [modloading-worker-0/DEBUG] [mixin/]: Mixing block.BlockExtensionMixin from the_bumblezone-forge.mixins.json into com.telepathicgrunt.the_bumblezone.platform.BlockExtension
[04Apr2025 19:49:04.024] [modloading-worker-0/DEBUG] [mixin/]: Renaming synthetic method lambda$shouldDisplayFluidOverlay$1(Lnet/minecraft/world/level/block/state/BlockState;Lnet/minecraft/world/level/BlockAndTintGetter;Lnet/minecraft/core/BlockPos;Lnet/minecraft/world/level/material/FluidState;)Z to mdf2554f$lambda$shouldDisplayFluidOverlay$1$0 in the_bumblezone-forge.mixins.json:block.BlockExtensionMixin
[04Apr2025 19:49:04.024] [modloading-worker-0/DEBUG] [mixin/]: Renaming synthetic method lambda$canStickTo$0(Lnet/minecraft/world/level/block/state/BlockState;Lnet/minecraft/world/level/block/state/BlockState;)Z to mdf2554f$lambda$canStickTo$0$1 in the_bumblezone-forge.mixins.json:block.BlockExtensionMixin
[04Apr2025 19:49:04.047] [modloading-worker-0/DEBUG] [mixin/]: Mixing enchantment.BzEnchantmentMixin from the_bumblezone-forge.mixins.json into com.telepathicgrunt.the_bumblezone.platform.BzEnchantment
[04Apr2025 19:49:04.047] [modloading-worker-0/DEBUG] [mixin/]: Renaming synthetic method lambda$canApplyAtEnchantingTable$0(Lnet/minecraft/world/item/ItemStack;)Z to mdf2554f$lambda$canApplyAtEnchantingTable$0$0 in the_bumblezone-forge.mixins.json:enchantment.BzEnchantmentMixin
[04Apr2025 19:49:04.076] [modloading-worker-0/DEBUG] [net.minecraftforge.fml.javafmlmod.AutomaticEventSubscriber/LOADING]: Attempting to inject @EventBusSubscriber classes into the eventbus for twilightforest
[04Apr2025 19:49:04.076] [modloading-worker-0/DEBUG] [net.minecraftforge.fml.javafmlmod.AutomaticEventSubscriber/LOADING]: Auto-subscribing twilightforest.util.TFRemapper to FORGE
[04Apr2025 19:49:04.082] [modloading-worker-0/DEBUG] [net.minecraftforge.fml.javafmlmod.AutomaticEventSubscriber/LOADING]: Auto-subscribing twilightforest.loot.modifiers.GiantToolGroupingModifier to FORGE
[04Apr2025 19:49:04.086] [modloading-worker-0/DEBUG] [net.minecraftforge.fml.javafmlmod.AutomaticEventSubscriber/LOADING]: Auto-subscribing twilightforest.item.OreMagnetItem to FORGE
[04Apr2025 19:49:04.086] [modloading-worker-0/DEBUG] [net.minecraftforge.fml.javafmlmod.AutomaticEventSubscriber/LOADING]: Auto-subscribing twilightforest.item.FierySwordItem to FORGE
[04Apr2025 19:49:04.087] [modloading-worker-0/DEBUG] [net.minecraftforge.fml.javafmlmod.AutomaticEventSubscriber/LOADING]: Auto-subscribing twilightforest.init.TFEntities to MOD
[04Apr2025 19:49:04.092] [modloading-worker-0/DEBUG] [net.minecraftforge.fml.javafmlmod.AutomaticEventSubscriber/LOADING]: Auto-subscribing twilightforest.init.TFCaveCarvers to MOD
[04Apr2025 19:49:04.095] [modloading-worker-0/DEBUG] [net.minecraftforge.fml.javafmlmod.AutomaticEventSubscriber/LOADING]: Auto-subscribing twilightforest.events.ToolEvents to FORGE
[04Apr2025 19:49:04.106] [modloading-worker-0/DEBUG] [net.minecraftforge.fml.javafmlmod.AutomaticEventSubscriber/LOADING]: Auto-subscribing twilightforest.events.ProgressionEvents to FORGE
[04Apr2025 19:49:04.110] [modloading-worker-0/DEBUG] [net.minecraftforge.fml.javafmlmod.AutomaticEventSubscriber/LOADING]: Auto-subscribing twilightforest.events.MiscEvents to FORGE
[04Apr2025 19:49:04.112] [modloading-worker-0/DEBUG] [net.minecraftforge.fml.javafmlmod.AutomaticEventSubscriber/LOADING]: Auto-subscribing twilightforest.events.HostileMountEvents to FORGE
[04Apr2025 19:49:04.116] [modloading-worker-0/DEBUG] [net.minecraftforge.fml.javafmlmod.AutomaticEventSubscriber/LOADING]: Auto-subscribing twilightforest.events.EntityEvents to FORGE
[04Apr2025 19:49:04.130] [modloading-worker-0/DEBUG] [net.minecraftforge.fml.javafmlmod.AutomaticEventSubscriber/LOADING]: Auto-subscribing twilightforest.events.CharmEvents to FORGE
[04Apr2025 19:49:04.138] [modloading-worker-0/DEBUG] [net.minecraftforge.fml.javafmlmod.AutomaticEventSubscriber/LOADING]: Auto-subscribing twilightforest.events.CapabilityEvents to FORGE
[04Apr2025 19:49:04.143] [modloading-worker-0/DEBUG] [net.minecraftforge.fml.javafmlmod.AutomaticEventSubscriber/LOADING]: Auto-subscribing twilightforest.data.DataGenerators to MOD
[04Apr2025 19:49:04.148] [modloading-worker-0/DEBUG] [net.minecraftforge.fml.javafmlmod.AutomaticEventSubscriber/LOADING]: Auto-subscribing twilightforest.TFTickHandler to FORGE
[04Apr2025 19:49:04.151] [modloading-worker-0/DEBUG] [net.minecraftforge.fml.javafmlmod.AutomaticEventSubscriber/LOADING]: Auto-subscribing twilightforest.TFConfig to MOD
[04Apr2025 19:49:04.152] [modloading-worker-0/DEBUG] [net.minecraftforge.fml.javafmlmod.AutomaticEventSubscriber/LOADING]: Auto-subscribing twilightforest.TFConfig$ConfigSync to FORGE
[04Apr2025 19:49:04.156] [modloading-worker-0/DEBUG] [mixin/]: Mixing item.BzArrowItemMixin from the_bumblezone-forge.mixins.json into com.telepathicgrunt.the_bumblezone.platform.BzArrowItem
[04Apr2025 19:49:04.174] [modloading-worker-0/DEBUG] [mixin/]: Mixing item.BzBucketItemMixin from the_bumblezone-forge.mixins.json into com.telepathicgrunt.the_bumblezone.fluids.base.BzBucketItem
[04Apr2025 19:49:04.174] [modloading-worker-0/DEBUG] [net.minecraftforge.fml.javafmlmod.AutomaticEventSubscriber/LOADING]: Attempting to inject @EventBusSubscriber classes into the eventbus for toms_storage
[04Apr2025 19:49:04.192] [modloading-worker-0/DEBUG] [bettermineshafts/]: Loaded com.yungnickyoung.minecraft.bettermineshafts.services.ForgePlatformHelper@312e9141 for service interface com.yungnickyoung.minecraft.bettermineshafts.services.IPlatformHelper
[04Apr2025 19:49:04.193] [modloading-worker-0/DEBUG] [bettermineshafts/]: Loaded com.yungnickyoung.minecraft.bettermineshafts.services.ForgeModulesLoader@1be5b6b0 for service interface com.yungnickyoung.minecraft.bettermineshafts.services.IModulesLoader
[04Apr2025 19:49:04.197] [modloading-worker-0/DEBUG] [net.minecraftforge.fml.config.ConfigTracker/CONFIG]: Config file bettermineshafts-forge-1_20.toml for bettermineshafts tracking
[04Apr2025 19:49:04.198] [modloading-worker-0/DEBUG] [net.minecraftforge.fml.javafmlmod.AutomaticEventSubscriber/LOADING]: Attempting to inject @EventBusSubscriber classes into the eventbus for bettermineshafts
[04Apr2025 19:49:04.203] [modloading-worker-0/DEBUG] [betterjungletemples/]: Loaded com.yungnickyoung.minecraft.betterjungletemples.services.ForgePlatformHelper@3861154c for service interface com.yungnickyoung.minecraft.betterjungletemples.services.IPlatformHelper
[04Apr2025 19:49:04.207] [modloading-worker-0/DEBUG] [betterjungletemples/]: Loaded com.yungnickyoung.minecraft.betterjungletemples.services.ForgeModulesLoader@2a470d37 for service interface com.yungnickyoung.minecraft.betterjungletemples.services.IModulesLoader
[04Apr2025 19:49:04.208] [modloading-worker-0/DEBUG] [betterjungletemples/]: Loaded com.yungnickyoung.minecraft.betterjungletemples.services.ForgeProcessorProvider@1a2d7eea for service interface com.yungnickyoung.minecraft.betterjungletemples.services.IProcessorProvider
[04Apr2025 19:49:04.211] [modloading-worker-0/DEBUG] [net.minecraftforge.fml.config.ConfigTracker/CONFIG]: Config file betterjungletemples-forge-1_20.toml for betterjungletemples tracking
[04Apr2025 19:49:04.213] [modloading-worker-0/DEBUG] [net.minecraftforge.fml.javafmlmod.AutomaticEventSubscriber/LOADING]: Attempting to inject @EventBusSubscriber classes into the eventbus for betterjungletemples
[04Apr2025 19:49:04.213] [modloading-worker-0/DEBUG] [net.minecraftforge.fml.javafmlmod.AutomaticEventSubscriber/LOADING]: Attempting to inject @EventBusSubscriber classes into the eventbus for trimmable_tools
[04Apr2025 19:49:04.216] [modloading-worker-0/DEBUG] [net.minecraftforge.fml.javafmlmod.AutomaticEventSubscriber/LOADING]: Attempting to inject @EventBusSubscriber classes into the eventbus for betteradvancements
[04Apr2025 19:49:04.268] [modloading-worker-0/DEBUG] [net.minecraftforge.fml.javafmlmod.AutomaticEventSubscriber/LOADING]: Attempting to inject @EventBusSubscriber classes into the eventbus for simplyswords
[04Apr2025 19:49:04.342] [modloading-worker-0/DEBUG] [mixin/]: Mixing block.BzLiquidBlockMixin from the_bumblezone-forge.mixins.json into com.telepathicgrunt.the_bumblezone.fluids.base.BzLiquidBlock
[04Apr2025 19:49:04.342] [modloading-worker-0/DEBUG] [mixin/]: Renaming synthetic method lambda$bumblezone$onInit$0()Lnet/minecraft/world/level/block/LiquidBlock; to mdf2554f$lambda$bumblezone$onInit$0$0 in the_bumblezone-forge.mixins.json:block.BzLiquidBlockMixin
[04Apr2025 19:49:04.353] [modloading-worker-0/DEBUG] [mixin/]: Mixing block.BzFlowingFluidMixin from the_bumblezone-forge.mixins.json into com.telepathicgrunt.the_bumblezone.fluids.base.BzFlowingFluid
[04Apr2025 19:49:04.483] [modloading-worker-0/DEBUG] [net.minecraftforge.fml.javafmlmod.AutomaticEventSubscriber/LOADING]: Attempting to inject @EventBusSubscriber classes into the eventbus for the_bumblezone
[04Apr2025 19:49:04.484] [modloading-worker-0/DEBUG] [net.minecraftforge.fml.javafmlmod.AutomaticEventSubscriber/LOADING]: Auto-subscribing com.telepathicgrunt.the_bumblezone.modcompat.forge.CorailTombstoneCompat$CorailCompatEvents to FORGE
[04Apr2025 19:49:04.489] [modloading-worker-0/DEBUG] [net.minecraftforge.fml.javafmlmod.AutomaticEventSubscriber/LOADING]: Auto-subscribing com.telepathicgrunt.the_bumblezone.datagen.StructureNbtUpdaterDatagen to MOD
[04Apr2025 19:49:04.490] [modloading-worker-0/DEBUG] [net.minecraftforge.fml.config.ConfigTracker/CONFIG]: Config file deep_aether-common.toml for deep_aether tracking
[04Apr2025 19:49:04.491] [modloading-worker-0/DEBUG] [net.minecraftforge.fml.config.ConfigTracker/CONFIG]: Config file deep_aether-client.toml for deep_aether tracking
[04Apr2025 19:49:04.491] [modloading-worker-0/DEBUG] [net.minecraftforge.fml.javafmlmod.AutomaticEventSubscriber/LOADING]: Attempting to inject @EventBusSubscriber classes into the eventbus for deep_aether
[04Apr2025 19:49:04.491] [modloading-worker-0/DEBUG] [net.minecraftforge.fml.javafmlmod.AutomaticEventSubscriber/LOADING]: Auto-subscribing teamrazor.deepaether.networking.DACapabilities to MOD
[04Apr2025 19:49:04.492] [modloading-worker-0/DEBUG] [net.minecraftforge.fml.javafmlmod.AutomaticEventSubscriber/LOADING]: Auto-subscribing teamrazor.deepaether.networking.DACapabilities$Registration to FORGE
[04Apr2025 19:49:04.493] [modloading-worker-0/DEBUG] [net.minecraftforge.fml.javafmlmod.AutomaticEventSubscriber/LOADING]: Auto-subscribing teamrazor.deepaether.item.gear.ToolAbilityListener to FORGE
[04Apr2025 19:49:04.494] [modloading-worker-0/DEBUG] [net.minecraftforge.fml.javafmlmod.AutomaticEventSubscriber/LOADING]: Auto-subscribing teamrazor.deepaether.item.gear.DaAbilityListener to FORGE
[04Apr2025 19:49:04.496] [modloading-worker-0/DEBUG] [net.minecraftforge.fml.javafmlmod.AutomaticEventSubscriber/LOADING]: Auto-subscribing teamrazor.deepaether.item.gear.ArmorAbilityListener to FORGE
[04Apr2025 19:49:04.497] [modloading-worker-0/DEBUG] [net.minecraftforge.fml.javafmlmod.AutomaticEventSubscriber/LOADING]: Auto-subscribing teamrazor.deepaether.item.dungeon.brass.StormSwordItem to FORGE
[04Apr2025 19:49:04.497] [modloading-worker-0/DEBUG] [net.minecraftforge.fml.javafmlmod.AutomaticEventSubscriber/LOADING]: Auto-subscribing teamrazor.deepaether.init.DAEntities to MOD
[04Apr2025 19:49:04.498] [modloading-worker-0/DEBUG] [net.minecraftforge.fml.javafmlmod.AutomaticEventSubscriber/LOADING]: Auto-subscribing teamrazor.deepaether.event.DAGeneralEvents to FORGE
[04Apr2025 19:49:04.504] [modloading-worker-0/DEBUG] [net.minecraftforge.fml.javafmlmod.AutomaticEventSubscriber/LOADING]: Auto-subscribing teamrazor.deepaether.block.behavior.DABlockInteractionBehavior to FORGE
[04Apr2025 19:49:04.506] [modloading-worker-0/DEBUG] [net.minecraftforge.fml.javafmlmod.AutomaticEventSubscriber/LOADING]: Auto-subscribing teamrazor.deepaether.DeepAether to MOD
[04Apr2025 19:49:04.519] [main/DEBUG] [SpectreLib/CONFIG]: Loading global configs
[04Apr2025 19:49:04.522] [main/DEBUG] [SpectreLib/]: Loaded com.illusivesoulworks.spectrelib.platform.ForgeConfigHelper@47c81691 for service interface com.illusivesoulworks.spectrelib.platform.services.IConfigHelper
[04Apr2025 19:49:04.523] [main/DEBUG] [SpectreLib/CONFIG]: Built TOML config for /workspaces/ServerPrueba/servidor_minecraft/config/comforts-server.toml
[04Apr2025 19:49:04.523] [main/DEBUG] [SpectreLib/CONFIG]: Loaded TOML config file /workspaces/ServerPrueba/servidor_minecraft/config/comforts-server.toml
[04Apr2025 19:49:04.598] [main/DEBUG] [net.minecraftforge.common.capabilities.CapabilityManager/CAPABILITIES]: Attempting to automatically register: Lcom/cerbon/bosses_of_mass_destruction/capability/ChunkBlockCacheProvider;
[04Apr2025 19:49:04.599] [main/DEBUG] [net.minecraftforge.common.capabilities.CapabilityManager/CAPABILITIES]: Attempting to automatically register: Lcom/cerbon/bosses_of_mass_destruction/capability/PlayerMoveHistoryProvider;
[04Apr2025 19:49:04.599] [main/DEBUG] [net.minecraftforge.common.capabilities.CapabilityManager/CAPABILITIES]: Attempting to automatically register: Lcom/cerbon/cerbons_api/forge/capability/LevelEventSchedulerProvider;
[04Apr2025 19:49:04.599] [main/DEBUG] [net.minecraftforge.common.capabilities.CapabilityManager/CAPABILITIES]: Attempting to automatically register: Lnet/minecraftforge/energy/IEnergyStorage;
[04Apr2025 19:49:04.599] [main/DEBUG] [net.minecraftforge.common.capabilities.CapabilityManager/CAPABILITIES]: Attempting to automatically register: Lnet/minecraftforge/fluids/capability/IFluidHandler;
[04Apr2025 19:49:04.599] [main/DEBUG] [net.minecraftforge.common.capabilities.CapabilityManager/CAPABILITIES]: Attempting to automatically register: Lnet/minecraftforge/fluids/capability/IFluidHandlerItem;
[04Apr2025 19:49:04.599] [main/DEBUG] [net.minecraftforge.common.capabilities.CapabilityManager/CAPABILITIES]: Attempting to automatically register: Lnet/minecraftforge/items/IItemHandler;
[04Apr2025 19:49:04.599] [main/DEBUG] [net.minecraftforge.common.capabilities.CapabilityManager/CAPABILITIES]: Attempting to automatically register: Lquek/undergarden/capability/IUndergardenPortal;
[04Apr2025 19:49:05.963] [main/DEBUG] [mixin/]: Mixing TemplateMixins$StructurePlaceSettingsMixin from structure_gel.mixins.json into net.minecraft.world.level.levelgen.structure.templatesystem.StructurePlaceSettings
[04Apr2025 19:49:06.720] [main/DEBUG] [mixin/]: Mixing accessor.CriteriaTriggersAccessor from yungsapi.mixins.json into net.minecraft.advancements.CriteriaTriggers
[04Apr2025 19:49:06.721] [main/DEBUG] [mixin/]: Renaming @Accessor method getValues()Ljava/util/Map; to getValues_$md$f2554f$0 in yungsapi.mixins.json:accessor.CriteriaTriggersAccessor
[04Apr2025 19:49:06.776] [main/DEBUG] [io.netty.util.internal.InternalThreadLocalMap/]: -Dio.netty.threadLocalMap.stringBuilder.initialSize: 1024
[04Apr2025 19:49:06.777] [main/DEBUG] [io.netty.util.internal.InternalThreadLocalMap/]: -Dio.netty.threadLocalMap.stringBuilder.maxSize: 4096
[04Apr2025 19:49:06.777] [main/DEBUG] [io.netty.util.internal.ThreadLocalRandom/]: -Dio.netty.initialSeedUniquifier: 0x37389335a1f63e94
[04Apr2025 19:49:07.051] [main/DEBUG] [ModdingLegacy/blue_skies/]: Registering villager types: 13
[04Apr2025 19:49:07.066] [main/DEBUG] [mixin/]: Mixing MoaMixin from deep_aether.mixins.json into com.aetherteam.aether.entity.passive.Moa
[04Apr2025 19:49:07.067] [main/DEBUG] [mixin/]: Renaming synthetic method lambda$addPassenger$1(Lnet/minecraft/world/effect/MobEffectInstance;Lteamrazor/deepaether/networking/MoaEffect;)V to mdf2554f$lambda$addPassenger$1$0 in deep_aether.mixins.json:MoaMixin
[04Apr2025 19:49:07.069] [main/DEBUG] [mixin/]: Renaming synthetic method lambda$getMaxJumps$0(Lteamrazor/deepaether/networking/MoaEffect;)V to mdf2554f$lambda$getMaxJumps$0$1 in deep_aether.mixins.json:MoaMixin
[04Apr2025 19:49:07.083] [main/DEBUG] [mixin/]: Mixing AerwhaleMixin from deep_aether.mixins.json into com.aetherteam.aether.entity.passive.Aerwhale
[04Apr2025 19:49:07.407] [main/DEBUG] [mixin/]: Mixing block.BzRandomizableContainerBlockEntityMixin from the_bumblezone-forge.mixins.json into com.telepathicgrunt.the_bumblezone.blocks.blockentities.BzRandomizableContainerBlockEntity
[04Apr2025 19:49:07.521] [main/DEBUG] [mixin/]: Mixing AccessorSmithingTransformRecipe from patchouli_xplat.mixins.json into net.minecraft.world.item.crafting.SmithingTransformRecipe
[04Apr2025 19:49:07.547] [main/DEBUG] [mixin/]: Mixing accessor.ShapelessRecipeAccessor from tombstone.mixins.json into net.minecraft.world.item.crafting.ShapelessRecipe
[04Apr2025 19:49:08.125] [main/DEBUG] [mixin/]: Mixing world.BiomeManagerAccessor from the_bumblezone-common.mixins.json into net.minecraft.world.level.biome.BiomeManager
[04Apr2025 19:49:08.192] [main/INFO] [ModdingLegacy/StructureGel/]: [structure_gel] Registering data for structure_gel:loot_table_alias
[04Apr2025 19:49:08.207] [main/INFO] [ModdingLegacy/StructureGel/]: [structure_gel] Registering data for structure_gel:data_handler_type
[04Apr2025 19:49:08.212] [main/INFO] [ModdingLegacy/StructureGel/]: [structure_gel] Registering data for structure_gel:dynamic_spawner
[04Apr2025 19:49:08.216] [main/INFO] [ModdingLegacy/StructureGel/]: [structure_gel] Registering data for structure_gel:jigsaw_type
[04Apr2025 19:49:08.321] [main/DEBUG] [mixin/]: Mixing ForgeHooksMixin from tombstone.mixins.json into net.minecraftforge.common.ForgeHooks
[04Apr2025 19:49:08.425] [main/DEBUG] [mixin/]: Mixing accessor.SpawnPlacementsAccessor from yungscavebiomes.mixins.json into net.minecraft.world.entity.SpawnPlacements
[04Apr2025 19:49:08.426] [main/DEBUG] [mixin/]: Renaming @Invoker method callRegister(Lnet/minecraft/world/entity/EntityType;Lnet/minecraft/world/entity/SpawnPlacements$Type;Lnet/minecraft/world/level/levelgen/Heightmap$Types;Lnet/minecraft/world/entity/SpawnPlacements$SpawnPredicate;)V to callRegister_$md$f2554f$0 in yungscavebiomes.mixins.json:accessor.SpawnPlacementsAccessor
[04Apr2025 19:49:08.505] [main/DEBUG] [net.minecraftforge.fml.config.ConfigTracker/CONFIG]: Loading configs type COMMON
[04Apr2025 19:49:08.506] [main/DEBUG] [net.minecraftforge.fml.config.ConfigFileTypeHandler/CONFIG]: Built TOML config for /workspaces/ServerPrueba/servidor_minecraft/config/betterdungeons-forge-1_20.toml
[04Apr2025 19:49:08.508] [main/DEBUG] [net.minecraftforge.fml.config.ConfigFileTypeHandler/CONFIG]: Loaded TOML config file /workspaces/ServerPrueba/servidor_minecraft/config/betterdungeons-forge-1_20.toml
[04Apr2025 19:49:08.509] [main/DEBUG] [net.minecraftforge.fml.config.ConfigFileTypeHandler/CONFIG]: Watching TOML config file /workspaces/ServerPrueba/servidor_minecraft/config/betterdungeons-forge-1_20.toml for changes
[04Apr2025 19:49:08.511] [Thread-1/DEBUG] [net.minecraftforge.fml.config.ConfigFileTypeHandler/CONFIG]: Config file betterdungeons-forge-1_20.toml changed, sending notifies
[04Apr2025 19:49:08.511] [main/DEBUG] [net.minecraftforge.fml.config.ConfigFileTypeHandler/CONFIG]: Built TOML config for /workspaces/ServerPrueba/servidor_minecraft/config/betterwitchhuts-forge-1_20.toml
[04Apr2025 19:49:08.512] [main/DEBUG] [net.minecraftforge.fml.config.ConfigFileTypeHandler/CONFIG]: Loaded TOML config file /workspaces/ServerPrueba/servidor_minecraft/config/betterwitchhuts-forge-1_20.toml
[04Apr2025 19:49:08.513] [main/DEBUG] [net.minecraftforge.fml.config.ConfigFileTypeHandler/CONFIG]: Watching TOML config file /workspaces/ServerPrueba/servidor_minecraft/config/betterwitchhuts-forge-1_20.toml for changes
[04Apr2025 19:49:08.514] [main/DEBUG] [net.minecraftforge.fml.config.ConfigFileTypeHandler/CONFIG]: Built TOML config for /workspaces/ServerPrueba/servidor_minecraft/config/blue_skies-common.toml
[04Apr2025 19:49:08.515] [Thread-1/DEBUG] [net.minecraftforge.fml.config.ConfigFileTypeHandler/CONFIG]: Config file betterdungeons-forge-1_20.toml changed, sending notifies
[04Apr2025 19:49:08.516] [main/DEBUG] [net.minecraftforge.fml.config.ConfigFileTypeHandler/CONFIG]: Loaded TOML config file /workspaces/ServerPrueba/servidor_minecraft/config/blue_skies-common.toml
[04Apr2025 19:49:08.516] [main/DEBUG] [net.minecraftforge.fml.config.ConfigFileTypeHandler/CONFIG]: Watching TOML config file /workspaces/ServerPrueba/servidor_minecraft/config/blue_skies-common.toml for changes
[04Apr2025 19:49:08.517] [Thread-1/DEBUG] [net.minecraftforge.fml.config.ConfigFileTypeHandler/CONFIG]: Config file blue_skies-common.toml changed, sending notifies
[04Apr2025 19:49:08.519] [Thread-1/DEBUG] [net.minecraftforge.fml.config.ConfigFileTypeHandler/CONFIG]: Config file blue_skies-common.toml changed, sending notifies
[04Apr2025 19:49:08.519] [main/DEBUG] [net.minecraftforge.fml.config.ConfigFileTypeHandler/CONFIG]: Built TOML config for /workspaces/ServerPrueba/servidor_minecraft/config/betteroceanmonuments-forge-1_20.toml
[04Apr2025 19:49:08.520] [main/DEBUG] [net.minecraftforge.fml.config.ConfigFileTypeHandler/CONFIG]: Loaded TOML config file /workspaces/ServerPrueba/servidor_minecraft/config/betteroceanmonuments-forge-1_20.toml
[04Apr2025 19:49:08.520] [main/DEBUG] [net.minecraftforge.fml.config.ConfigFileTypeHandler/CONFIG]: Watching TOML config file /workspaces/ServerPrueba/servidor_minecraft/config/betteroceanmonuments-forge-1_20.toml for changes
[04Apr2025 19:49:08.521] [Thread-1/DEBUG] [net.minecraftforge.fml.config.ConfigFileTypeHandler/CONFIG]: Config file betteroceanmonuments-forge-1_20.toml changed, sending notifies
[04Apr2025 19:49:08.521] [main/DEBUG] [net.minecraftforge.fml.config.ConfigFileTypeHandler/CONFIG]: Built TOML config for /workspaces/ServerPrueba/servidor_minecraft/config/sophisticatedcore-common.toml
[04Apr2025 19:49:08.522] [main/DEBUG] [net.minecraftforge.fml.config.ConfigFileTypeHandler/CONFIG]: Loaded TOML config file /workspaces/ServerPrueba/servidor_minecraft/config/sophisticatedcore-common.toml
[04Apr2025 19:49:08.523] [main/DEBUG] [net.minecraftforge.fml.config.ConfigFileTypeHandler/CONFIG]: Watching TOML config file /workspaces/ServerPrueba/servidor_minecraft/config/sophisticatedcore-common.toml for changes
[04Apr2025 19:49:08.524] [Thread-1/DEBUG] [net.minecraftforge.fml.config.ConfigFileTypeHandler/CONFIG]: Config file sophisticatedcore-common.toml changed, sending notifies
[04Apr2025 19:49:08.525] [Thread-1/DEBUG] [net.minecraftforge.fml.config.ConfigFileTypeHandler/CONFIG]: Config file sophisticatedcore-common.toml changed, sending notifies
[04Apr2025 19:49:08.525] [main/DEBUG] [net.minecraftforge.fml.config.ConfigFileTypeHandler/CONFIG]: Built TOML config for /workspaces/ServerPrueba/servidor_minecraft/config/waystones-common.toml
[04Apr2025 19:49:08.526] [main/DEBUG] [net.minecraftforge.fml.config.ConfigFileTypeHandler/CONFIG]: Loaded TOML config file /workspaces/ServerPrueba/servidor_minecraft/config/waystones-common.toml
[04Apr2025 19:49:08.527] [main/DEBUG] [net.minecraftforge.fml.config.ConfigFileTypeHandler/CONFIG]: Watching TOML config file /workspaces/ServerPrueba/servidor_minecraft/config/waystones-common.toml for changes
[04Apr2025 19:49:08.529] [Thread-1/DEBUG] [net.minecraftforge.fml.config.ConfigFileTypeHandler/CONFIG]: Config file waystones-common.toml changed, sending notifies
[04Apr2025 19:49:08.530] [main/DEBUG] [net.minecraftforge.fml.config.ConfigFileTypeHandler/CONFIG]: Built TOML config for /workspaces/ServerPrueba/servidor_minecraft/config/YungsCaveBiomes-forge-1_20_1.toml
[04Apr2025 19:49:08.531] [main/DEBUG] [net.minecraftforge.fml.config.ConfigFileTypeHandler/CONFIG]: Loaded TOML config file /workspaces/ServerPrueba/servidor_minecraft/config/YungsCaveBiomes-forge-1_20_1.toml
[04Apr2025 19:49:08.531] [main/DEBUG] [net.minecraftforge.fml.config.ConfigFileTypeHandler/CONFIG]: Watching TOML config file /workspaces/ServerPrueba/servidor_minecraft/config/YungsCaveBiomes-forge-1_20_1.toml for changes
[04Apr2025 19:49:08.533] [main/DEBUG] [net.minecraftforge.fml.config.ConfigFileTypeHandler/CONFIG]: Built TOML config for /workspaces/ServerPrueba/servidor_minecraft/config/citadel-common.toml
[04Apr2025 19:49:08.533] [main/DEBUG] [net.minecraftforge.fml.config.ConfigFileTypeHandler/CONFIG]: Loaded TOML config file /workspaces/ServerPrueba/servidor_minecraft/config/citadel-common.toml
[04Apr2025 19:49:08.533] [main/DEBUG] [net.minecraftforge.fml.config.ConfigFileTypeHandler/CONFIG]: Watching TOML config file /workspaces/ServerPrueba/servidor_minecraft/config/citadel-common.toml for changes
[04Apr2025 19:49:08.534] [Thread-1/DEBUG] [net.minecraftforge.fml.config.ConfigFileTypeHandler/CONFIG]: Config file waystones-common.toml changed, sending notifies
[04Apr2025 19:49:08.534] [main/DEBUG] [net.minecraftforge.fml.config.ConfigFileTypeHandler/CONFIG]: Built TOML config for /workspaces/ServerPrueba/servidor_minecraft/config/aether-common.toml
[04Apr2025 19:49:08.534] [main/DEBUG] [net.minecraftforge.fml.config.ConfigFileTypeHandler/CONFIG]: Loaded TOML config file /workspaces/ServerPrueba/servidor_minecraft/config/aether-common.toml
[04Apr2025 19:49:08.534] [main/DEBUG] [net.minecraftforge.fml.config.ConfigFileTypeHandler/CONFIG]: Watching TOML config file /workspaces/ServerPrueba/servidor_minecraft/config/aether-common.toml for changes
[04Apr2025 19:49:08.535] [main/DEBUG] [net.minecraftforge.fml.config.ConfigFileTypeHandler/CONFIG]: Built TOML config for /workspaces/ServerPrueba/servidor_minecraft/config/sophisticatedbackpacks-common.toml
[04Apr2025 19:49:08.535] [main/DEBUG] [net.minecraftforge.fml.config.ConfigFileTypeHandler/CONFIG]: Loaded TOML config file /workspaces/ServerPrueba/servidor_minecraft/config/sophisticatedbackpacks-common.toml
[04Apr2025 19:49:08.535] [main/DEBUG] [net.minecraftforge.fml.config.ConfigFileTypeHandler/CONFIG]: Watching TOML config file /workspaces/ServerPrueba/servidor_minecraft/config/sophisticatedbackpacks-common.toml for changes
[04Apr2025 19:49:08.536] [main/DEBUG] [net.minecraftforge.fml.config.ConfigFileTypeHandler/CONFIG]: Built TOML config for /workspaces/ServerPrueba/servidor_minecraft/config/iceandfire-common.toml
[04Apr2025 19:49:08.537] [main/DEBUG] [net.minecraftforge.fml.config.ConfigFileTypeHandler/CONFIG]: Loaded TOML config file /workspaces/ServerPrueba/servidor_minecraft/config/iceandfire-common.toml
[04Apr2025 19:49:08.538] [main/DEBUG] [net.minecraftforge.fml.config.ConfigFileTypeHandler/CONFIG]: Watching TOML config file /workspaces/ServerPrueba/servidor_minecraft/config/iceandfire-common.toml for changes
[04Apr2025 19:49:08.582] [Thread-1/DEBUG] [net.minecraftforge.fml.config.ConfigFileTypeHandler/CONFIG]: Config file iceandfire-common.toml changed, sending notifies
[04Apr2025 19:49:08.584] [main/DEBUG] [net.minecraftforge.fml.config.ConfigFileTypeHandler/CONFIG]: Built TOML config for /workspaces/ServerPrueba/servidor_minecraft/config/betterdeserttemples-forge-1_20.toml
[04Apr2025 19:49:08.586] [main/DEBUG] [net.minecraftforge.fml.config.ConfigFileTypeHandler/CONFIG]: Loaded TOML config file /workspaces/ServerPrueba/servidor_minecraft/config/betterdeserttemples-forge-1_20.toml
[04Apr2025 19:49:08.589] [main/DEBUG] [net.minecraftforge.fml.config.ConfigFileTypeHandler/CONFIG]: Watching TOML config file /workspaces/ServerPrueba/servidor_minecraft/config/betterdeserttemples-forge-1_20.toml for changes
[04Apr2025 19:49:08.591] [Thread-1/DEBUG] [net.minecraftforge.fml.config.ConfigFileTypeHandler/CONFIG]: Config file betterdeserttemples-forge-1_20.toml changed, sending notifies
[04Apr2025 19:49:08.592] [main/DEBUG] [net.minecraftforge.fml.config.ConfigFileTypeHandler/CONFIG]: Built TOML config for /workspaces/ServerPrueba/servidor_minecraft/config/balm-common.toml
[04Apr2025 19:49:08.592] [main/DEBUG] [net.minecraftforge.fml.config.ConfigFileTypeHandler/CONFIG]: Loaded TOML config file /workspaces/ServerPrueba/servidor_minecraft/config/balm-common.toml
[04Apr2025 19:49:08.592] [Thread-1/DEBUG] [net.minecraftforge.fml.config.ConfigFileTypeHandler/CONFIG]: Config file betterdeserttemples-forge-1_20.toml changed, sending notifies
[04Apr2025 19:49:08.592] [main/DEBUG] [net.minecraftforge.fml.config.ConfigFileTypeHandler/CONFIG]: Watching TOML config file /workspaces/ServerPrueba/servidor_minecraft/config/balm-common.toml for changes
[04Apr2025 19:49:08.593] [main/DEBUG] [net.minecraftforge.fml.config.ConfigFileTypeHandler/CONFIG]: Built TOML config for /workspaces/ServerPrueba/servidor_minecraft/config/blueprint-common.toml
[04Apr2025 19:49:08.593] [Thread-1/DEBUG] [net.minecraftforge.fml.config.ConfigFileTypeHandler/CONFIG]: Config file balm-common.toml changed, sending notifies
[04Apr2025 19:49:08.594] [main/DEBUG] [net.minecraftforge.fml.config.ConfigFileTypeHandler/CONFIG]: Loaded TOML config file /workspaces/ServerPrueba/servidor_minecraft/config/blueprint-common.toml
[04Apr2025 19:49:08.594] [main/DEBUG] [net.minecraftforge.fml.config.ConfigFileTypeHandler/CONFIG]: Watching TOML config file /workspaces/ServerPrueba/servidor_minecraft/config/blueprint-common.toml for changes
[04Apr2025 19:49:08.594] [main/DEBUG] [net.minecraftforge.fml.config.ConfigFileTypeHandler/CONFIG]: Built TOML config for /workspaces/ServerPrueba/servidor_minecraft/config/betterfortresses-forge-1_20.toml
[04Apr2025 19:49:08.594] [main/DEBUG] [net.minecraftforge.fml.config.ConfigFileTypeHandler/CONFIG]: Loaded TOML config file /workspaces/ServerPrueba/servidor_minecraft/config/betterfortresses-forge-1_20.toml
[04Apr2025 19:49:08.595] [main/DEBUG] [net.minecraftforge.fml.config.ConfigFileTypeHandler/CONFIG]: Watching TOML config file /workspaces/ServerPrueba/servidor_minecraft/config/betterfortresses-forge-1_20.toml for changes
[04Apr2025 19:49:08.595] [Thread-1/DEBUG] [net.minecraftforge.fml.config.ConfigFileTypeHandler/CONFIG]: Config file balm-common.toml changed, sending notifies
[04Apr2025 19:49:08.595] [main/DEBUG] [net.minecraftforge.fml.config.ConfigFileTypeHandler/CONFIG]: Built TOML config for /workspaces/ServerPrueba/servidor_minecraft/config/structure_gel-common.toml
[04Apr2025 19:49:08.595] [main/DEBUG] [net.minecraftforge.fml.config.ConfigFileTypeHandler/CONFIG]: Loaded TOML config file /workspaces/ServerPrueba/servidor_minecraft/config/structure_gel-common.toml
[04Apr2025 19:49:08.596] [main/DEBUG] [net.minecraftforge.fml.config.ConfigFileTypeHandler/CONFIG]: Watching TOML config file /workspaces/ServerPrueba/servidor_minecraft/config/structure_gel-common.toml for changes
[04Apr2025 19:49:08.596] [Thread-1/DEBUG] [net.minecraftforge.fml.config.ConfigFileTypeHandler/CONFIG]: Config file structure_gel-common.toml changed, sending notifies
[04Apr2025 19:49:08.596] [main/DEBUG] [net.minecraftforge.fml.config.ConfigFileTypeHandler/CONFIG]: Built TOML config for /workspaces/ServerPrueba/servidor_minecraft/config/twilightforest-common.toml
[04Apr2025 19:49:08.596] [Thread-1/DEBUG] [net.minecraftforge.fml.config.ConfigFileTypeHandler/CONFIG]: Config file structure_gel-common.toml changed, sending notifies
[04Apr2025 19:49:08.597] [main/DEBUG] [net.minecraftforge.fml.config.ConfigFileTypeHandler/CONFIG]: Loaded TOML config file /workspaces/ServerPrueba/servidor_minecraft/config/twilightforest-common.toml
[04Apr2025 19:49:08.597] [main/DEBUG] [net.minecraftforge.fml.config.ConfigFileTypeHandler/CONFIG]: Watching TOML config file /workspaces/ServerPrueba/servidor_minecraft/config/twilightforest-common.toml for changes
[04Apr2025 19:49:08.598] [Thread-1/DEBUG] [net.minecraftforge.fml.config.ConfigFileTypeHandler/CONFIG]: Config file twilightforest-common.toml changed, sending notifies
[04Apr2025 19:49:08.609] [main/DEBUG] [net.minecraftforge.fml.config.ConfigFileTypeHandler/CONFIG]: Built TOML config for /workspaces/ServerPrueba/servidor_minecraft/config/farmersdelight-common.toml
[04Apr2025 19:49:08.611] [Thread-1/DEBUG] [net.minecraftforge.fml.config.ConfigFileTypeHandler/CONFIG]: Config file twilightforest-common.toml changed, sending notifies
[04Apr2025 19:49:08.611] [main/DEBUG] [net.minecraftforge.fml.config.ConfigFileTypeHandler/CONFIG]: Loaded TOML config file /workspaces/ServerPrueba/servidor_minecraft/config/farmersdelight-common.toml
[04Apr2025 19:49:08.612] [main/DEBUG] [net.minecraftforge.fml.config.ConfigFileTypeHandler/CONFIG]: Watching TOML config file /workspaces/ServerPrueba/servidor_minecraft/config/farmersdelight-common.toml for changes
[04Apr2025 19:49:08.616] [main/DEBUG] [net.minecraftforge.fml.config.ConfigFileTypeHandler/CONFIG]: Built TOML config for /workspaces/ServerPrueba/servidor_minecraft/config/regions_unexplored/ru-common.toml
[04Apr2025 19:49:08.616] [main/DEBUG] [net.minecraftforge.fml.config.ConfigFileTypeHandler/CONFIG]: Loaded TOML config file /workspaces/ServerPrueba/servidor_minecraft/config/regions_unexplored/ru-common.toml
[04Apr2025 19:49:08.617] [main/DEBUG] [net.minecraftforge.fml.config.ConfigFileTypeHandler/CONFIG]: Watching TOML config file /workspaces/ServerPrueba/servidor_minecraft/config/regions_unexplored/ru-common.toml for changes
[04Apr2025 19:49:08.618] [Thread-1/DEBUG] [net.minecraftforge.fml.config.ConfigFileTypeHandler/CONFIG]: Config file regions_unexplored/ru-common.toml changed, sending notifies
[04Apr2025 19:49:08.618] [main/DEBUG] [net.minecraftforge.fml.config.ConfigFileTypeHandler/CONFIG]: Built TOML config for /workspaces/ServerPrueba/servidor_minecraft/config/regions_unexplored/ru-primary-region.toml
[04Apr2025 19:49:08.619] [main/DEBUG] [net.minecraftforge.fml.config.ConfigFileTypeHandler/CONFIG]: Loaded TOML config file /workspaces/ServerPrueba/servidor_minecraft/config/regions_unexplored/ru-primary-region.toml
[04Apr2025 19:49:08.620] [Thread-1/DEBUG] [net.minecraftforge.fml.config.ConfigFileTypeHandler/CONFIG]: Config file regions_unexplored/ru-common.toml changed, sending notifies
[04Apr2025 19:49:08.620] [main/DEBUG] [net.minecraftforge.fml.config.ConfigFileTypeHandler/CONFIG]: Watching TOML config file /workspaces/ServerPrueba/servidor_minecraft/config/regions_unexplored/ru-primary-region.toml for changes
[04Apr2025 19:49:08.622] [Thread-1/DEBUG] [net.minecraftforge.fml.config.ConfigFileTypeHandler/CONFIG]: Config file regions_unexplored/ru-primary-region.toml changed, sending notifies
[04Apr2025 19:49:08.622] [main/DEBUG] [net.minecraftforge.fml.config.ConfigFileTypeHandler/CONFIG]: Built TOML config for /workspaces/ServerPrueba/servidor_minecraft/config/regions_unexplored/ru-secondary-region.toml
[04Apr2025 19:49:08.623] [Thread-1/DEBUG] [net.minecraftforge.fml.config.ConfigFileTypeHandler/CONFIG]: Config file regions_unexplored/ru-primary-region.toml changed, sending notifies
[04Apr2025 19:49:08.624] [main/DEBUG] [net.minecraftforge.fml.config.ConfigFileTypeHandler/CONFIG]: Loaded TOML config file /workspaces/ServerPrueba/servidor_minecraft/config/regions_unexplored/ru-secondary-region.toml
[04Apr2025 19:49:08.624] [main/DEBUG] [net.minecraftforge.fml.config.ConfigFileTypeHandler/CONFIG]: Watching TOML config file /workspaces/ServerPrueba/servidor_minecraft/config/regions_unexplored/ru-secondary-region.toml for changes
[04Apr2025 19:49:08.625] [Thread-1/DEBUG] [net.minecraftforge.fml.config.ConfigFileTypeHandler/CONFIG]: Config file regions_unexplored/ru-primary-region.toml changed, sending notifies
[04Apr2025 19:49:08.626] [Thread-1/DEBUG] [net.minecraftforge.fml.config.ConfigFileTypeHandler/CONFIG]: Config file regions_unexplored/ru-secondary-region.toml changed, sending notifies
[04Apr2025 19:49:08.626] [main/DEBUG] [net.minecraftforge.fml.config.ConfigFileTypeHandler/CONFIG]: Built TOML config for /workspaces/ServerPrueba/servidor_minecraft/config/aeroblender-common.toml
[04Apr2025 19:49:08.627] [main/DEBUG] [net.minecraftforge.fml.config.ConfigFileTypeHandler/CONFIG]: Loaded TOML config file /workspaces/ServerPrueba/servidor_minecraft/config/aeroblender-common.toml
[04Apr2025 19:49:08.627] [main/DEBUG] [net.minecraftforge.fml.config.ConfigFileTypeHandler/CONFIG]: Watching TOML config file /workspaces/ServerPrueba/servidor_minecraft/config/aeroblender-common.toml for changes
[04Apr2025 19:49:08.627] [main/DEBUG] [net.minecraftforge.fml.config.ConfigFileTypeHandler/CONFIG]: Built TOML config for /workspaces/ServerPrueba/servidor_minecraft/config/betterstrongholds-forge-1_20.toml
[04Apr2025 19:49:08.628] [main/DEBUG] [net.minecraftforge.fml.config.ConfigFileTypeHandler/CONFIG]: Loaded TOML config file /workspaces/ServerPrueba/servidor_minecraft/config/betterstrongholds-forge-1_20.toml
[04Apr2025 19:49:08.628] [main/DEBUG] [net.minecraftforge.fml.config.ConfigFileTypeHandler/CONFIG]: Watching TOML config file /workspaces/ServerPrueba/servidor_minecraft/config/betterstrongholds-forge-1_20.toml for changes
[04Apr2025 19:49:08.630] [main/DEBUG] [net.minecraftforge.fml.config.ConfigFileTypeHandler/CONFIG]: Built TOML config for /workspaces/ServerPrueba/servidor_minecraft/config/tombstone-common.toml
[04Apr2025 19:49:08.632] [Thread-1/DEBUG] [net.minecraftforge.fml.config.ConfigFileTypeHandler/CONFIG]: Config file regions_unexplored/ru-secondary-region.toml changed, sending notifies
[04Apr2025 19:49:08.632] [Thread-1/DEBUG] [net.minecraftforge.fml.config.ConfigFileTypeHandler/CONFIG]: Config file betterstrongholds-forge-1_20.toml changed, sending notifies
[04Apr2025 19:49:08.633] [main/DEBUG] [net.minecraftforge.fml.config.ConfigFileTypeHandler/CONFIG]: Loaded TOML config file /workspaces/ServerPrueba/servidor_minecraft/config/tombstone-common.toml
[04Apr2025 19:49:08.634] [main/DEBUG] [net.minecraftforge.fml.config.ConfigFileTypeHandler/CONFIG]: Watching TOML config file /workspaces/ServerPrueba/servidor_minecraft/config/tombstone-common.toml for changes
[04Apr2025 19:49:08.635] [Thread-1/DEBUG] [net.minecraftforge.fml.config.ConfigFileTypeHandler/CONFIG]: Config file tombstone-common.toml changed, sending notifies
[04Apr2025 19:49:08.635] [main/DEBUG] [net.minecraftforge.fml.config.ConfigFileTypeHandler/CONFIG]: Built TOML config for /workspaces/ServerPrueba/servidor_minecraft/config/deeperdarker-common.toml
[04Apr2025 19:49:08.636] [main/DEBUG] [net.minecraftforge.fml.config.ConfigFileTypeHandler/CONFIG]: Loaded TOML config file /workspaces/ServerPrueba/servidor_minecraft/config/deeperdarker-common.toml
[04Apr2025 19:49:08.636] [main/DEBUG] [net.minecraftforge.fml.config.ConfigFileTypeHandler/CONFIG]: Watching TOML config file /workspaces/ServerPrueba/servidor_minecraft/config/deeperdarker-common.toml for changes
[04Apr2025 19:49:08.636] [main/DEBUG] [net.minecraftforge.fml.config.ConfigFileTypeHandler/CONFIG]: Built TOML config for /workspaces/ServerPrueba/servidor_minecraft/config/betterendisland-forge-1_20.toml
[04Apr2025 19:49:08.636] [main/DEBUG] [net.minecraftforge.fml.config.ConfigFileTypeHandler/CONFIG]: Loaded TOML config file /workspaces/ServerPrueba/servidor_minecraft/config/betterendisland-forge-1_20.toml
[04Apr2025 19:49:08.637] [main/DEBUG] [net.minecraftforge.fml.config.ConfigFileTypeHandler/CONFIG]: Watching TOML config file /workspaces/ServerPrueba/servidor_minecraft/config/betterendisland-forge-1_20.toml for changes
[04Apr2025 19:49:08.637] [Thread-1/DEBUG] [net.minecraftforge.fml.config.ConfigFileTypeHandler/CONFIG]: Config file tombstone-common.toml changed, sending notifies
[04Apr2025 19:49:08.637] [main/DEBUG] [net.minecraftforge.fml.config.ConfigFileTypeHandler/CONFIG]: Built TOML config for /workspaces/ServerPrueba/servidor_minecraft/config/the_bumblezone/general.toml
[04Apr2025 19:49:08.639] [main/DEBUG] [net.minecraftforge.fml.config.ConfigFileTypeHandler/CONFIG]: Loaded TOML config file /workspaces/ServerPrueba/servidor_minecraft/config/the_bumblezone/general.toml
[04Apr2025 19:49:08.639] [Thread-1/DEBUG] [net.minecraftforge.fml.config.ConfigFileTypeHandler/CONFIG]: Config file tombstone-common.toml changed, sending notifies
[04Apr2025 19:49:08.639] [main/DEBUG] [net.minecraftforge.fml.config.ConfigFileTypeHandler/CONFIG]: Watching TOML config file /workspaces/ServerPrueba/servidor_minecraft/config/the_bumblezone/general.toml for changes
[04Apr2025 19:49:08.642] [main/DEBUG] [net.minecraftforge.fml.config.ConfigFileTypeHandler/CONFIG]: Built TOML config for /workspaces/ServerPrueba/servidor_minecraft/config/the_bumblezone/worldgen.toml
[04Apr2025 19:49:08.642] [main/DEBUG] [net.minecraftforge.fml.config.ConfigFileTypeHandler/CONFIG]: Loaded TOML config file /workspaces/ServerPrueba/servidor_minecraft/config/the_bumblezone/worldgen.toml
[04Apr2025 19:49:08.642] [main/DEBUG] [net.minecraftforge.fml.config.ConfigFileTypeHandler/CONFIG]: Watching TOML config file /workspaces/ServerPrueba/servidor_minecraft/config/the_bumblezone/worldgen.toml for changes
[04Apr2025 19:49:08.643] [main/DEBUG] [net.minecraftforge.fml.config.ConfigFileTypeHandler/CONFIG]: Built TOML config for /workspaces/ServerPrueba/servidor_minecraft/config/the_bumblezone/dimension.toml
[04Apr2025 19:49:08.644] [main/DEBUG] [net.minecraftforge.fml.config.ConfigFileTypeHandler/CONFIG]: Loaded TOML config file /workspaces/ServerPrueba/servidor_minecraft/config/the_bumblezone/dimension.toml
[04Apr2025 19:49:08.644] [main/DEBUG] [net.minecraftforge.fml.config.ConfigFileTypeHandler/CONFIG]: Watching TOML config file /workspaces/ServerPrueba/servidor_minecraft/config/the_bumblezone/dimension.toml for changes
[04Apr2025 19:49:08.645] [main/DEBUG] [net.minecraftforge.fml.config.ConfigFileTypeHandler/CONFIG]: Built TOML config for /workspaces/ServerPrueba/servidor_minecraft/config/the_bumblezone/bee_aggression.toml
[04Apr2025 19:49:08.645] [main/DEBUG] [net.minecraftforge.fml.config.ConfigFileTypeHandler/CONFIG]: Loaded TOML config file /workspaces/ServerPrueba/servidor_minecraft/config/the_bumblezone/bee_aggression.toml
[04Apr2025 19:49:08.645] [main/DEBUG] [net.minecraftforge.fml.config.ConfigFileTypeHandler/CONFIG]: Watching TOML config file /workspaces/ServerPrueba/servidor_minecraft/config/the_bumblezone/bee_aggression.toml for changes
[04Apr2025 19:49:08.646] [main/DEBUG] [net.minecraftforge.fml.config.ConfigFileTypeHandler/CONFIG]: Built TOML config for /workspaces/ServerPrueba/servidor_minecraft/config/the_bumblezone/mod_compatibility.toml
[04Apr2025 19:49:08.647] [main/DEBUG] [net.minecraftforge.fml.config.ConfigFileTypeHandler/CONFIG]: Loaded TOML config file /workspaces/ServerPrueba/servidor_minecraft/config/the_bumblezone/mod_compatibility.toml
[04Apr2025 19:49:08.647] [main/DEBUG] [net.minecraftforge.fml.config.ConfigFileTypeHandler/CONFIG]: Watching TOML config file /workspaces/ServerPrueba/servidor_minecraft/config/the_bumblezone/mod_compatibility.toml for changes
[04Apr2025 19:49:08.650] [main/DEBUG] [net.minecraftforge.fml.config.ConfigFileTypeHandler/CONFIG]: Built TOML config for /workspaces/ServerPrueba/servidor_minecraft/config/undergarden-common.toml
[04Apr2025 19:49:08.652] [main/DEBUG] [net.minecraftforge.fml.config.ConfigFileTypeHandler/CONFIG]: Loaded TOML config file /workspaces/ServerPrueba/servidor_minecraft/config/undergarden-common.toml
[04Apr2025 19:49:08.652] [main/DEBUG] [net.minecraftforge.fml.config.ConfigFileTypeHandler/CONFIG]: Watching TOML config file /workspaces/ServerPrueba/servidor_minecraft/config/undergarden-common.toml for changes
[04Apr2025 19:49:08.653] [Thread-1/DEBUG] [net.minecraftforge.fml.config.ConfigFileTypeHandler/CONFIG]: Config file undergarden-common.toml changed, sending notifies
[04Apr2025 19:49:08.653] [main/DEBUG] [net.minecraftforge.fml.config.ConfigFileTypeHandler/CONFIG]: Built TOML config for /workspaces/ServerPrueba/servidor_minecraft/config/toms_storage-common.toml
[04Apr2025 19:49:08.653] [Thread-1/DEBUG] [net.minecraftforge.fml.config.ConfigFileTypeHandler/CONFIG]: Config file undergarden-common.toml changed, sending notifies
[04Apr2025 19:49:08.653] [main/DEBUG] [net.minecraftforge.fml.config.ConfigFileTypeHandler/CONFIG]: Loaded TOML config file /workspaces/ServerPrueba/servidor_minecraft/config/toms_storage-common.toml
[04Apr2025 19:49:08.653] [main/DEBUG] [net.minecraftforge.fml.config.ConfigFileTypeHandler/CONFIG]: Watching TOML config file /workspaces/ServerPrueba/servidor_minecraft/config/toms_storage-common.toml for changes
[04Apr2025 19:49:08.654] [main/INFO] [com.tom.storagemod.StorageMod/]: Loaded Tom's Simple Storage config file toms_storage-common.toml
[04Apr2025 19:49:08.656] [Thread-1/DEBUG] [net.minecraftforge.fml.config.ConfigFileTypeHandler/CONFIG]: Config file toms_storage-common.toml changed, sending notifies
[04Apr2025 19:49:08.656] [main/DEBUG] [net.minecraftforge.fml.config.ConfigFileTypeHandler/CONFIG]: Built TOML config for /workspaces/ServerPrueba/servidor_minecraft/config/bettermineshafts-forge-1_20.toml
[04Apr2025 19:49:08.656] [Thread-1/INFO] [com.tom.storagemod.StorageMod/]: Tom's Simple Storage config just got changed on the file system!
[04Apr2025 19:49:08.656] [Thread-1/DEBUG] [net.minecraftforge.fml.config.ConfigFileTypeHandler/CONFIG]: Config file toms_storage-common.toml changed, sending notifies
[04Apr2025 19:49:08.656] [Thread-1/INFO] [com.tom.storagemod.StorageMod/]: Tom's Simple Storage config just got changed on the file system!
[04Apr2025 19:49:08.657] [main/DEBUG] [net.minecraftforge.fml.config.ConfigFileTypeHandler/CONFIG]: Loaded TOML config file /workspaces/ServerPrueba/servidor_minecraft/config/bettermineshafts-forge-1_20.toml
[04Apr2025 19:49:08.657] [main/DEBUG] [net.minecraftforge.fml.config.ConfigFileTypeHandler/CONFIG]: Watching TOML config file /workspaces/ServerPrueba/servidor_minecraft/config/bettermineshafts-forge-1_20.toml for changes
[04Apr2025 19:49:08.657] [Thread-1/DEBUG] [net.minecraftforge.fml.config.ConfigFileTypeHandler/CONFIG]: Config file bettermineshafts-forge-1_20.toml changed, sending notifies
[04Apr2025 19:49:08.658] [main/DEBUG] [net.minecraftforge.fml.config.ConfigFileTypeHandler/CONFIG]: Built TOML config for /workspaces/ServerPrueba/servidor_minecraft/config/betterjungletemples-forge-1_20.toml
[04Apr2025 19:49:08.658] [main/DEBUG] [net.minecraftforge.fml.config.ConfigFileTypeHandler/CONFIG]: Loaded TOML config file /workspaces/ServerPrueba/servidor_minecraft/config/betterjungletemples-forge-1_20.toml
[04Apr2025 19:49:08.659] [Thread-1/DEBUG] [net.minecraftforge.fml.config.ConfigFileTypeHandler/CONFIG]: Config file bettermineshafts-forge-1_20.toml changed, sending notifies
[04Apr2025 19:49:08.658] [main/DEBUG] [net.minecraftforge.fml.config.ConfigFileTypeHandler/CONFIG]: Watching TOML config file /workspaces/ServerPrueba/servidor_minecraft/config/betterjungletemples-forge-1_20.toml for changes
[04Apr2025 19:49:08.659] [main/DEBUG] [net.minecraftforge.fml.config.ConfigFileTypeHandler/CONFIG]: Built TOML config for /workspaces/ServerPrueba/servidor_minecraft/config/deep_aether-common.toml
[04Apr2025 19:49:08.660] [main/DEBUG] [net.minecraftforge.fml.config.ConfigFileTypeHandler/CONFIG]: Loaded TOML config file /workspaces/ServerPrueba/servidor_minecraft/config/deep_aether-common.toml
[04Apr2025 19:49:08.660] [main/DEBUG] [net.minecraftforge.fml.config.ConfigFileTypeHandler/CONFIG]: Watching TOML config file /workspaces/ServerPrueba/servidor_minecraft/config/deep_aether-common.toml for changes
[04Apr2025 19:49:08.660] [Thread-1/DEBUG] [net.minecraftforge.fml.config.ConfigFileTypeHandler/CONFIG]: Config file deep_aether-common.toml changed, sending notifies
[04Apr2025 19:49:08.661] [Thread-1/DEBUG] [net.minecraftforge.fml.config.ConfigFileTypeHandler/CONFIG]: Config file deep_aether-common.toml changed, sending notifies
[04Apr2025 19:49:08.780] [modloading-worker-0/DEBUG] [mixin/]: Mixing common.accessor.StoredUserListAccessor from aether.mixins.json into net.minecraft.server.players.StoredUserList
[04Apr2025 19:49:08.879] [modloading-worker-0/INFO] [voicechat/]: [voicechat] Compatibility version 18
[04Apr2025 19:49:08.946] [modloading-worker-0/DEBUG] [mixin/]: Mixing MixinSlotAttribute from curios.mixins.json into top.theillusivec4.curios.api.SlotAttribute
[04Apr2025 19:49:08.949] [modloading-worker-0/DEBUG] [mixin/]: Mixing MixinCuriosApi from curios.mixins.json into top.theillusivec4.curios.api.CuriosApi
[04Apr2025 19:49:08.977] [Forge Version Check/INFO] [net.minecraftforge.fml.VersionChecker/]: [blue_skies] Starting version check at http://changelogs.moddinglegacy.com/blue-skies.json
[04Apr2025 19:49:09.004] [modloading-worker-0/DEBUG] [patchouli/]: Instantiating xplat impl: vazkii.patchouli.forge.xplat.ForgeXplatImpl
[04Apr2025 19:49:09.034] [modloading-worker-0/DEBUG] [com.cerbon.cerbons_api.util.Constants/]: Registering packet cerbons_api:packets : class com.cerbon.cerbons_api.packet.custom.MultipartEntityInteractionC2SPacket on the: SERVER
[04Apr2025 19:49:09.055] [modloading-worker-0/INFO] [com.tom.storagemod.StorageMod/]: Tom's Storage Setup starting
[04Apr2025 19:49:09.064] [modloading-worker-0/INFO] [com.tom.storagemod.StorageMod/]: Initilaized Network Handler
[04Apr2025 19:49:09.077] [modloading-worker-0/INFO] [voicechat/]: [voicechat] Loading plugins
[04Apr2025 19:49:09.097] [modloading-worker-0/INFO] [voicechat/]: [voicechat] Loaded 0 plugin(s)
[04Apr2025 19:49:09.097] [modloading-worker-0/INFO] [voicechat/]: [voicechat] Initializing plugins
[04Apr2025 19:49:09.097] [modloading-worker-0/INFO] [voicechat/]: [voicechat] Initialized 0 plugin(s)
[04Apr2025 19:49:09.131] [main/DEBUG] [net.minecraftforge.fml.DeferredWorkQueue/LOADING]: Dispatching synchronous work for work queue COMMON_SETUP: 43 jobs
[04Apr2025 19:49:09.151] [main/DEBUG] [mixin/]: Mixing RegionTypeMixin from aeroblender.mixins.json into terrablender.api.RegionType
[04Apr2025 19:49:09.151] [main/DEBUG] [mixin/]: Renaming @Invoker method newVariant(Ljava/lang/String;I)Lterrablender/api/RegionType; to newVariant_$md$f2554f$0 in aeroblender.mixins.json:RegionTypeMixin
[04Apr2025 19:49:09.155] [main/DEBUG] [mixin/]: Mixing RegionMixin from aeroblender.mixins.json into terrablender.api.Regions
[04Apr2025 19:49:09.161] [main/INFO] [terrablender/]: Registered region minecraft:overworld to index 0 for type OVERWORLD
[04Apr2025 19:49:09.161] [main/INFO] [terrablender/]: Registered region minecraft:nether to index 0 for type NETHER
[04Apr2025 19:49:09.162] [main/INFO] [terrablender/]: Registered region aether:the_aether to index 0 for type THE_AETHER
[04Apr2025 19:49:09.162] [main/INFO] [terrablender/]: Registered region yungscavebiomes:overworld to index 1 for type OVERWORLD
[04Apr2025 19:49:09.216] [main/INFO] [terrablender/]: Registered region regions_unexplored:primary to index 2 for type OVERWORLD
[04Apr2025 19:49:09.216] [main/INFO] [terrablender/]: Registered region regions_unexplored:secondary to index 3 for type OVERWORLD
[04Apr2025 19:49:09.217] [main/INFO] [terrablender/]: Registered region regions_unexplored:nether to index 1 for type NETHER
[04Apr2025 19:49:09.222] [main/DEBUG] [mixin/]: Mixing NoisesMixin from tectonic.mixins.json into net.minecraft.world.level.levelgen.Noises
[04Apr2025 19:49:09.224] [main/DEBUG] [mixin/]: Mixing SurfaceRuleManagerAccessor from aeroblender.mixins.json into terrablender.api.SurfaceRuleManager
[04Apr2025 19:49:09.225] [main/DEBUG] [mixin/]: Renaming @Accessor method getSurfaceRules()Ljava/util/Map; to getSurfaceRules_$md$f2554f$0 in aeroblender.mixins.json:SurfaceRuleManagerAccessor
[04Apr2025 19:49:09.225] [main/DEBUG] [mixin/]: Renaming @Accessor method getDefaultSurfaceRules()Ljava/util/Map; to getDefaultSurfaceRules_$md$f2554f$1 in aeroblender.mixins.json:SurfaceRuleManagerAccessor
[04Apr2025 19:49:09.225] [main/DEBUG] [mixin/]: Mixing SurfaceRuleManagerMixin from aeroblender.mixins.json into terrablender.api.SurfaceRuleManager
[04Apr2025 19:49:09.273] [main/INFO] [terrablender/]: Registered region deep_aether:deep_aether to index 1 for type THE_AETHER
[04Apr2025 19:49:09.273] [main/INFO] [terrablender/]: Registered region deep_aether:rare to index 2 for type THE_AETHER
[04Apr2025 19:49:09.292] [main/DEBUG] [net.minecraftforge.fml.DeferredWorkQueue/LOADING]: Synchronous work queue completed in 159.5 ms
[04Apr2025 19:49:09.295] [modloading-worker-0/INFO] [xaero.map.server.WorldMapServer/]: Loading Xaero's World Map - Stage 1/2 (Server)
[04Apr2025 19:49:09.298] [modloading-worker-0/INFO] [xaero.minimap.XaeroMinimap/]: Loading Xaero's Minimap - Stage 1/2 (Server)
[04Apr2025 19:49:09.302] [modloading-worker-0/DEBUG] [com.hexagram2021.mod_whitelist.common.utils.MWLogger/]: Loading json config file.
[04Apr2025 19:49:09.305] [modloading-worker-0/DEBUG] [com.hexagram2021.mod_whitelist.common.utils.MWLogger/]: Saving json config file.
[04Apr2025 19:49:09.307] [modloading-worker-0/INFO] [com.hexagram2021.mod_whitelist.common.utils.MWLogger/]: Mod Whitelist v1.1.0 is protecting your server!
[04Apr2025 19:49:09.307] [main/DEBUG] [net.minecraftforge.fml.DeferredWorkQueue/LOADING]: Dispatching synchronous work for work queue SIDED_SETUP: 2 jobs
[04Apr2025 19:49:09.307] [main/INFO] [xaero.map.server.WorldMapServer/]: Loading Xaero's World Map - Stage 2/2 (Server)
[04Apr2025 19:49:09.308] [main/INFO] [xaero.minimap.XaeroMinimap/]: Loading Xaero's Minimap - Stage 2/2 (Server)
[04Apr2025 19:49:09.308] [main/DEBUG] [net.minecraftforge.fml.DeferredWorkQueue/LOADING]: Synchronous work queue completed in 444.2 μs
[04Apr2025 19:49:09.422] [modloading-worker-0/INFO] [mcp.mobius.waila.plugin.PluginLoader/]: [WTHIT] Initializing plugin waystones:plugin at net.blay09.mods.waystones.compat.WTHITIntegration
[04Apr2025 19:49:09.429] [modloading-worker-0/INFO] [mcp.mobius.waila.plugin.PluginLoader/]: [WTHIT] Initializing common plugin waila:core at mcp.mobius.waila.plugin.core.CoreCommonPlugin
[04Apr2025 19:49:09.451] [modloading-worker-0/INFO] [mcp.mobius.waila.plugin.PluginLoader/]: [WTHIT] Initializing common plugin waila:vanilla at mcp.mobius.waila.plugin.vanilla.VanillaCommonPlugin
[04Apr2025 19:49:09.476] [modloading-worker-0/INFO] [mcp.mobius.waila.plugin.PluginLoader/]: [WTHIT] Initializing common plugin waila:harvest at mcp.mobius.waila.plugin.harvest.HarvestCommonPlugin
[04Apr2025 19:49:09.478] [modloading-worker-0/INFO] [mcp.mobius.waila.plugin.PluginLoader/]: [WTHIT] Initializing common plugin waila:forge at mcp.mobius.waila.plugin.forge.ForgeCommonPlugin
[04Apr2025 19:49:09.480] [modloading-worker-0/INFO] [mcp.mobius.waila.plugin.PluginLoader/]: [WTHIT] Initializing common plugin waila:extra at mcp.mobius.waila.plugin.extra.ExtraPlugin
[04Apr2025 19:49:09.544] [modloading-worker-0/INFO] [mcp.mobius.waila.config.PluginConfig/]: [WTHIT] Plugin config reloaded
[04Apr2025 19:49:09.561] [main/DEBUG] [net.minecraftforge.fml.DeferredWorkQueue/LOADING]: Dispatching synchronous work for work queue COMPLETE: 1 jobs
[04Apr2025 19:49:09.564] [main/DEBUG] [net.minecraftforge.fml.DeferredWorkQueue/LOADING]: Synchronous work queue completed in 2.085 ms
[04Apr2025 19:49:09.670] [main/DEBUG] [mixin/]: Mixing BlockStateCacheMixin from ferritecore.blockstatecache.mixin.json into net.minecraft.world.level.block.state.BlockBehaviour$BlockStateBase$Cache
[04Apr2025 19:49:09.678] [main/DEBUG] [mixin/]: Mixing entities.EntityCollisionContextAccessor from the_bumblezone-common.mixins.json into net.minecraft.world.phys.shapes.EntityCollisionContext
[04Apr2025 19:49:09.847] [Forge Version Check/DEBUG] [net.minecraftforge.fml.VersionChecker/]: [blue_skies] Received version check data:
{
  "homepage": "https://www.curseforge.com/minecraft/mc-mods/blue-skies",
  "promos": {
    "1.19.4-recommended": "1.3.25",
    "1.19.4-latest": "1.3.25",
    "1.19.3-recommended": "1.3.22",
    "1.19.3-latest": "1.3.22",
    "1.19.2-recommended": "1.3.20",
    "1.19.2-latest": "1.3.20",
    "1.19.1-recommended": "1.3.19",
    "1.19.1-latest": "1.3.19",
    "1.19.0-recommended": "1.3.18",
    "1.19.0-latest": "1.3.18",
    "1.18.2-recommended": "1.3.12",
    "1.18.2-latest": "1.3.12",
    "1.18.1-recommended": "1.3.4",
    "1.18.1-latest": "1.3.4",
    "1.17.1-recommended": "1.2.1",
    "1.17.1-latest": "1.2.1",
    "1.16.5-recommended": "1.1.3",
    "1.16.5-latest": "1.1.3",
    "1.14.4-recommended": "1.0.0",
    "1.14.4-latest": "1.0.0",
    "1.12.2-recommended": "1.1.3",
    "1.12.2-latest": "1.1.3"
  },
  "1.19.4": {
    "1.3.25": "- Fixed signs having missing textures\n- Snowcap pinheads and baneful mushrooms are tagged as mushrooms\n- Updated translations",
    "1.3.24": "- Updated to account for recent Forge breaking changes",
    "1.3.23": "- Initial 1.19.4 port\n- Improved Arachnarch spitting accuracy\n- Fixed an exploit with the Starlit Crusher\u0027s AI\n- Possibly fixed the Summoner and Alchemist \"vanishing\" from the boss room in heavily modded scenarios\n\n- Possibly fixed the music system crashing in certain setups\n- Changed how attenuation functions with music\n- Fixed Arachnarch stun sound playing multiple times when paired with certain audio mods\n- Azulfos now breed using Winter Leaves"
  },
  "1.19.3": {
    "1.3.22": "- Fixed odd interaction with using the Astrolabe and shielding at the same time\n- Updated emissive items to use new Forge syntax, now requires Forge version 44.1.1",
    "1.3.21": "- Updated to 1.19.3\n- Updated several leaf textures\n- Merged all items into a single creative tab\n- Added a tooltip to arcs mentioning their ability to re-summon bosses\n- Fixed a lockup when using piercing projectiles on the Alchemist\n- Removed config options to adjust the generation settings for the Gatekeeper\u0027s house, as that is not possible anymore. Datapacks should be used instead."
  },
  "1.19.2": {
    "1.3.20": "- Updated to 1.19.2\n- Fixed the Gatekeeper\u0027s House sometimes not having proper biomes\n- Updated the config to prevent chat bugs"
  },
  "1.19.1": {
    "1.3.19": "- Ported to 1.19.1\n- Added #blue_skies:gatekeeper_houses tag for searching convenience"
  },
  "1.19.0": {
    "1.3.18": "- Fixed crash on server load",
    "1.3.17": "- Updated to support latest Forge refactor. Requires Forge 41.0.94 or higher."
  },
  "1.18.2": {
    "1.3.12": "- Fixed issues that could cause crashes on startup by moving some processes to enqueueWork.",
    "1.3.11": "- Added new biome tags\n- Any block not from Minecraft or Blue skies can be broken anywhere within a dungeon. This fixes issues where you couldn\u0027t break gravestones from some mods.\n- Renamed Shade Monitor texture files to match their respective biome tag name.\n- A possible crash when registring flamable blocks, compostable items, or dispenser behaviors.\n- Hoes till our blocks properly.\n- /locatebiome could cause a lockup if looking for a biome that doesn\u0027t exist in the Everbright or Everdawn.\n- The Summoner and Alchemist don\u0027t visually appear at the wrong location when they teleport anymore.",
    "1.3.10": "- Fixed a crash on server"
  },
  "1.18.1": {
    "1.3.4": "- Fixed spider webbing crashing the game when it has no collision.\n- Fixed an exploit with one of the villager trades.\n- The allowed spawns config option has more clear wording."
  },
  "1.17.1": {
    "1.2.1": "- Adjusted dungeon spawn rates.\n- Added a message for when attempting to spawn a boss on peaceful to make it fully clear that it won\u0027t work.\n- Fixed an issue preventing servers from closing properly.\n- Brumble blocks are now craftable.\n- Mods using FakePlayers (usually things like automation machines) should now work correctly. This includes not being able to break dungeons. This previously had incorrect logic which caused the issue."
  },
  "1.16.5": {
    "1.1.3": "- Final 1.16.5 release\n- The Nightwatcher will no longer crash the game if its workstation is broken while robbing a villager\n- Small Frostbright trees can be grown with a single sapling\n- The Mason villager profession can sell the opposite dimension\u0027s stone bricks, allowing you access to both dimensions once you have found one\n- The Gatekeeper house no longer generates in dimensions that it shouldn\u0027t, such as the Twilight Forest\n- Increased village spawnrates yet again. The spacing between them has been decreased by 1/4\n- Fixed a possible crash that could occur with the Diophyde Prowler\n- The Alchemy Table no longer takes up an extreme amount of memory with JEI, and is much easier to look at\n- Fixed a crash with Mowzie\u0027s Mobs\n- Fixed saplings not being able to grow in the Everbright or Everdawn\n- Fireflies should begin spawning on the surface instead of underground\n- Adjusted bosses to fix some issues with unintended combat mechanics\n- Fixed the food prep table crashing on startup with some mods"
  }
}
[04Apr2025 19:49:09.848] [Forge Version Check/INFO] [net.minecraftforge.fml.VersionChecker/]: [blue_skies] Found status: BETA Current: 1.3.31 Target: null
[04Apr2025 19:49:09.849] [Forge Version Check/INFO] [net.minecraftforge.fml.VersionChecker/]: [aether] Starting version check at https://github.com/The-Aether-Team/The-Aether/raw/1.20.1-develop/update.json
[04Apr2025 19:49:09.886] [main/DEBUG] [mixin/]: Mixing SubShapeAccess from ferritecore.blockstatecache.mixin.json into net.minecraft.world.phys.shapes.SubShape
[04Apr2025 19:49:10.078] [Forge Version Check/DEBUG] [net.minecraftforge.fml.VersionChecker/]: [aether] Received version check data:
{
  "homepage": "https://modrinth.com/mod/aether",
  "promos": {
    "1.19.2-recommended": "1.19.2-1.5.1-forge",
    "1.19.4-recommended": "1.19.4-1.5.1-forge",
    "1.20.1-recommended": "1.20.1-1.5.2-neoforge",
    "1.20.2-recommended": "1.20.2-1.5.1-neoforge",
    "1.20.4-recommended": "1.20.4-1.5.1-neoforge"
  }
}
[04Apr2025 19:49:10.078] [Forge Version Check/INFO] [net.minecraftforge.fml.VersionChecker/]: [aether] Found status: UP_TO_DATE Current: 1.20.1-1.5.2-neoforge Target: null
[04Apr2025 19:49:10.078] [Forge Version Check/INFO] [net.minecraftforge.fml.VersionChecker/]: [puzzlesaccessapi] Starting version check at https://raw.githubusercontent.com/Fuzss/modresources/main/update/puzzlesaccessapi.json
[04Apr2025 19:49:10.086] [Forge Version Check/DEBUG] [net.minecraftforge.fml.VersionChecker/]: [puzzlesaccessapi] Received version check data:
{
    "homepage": "https://github.com/Fuzss/puzzlesaccessapi",
    "promos": {}
}
[04Apr2025 19:49:10.086] [Forge Version Check/INFO] [net.minecraftforge.fml.VersionChecker/]: [puzzlesaccessapi] Found status: BETA Current: 20.1.1 Target: null
[04Apr2025 19:49:10.086] [Forge Version Check/INFO] [net.minecraftforge.fml.VersionChecker/]: [forge] Starting version check at https://files.minecraftforge.net/net/minecraftforge/forge/promotions_slim.json
[04Apr2025 19:49:10.285] [Forge Version Check/DEBUG] [net.minecraftforge.fml.VersionChecker/]: [forge] Received version check data:
{
  "homepage": "https://files.minecraftforge.net/net/minecraftforge/forge/",
  "promos": {
    "1.1-latest": "1.3.4.29",
    "1.2.3-latest": "1.4.1.64",
    "1.2.4-latest": "2.0.0.68",
    "1.2.5-latest": "3.4.9.171",
    "1.3.2-latest": "4.3.5.318",
    "1.4.0-latest": "5.0.0.326",
    "1.4.1-latest": "6.0.0.329",
    "1.4.2-latest": "6.0.1.355",
    "1.4.3-latest": "6.2.1.358",
    "1.4.4-latest": "6.3.0.378",
    "1.4.5-latest": "6.4.2.448",
    "1.4.6-latest": "6.5.0.489",
    "1.4.7-latest": "6.6.2.534",
    "1.5-latest": "7.7.0.598",
    "1.5.1-latest": "7.7.2.682",
    "1.5.2-latest": "7.8.1.738",
    "1.5.2-recommended": "7.8.1.738",
    "1.6.1-latest": "8.9.0.775",
    "1.6.2-latest": "9.10.1.871",
    "1.6.2-recommended": "9.10.1.871",
    "1.6.3-latest": "9.11.0.878",
    "1.6.4-latest": "9.11.1.1345",
    "1.6.4-recommended": "9.11.1.1345",
    "1.7.2-latest": "10.12.2.1161",
    "1.7.2-recommended": "10.12.2.1161",
    "1.7.10_pre4-latest": "10.12.2.1149",
    "1.7.10-latest": "10.13.4.1614",
    "1.7.10-recommended": "10.13.4.1614",
    "1.8-latest": "11.14.4.1577",
    "1.8-recommended": "11.14.4.1563",
    "1.8.8-latest": "11.15.0.1655",
    "1.8.9-latest": "11.15.1.2318",
    "1.8.9-recommended": "11.15.1.2318",
    "1.9-latest": "12.16.1.1938",
    "1.9-recommended": "12.16.1.1887",
    "1.9.4-latest": "12.17.0.2317",
    "1.9.4-recommended": "12.17.0.2317",
    "1.10-latest": "12.18.0.2000",
    "1.10.2-latest": "12.18.3.2511",
    "1.10.2-recommended": "12.18.3.2511",
    "1.11-latest": "13.19.1.2199",
    "1.11-recommended": "13.19.1.2189",
    "1.11.2-latest": "13.20.1.2588",
    "1.11.2-recommended": "13.20.1.2588",
    "1.12-latest": "14.21.1.2443",
    "1.12-recommended": "14.21.1.2387",
    "1.12.1-latest": "14.22.1.2485",
    "1.12.1-recommended": "14.22.1.2478",
    "1.12.2-latest": "14.23.5.2860",
    "1.12.2-recommended": "14.23.5.2859",
    "1.13.2-latest": "25.0.223",
    "1.14.2-latest": "26.0.63",
    "1.14.3-latest": "27.0.60",
    "1.14.4-latest": "28.2.26",
    "1.14.4-recommended": "28.2.26",
    "1.15-latest": "29.0.4",
    "1.15.1-latest": "30.0.51",
    "1.15.2-latest": "31.2.57",
    "1.15.2-recommended": "31.2.57",
    "1.16.1-latest": "32.0.108",
    "1.16.2-latest": "33.0.61",
    "1.16.3-latest": "34.1.42",
    "1.16.3-recommended": "34.1.0",
    "1.16.4-latest": "35.1.37",
    "1.16.4-recommended": "35.1.4",
    "1.16.5-latest": "36.2.42",
    "1.16.5-recommended": "36.2.34",
    "1.17.1-latest": "37.1.1",
    "1.17.1-recommended": "37.1.1",
    "1.18-latest": "38.0.17",
    "1.18.1-latest": "39.1.2",
    "1.18.1-recommended": "39.1.0",
    "1.18.2-recommended": "40.3.0",
    "1.18.2-latest": "40.3.9",
    "1.19-latest": "41.1.0",
    "1.19-recommended": "41.1.0",
    "1.19.1-latest": "42.0.9",
    "1.19.2-recommended": "43.5.0",
    "1.19.2-latest": "43.5.0",
    "1.19.3-latest": "44.1.23",
    "1.19.3-recommended": "44.1.0",
    "1.19.4-recommended": "45.4.0",
    "1.19.4-latest": "45.4.0",
    "1.20-latest": "46.0.14",
    "1.20.1-recommended": "47.4.0",
    "1.20.1-latest": "47.4.0",
    "1.20.2-latest": "48.1.0",
    "1.20.2-recommended": "48.1.0",
    "1.20.3-latest": "49.0.2",
    "1.20.4-latest": "49.2.0",
    "1.20.4-recommended": "49.2.0",
    "1.20.6-latest": "50.2.0",
    "1.20.6-recommended": "50.2.0",
    "1.21-latest": "51.0.33",
    "1.21.1-latest": "52.1.0",
    "1.21.1-recommended": "52.1.0",
    "1.21.3-latest": "53.1.0",
    "1.21.3-recommended": "53.1.0",
    "1.21.4-latest": "54.1.3",
    "1.21.4-recommended": "54.1.0",
    "1.21.5-latest": "55.0.3"
  }
}
[04Apr2025 19:49:10.286] [Forge Version Check/INFO] [net.minecraftforge.fml.VersionChecker/]: [forge] Found status: OUTDATED Current: 47.3.7 Target: 47.4.0
[04Apr2025 19:49:10.287] [Forge Version Check/INFO] [net.minecraftforge.fml.VersionChecker/]: [twilightforest] Starting version check at https://gh.tamaized.com/TeamTwilight/twilightforest/update.json
[04Apr2025 19:49:10.643] [Forge Version Check/DEBUG] [net.minecraftforge.fml.VersionChecker/]: [twilightforest] Received version check data:
{
  "homepage": "https://minecraft.curseforge.com/projects/the-twilight-forest",
  "promos": {
	"1.20.2-latest": "4.4.1977",
	"1.20.2-recommended": "4.4.1977",
	"1.20.1-latest": "4.3.1893",
	"1.20.1-recommended": "4.3.1893",
	"1.19.4-latest": "4.2.1696",
	"1.19.4-recommended": "4.2.1696",
	"1.18.2-latest": "4.1.1494",
	"1.18.2-recommended": "4.1.1494",
	"1.17.1-latest": "4.0.943",
	"1.17.1-recommended": "4.0.943",
	"1.16.5-latest": "4.0.870",
	"1.16.5-recommended": "4.0.870",
	"1.12.2-latest": "3.11.1021",
	"1.12.2-recommended": "3.11.1021",
	"1.7.10-latest": "2.4.3",
	"1.7.10-recommended": "2.4.3"
  }
}
[04Apr2025 19:49:10.643] [Forge Version Check/INFO] [net.minecraftforge.fml.VersionChecker/]: [twilightforest] Found status: AHEAD Current: 4.3.2508 Target: null
[04Apr2025 19:49:10.644] [Forge Version Check/INFO] [net.minecraftforge.fml.VersionChecker/]: [structure_gel] Starting version check at http://changelogs.moddinglegacy.com/structure-gel.json
[04Apr2025 19:49:10.854] [Forge Version Check/DEBUG] [net.minecraftforge.fml.VersionChecker/]: [structure_gel] Received version check data:
{
  "homepage": "https://www.curseforge.com/minecraft/mc-mods/structure-gel-api",
  "promos": {
    "1.19.4-recommended": "2.12.0",
    "1.19.4-latest": "2.12.0",
    "1.19.3-recommended": "2.9.0",
    "1.19.3-latest": "2.9.0",
    "1.19.2-recommended": "2.7.2",
    "1.19.2-latest": "2.7.2",
    "1.19.1-recommended": "2.7.1",
    "1.19.1-latest": "2.7.1",
    "1.18.2-recommended": "2.4.7",
    "1.18.2-latest": "2.4.7",
    "1.17.1-recommended": "2.0.1",
    "1.17.1-latest": "2.0.1",
    "1.16.5-recommended": "1.7.8",
    "1.16.5-latest": "1.7.8",
    "1.16.4-recommended": "1.7.8",
    "1.16.4-latest": "1.7.8",
    "1.15.2-recommended": "1.1.0",
    "1.15.2-latest": "1.1.0",
    "1.14.4-recommended": "1.1.0",
    "1.14.4-latest": "1.1.0"
  },
  "1.19.4": {
    "2.12.0": "Made visual improvements to the Building Tool GUI and fixed some bugs.\n\nhttps://gitlab.com/modding-legacy/structure-gel-api/-/blob/1.19.x/changelogs/1.19.4-v2.12.0.md",
    "2.11.0": "- Added an archaeology data handler mode (requires 1.20 feature flags to use).\n- Added the ability to change a structure\u0027s biomes in the config.\n\nChangelog:\nhttps://gitlab.com/modding-legacy/structure-gel-api/-/blob/1.19.x/changelogs/1.19.4-v2.11.0.md",
    "2.10.0": "Updated to 1.19.4 with many QoL changes\n\nChangelog:\nhttps://gitlab.com/modding-legacy/structure-gel-api/-/blob/1.19.x/changelogs/1.19.4-v2.10.0.md\n"
  },
  "1.19.3": {
    "2.9.0": "This update comes with _many_ changes and additions to the Building Tool, Data Handlers, and Dynamic Spawners. This will be the last feature update to 1.19.3, unless major bugs are discovered.\n\nhttps://gitlab.com/modding-legacy/structure-gel-api/-/blob/1.19.x/changelogs/1.19.3-v2.9.0.md"
  },
  "1.19.2": {
    "2.7.2": "Fixed a lockup that could occur during worldgen"
  }
}
[04Apr2025 19:49:10.854] [Forge Version Check/INFO] [net.minecraftforge.fml.VersionChecker/]: [structure_gel] Found status: BETA Current: 2.16.2 Target: null
[04Apr2025 19:49:10.854] [Forge Version Check/INFO] [net.minecraftforge.fml.VersionChecker/]: [voicechat] Starting version check at https://update.maxhenkel.de/forge/voicechat
[04Apr2025 19:49:10.994] [Forge Version Check/DEBUG] [net.minecraftforge.fml.VersionChecker/]: [voicechat] Received version check data:
{"1.21":{"1.21-2.5.20":"Added Vietnamese translation"},"1.20":{"1.20-2.4.9":"Fixed group not getting deleted when disconnecting\nFixed group in LeaveGroupEvent always null\nFixed builtin resource pack format version"},"1.18":{"1.18-2.1.17":"Updated Forge\nFixed sound physics compatibility","1.18-2.1.22":"Fixed untranslated command feedback"},"1.19":{"1.19-2.4.8":"Added audio senders to the voice chat API"},"1.20.4":{"1.20.4-2.5.22":"Updated Traditional Chinese translation\nAdded Portuguese translation\nUpdated Ukrainian translation","1.20.4-2.4.32":"Fixed compatibility with Sound Physics Remastered\nUpdated French translation"},"1.21.3":{"1.21.3-2.5.29":"Updated Turkish translation\nUpdated Brazilian Portuguese translation"},"promos":{"1.18.1-latest":"1.18.1-2.2.52","1.21.4-latest":"1.21.4-2.5.29","1.21.3-latest":"1.21.3-2.5.29","1.18.2-latest":"1.18.2-2.5.29","1.19.3-recommended":"1.19.3-2.4.11","1.20-recommended":"1.20-2.4.9","1.19.1-recommended":"1.19.1-2.4.8","1.21.5-latest":"1.21.5-2.5.29","1.21.1-latest":"1.21.1-2.5.29","1.12.2-latest":"1.12.2-2.5.29","1.19.4-recommended":"1.19.4-2.4.32","1.12.2-recommended":"1.12.2-2.4.32","1.19-latest":"1.19-2.4.8","1.17.1-recommended":"1.17.1-2.4.32","1.19.2-recommended":"1.19.2-2.4.32","1.18-latest":"1.18-2.1.22","1.20.4-recommended":"1.20.4-2.4.32","1.21-latest":"1.21-2.5.20","1.16.5-recommended":"1.16.5-2.4.32","1.16.4-recommended":"1.16.4-1.1.7","1.20.1-recommended":"1.20.1-2.4.32","1.16.3-recommended":"1.16.3-1.0.1","1.15.2-latest":"1.15.2-1.0.2","1.20.2-recommended":"1.20.2-2.4.32","1.20-latest":"1.20-2.4.9","1.18.2-recommended":"1.18.2-2.4.32","1.17.1-latest":"1.17.1-2.5.12","1.18.1-recommended":"1.18.1-2.2.52","1.20.1-latest":"1.20.1-2.5.29","1.16.3-latest":"1.16.3-1.0.1","1.20.2-latest":"1.20.2-2.5.12","1.16.4-latest":"1.16.4-1.1.7","1.19.2-latest":"1.19.2-2.5.29","1.19.4-latest":"1.19.4-2.5.12","1.19.3-latest":"1.19.3-2.4.11","1.16.5-latest":"1.16.5-2.5.29","1.19-recommended":"1.19-2.4.8","1.18-recommended":"1.18-2.1.17","1.15.2-recommended":"1.15.2-1.0.2","1.20.4-latest":"1.20.4-2.5.22","1.19.1-latest":"1.19.1-2.4.8","1.20.6-latest":"1.20.6-2.5.22"},"1.20.6":{"1.20.6-2.5.22":"Updated Traditional Chinese translation\nAdded Portuguese translation\nUpdated Ukrainian translation"},"1.21.5":{"1.21.5-2.5.29":"Updated Turkish translation\nUpdated Brazilian Portuguese translation"},"1.21.4":{"1.21.4-2.5.29":"Updated Turkish translation\nUpdated Brazilian Portuguese translation"},"1.20.2":{"1.20.2-2.4.32":"Fixed compatibility with Sound Physics Remastered\nUpdated French translation","1.20.2-2.5.12":"Improved cloth config GUI translations"},"1.21.1":{"1.21.1-2.5.29":"Updated Turkish translation\nUpdated Brazilian Portuguese translation"},"1.20.1":{"1.20.1-2.4.32":"Fixed compatibility with Sound Physics Remastered\nUpdated French translation","1.20.1-2.5.29":"Updated Turkish translation\nUpdated Brazilian Portuguese translation"},"1.16.4":{"1.16.4-1.1.7":"Fixed ConcurrentModificationException when client times out"},"1.19.1":{"1.19.1-2.4.8":"Added audio senders to the voice chat API"},"1.18.2":{"1.18.2-2.4.32":"Fixed compatibility with Sound Physics Remastered\nUpdated French translation","1.18.2-2.5.29":"Updated Turkish translation\nUpdated Brazilian Portuguese translation"},"1.16.5":{"1.16.5-2.4.32":"Fixed compatibility with Sound Physics Remastered\nUpdated French translation","1.16.5-2.5.29":"Updated Turkish translation\nUpdated Brazilian Portuguese translation"},"1.19.2":{"1.19.2-2.5.29":"Updated Turkish translation\nUpdated Brazilian Portuguese translation","1.19.2-2.4.32":"Fixed compatibility with Sound Physics Remastered\nUpdated French translation"},"1.19.3":{"1.19.3-2.4.11":"Added config accessors to the API"},"1.19.4":{"1.19.4-2.4.32":"Fixed compatibility with Sound Physics Remastered\nUpdated French translation","1.19.4-2.5.12":"Improved cloth config GUI translations"},"1.15.2":{"1.15.2-1.0.2":"Fix crash on servers"},"1.17.1":{"1.17.1-2.4.32":"Fixed compatibility with Sound Physics Remastered\nUpdated French translation","1.17.1-2.5.12":"Improved cloth config GUI translations"},"1.16.3":{"1.16.3-1.0.1":"Fixed voice chat not working on servers with port"},"1.18.1":{"1.18.1-2.2.52":"Improved service loader compatibility\nFixed issues with QuestCraft\nFixed disconnected state being controlled by the client"},"1.12.2":{"1.12.2-2.4.32":"Fixed compatibility with Sound Physics Remastered\nUpdated French translation","1.12.2-2.5.29":"Updated Turkish translation\nUpdated Brazilian Portuguese translation\nFixed potential network threading issues"},"homepage":"https://modrepo.de/minecraft/voicechat"}
[04Apr2025 19:49:10.994] [Forge Version Check/INFO] [net.minecraftforge.fml.VersionChecker/]: [voicechat] Found status: OUTDATED Current: 1.20.1-2.5.28 Target: 1.20.1-2.5.29
[04Apr2025 19:49:10.995] [Forge Version Check/INFO] [net.minecraftforge.fml.VersionChecker/]: [morebows] Starting version check at https://nerdthened.github.io/More-bows/update-modern.json
[04Apr2025 19:49:11.117] [Forge Version Check/DEBUG] [net.minecraftforge.fml.VersionChecker/]: [morebows] Received version check data:
{"homepage":"https://www.curseforge.com/minecraft/mc-mods/more-bows-restrung","promos":{"1.12.2-latest":"1.0.10","1.12.2-recommended":"1.0.10","1.16.5-latest":"1.0.12","1.16.5-recommended":"1.0.12","1.17.1-latest":"1.0.12","1.17.1-recommended":"1.0.12","1.18.2-latest":"1.0.12","1.18.2-recommended":"1.0.12","1.19.2-latest":"1.0.12","1.19.2-recommended":"1.0.12","1.19.3-latest":"1.0.12","1.19.3-recommended":"1.0.12","1.19.4-latest":"1.0.12","1.19.4-recommended":"1.0.12","1.20-latest":"1.0.13","1.20-recommended":"1.0.13","1.20.1-latest":"1.0.13","1.20.1-recommended":"1.0.13","1.20.2-latest":"1.0.13","1.20.2-recommended":"1.0.13"}}
[04Apr2025 19:49:11.117] [Forge Version Check/INFO] [net.minecraftforge.fml.VersionChecker/]: [morebows] Found status: UP_TO_DATE Current: 1.0.13 Target: null
[04Apr2025 19:49:11.117] [Forge Version Check/INFO] [net.minecraftforge.fml.VersionChecker/]: [mr_dungeons_andtavernsstrongholdrework] Starting version check at https://api.modrinth.com/updates/rYocd2LE/forge_updates.json
[04Apr2025 19:49:11.318] [Forge Version Check/DEBUG] [net.minecraftforge.fml.VersionChecker/]: [mr_dungeons_andtavernsstrongholdrework] Received version check data:
{"homepage":"https://modrinth.com/mod/rYocd2LE","promos":{"1.20.1-latest":"1+mod","1.21-latest":"v2.1.f+mod","1.20-recommended":"1+mod","1.21.1-latest":"v2.1.f+mod","1.20.5-recommended":"1.2+mod","1.21.2-latest":"v2.2.f+mod","1.21.2-recommended":"v2.2.f+mod","1.20.6-latest":"1.2+mod","1.20.3-latest":"v1.1.2+mod","1.21.3-latest":"v2.2.f+mod","1.20.2-recommended":"1+mod","1.20.6-recommended":"1.2+mod","1.20.3-recommended":"v1.1.2+mod","1.20.4-latest":"v1.1.2+mod","1.20.1-recommended":"1+mod","1.21.5-latest":"v2.3.1+mod","1.21.4-recommended":"v2.3+mod","1.21.3-recommended":"v2.2.f+mod","1.20.4-recommended":"v1.1.2+mod","1.20-latest":"1+mod","1.21.5-recommended":"v2.3.1+mod","1.20.2-latest":"1+mod","1.21.4-latest":"v2.3+mod","1.21-recommended":"v2.1.f+mod","1.21.1-recommended":"v2.1.f+mod","1.20.5-latest":"1.2+mod"}}
[04Apr2025 19:49:11.318] [Forge Version Check/INFO] [net.minecraftforge.fml.VersionChecker/]: [mr_dungeons_andtavernsstrongholdrework] Found status: OUTDATED Current: 1 Target: 1+mod
[04Apr2025 19:49:11.319] [Forge Version Check/INFO] [net.minecraftforge.fml.VersionChecker/]: [hangglider] Starting version check at https://raw.githubusercontent.com/Fuzss/modresources/main/update/hangglider.json
[04Apr2025 19:49:11.328] [Forge Version Check/DEBUG] [net.minecraftforge.fml.VersionChecker/]: [hangglider] Received version check data:
{
    "homepage": "https://github.com/Fuzss/hangglider",
    "promos": {
        "1.19.2-latest": "4.0.0",
        "1.19.2-recommended": "4.0.0",
        "1.19.3-latest": "5.0.0",
        "1.19.3-recommended": "5.0.0",
        "1.19.4-latest": "6.0.1",
        "1.19.4-recommended": "6.0.1",
        "1.20-latest": "7.0.0",
        "1.20-recommended": "7.0.0",
        "1.20.1-latest": "8.0.1",
        "1.20.1-recommended": "8.0.1",
        "1.18.2-latest": "3.0.0",
        "1.18.2-recommended": "3.0.0",
        "1.20.4-latest": "20.4.2",
        "1.20.4-recommended": "20.4.2",
        "1.21-latest": "21.0.0",
        "1.21-recommended": "21.0.0",
        "1.21.1-latest": "21.1.0",
        "1.21.1-recommended": "21.1.0",
        "1.21.3-latest": "21.3.0",
        "1.21.3-recommended": "21.3.0",
        "1.21.4-latest": "21.4.0",
        "1.21.4-recommended": "21.4.0"
    }
}
[04Apr2025 19:49:11.328] [Forge Version Check/INFO] [net.minecraftforge.fml.VersionChecker/]: [hangglider] Found status: UP_TO_DATE Current: 8.0.1 Target: null
[04Apr2025 19:49:11.329] [Forge Version Check/INFO] [net.minecraftforge.fml.VersionChecker/]: [mr_dungeons_andtaverns] Starting version check at https://api.modrinth.com/updates/tpehi7ww/forge_updates.json
[04Apr2025 19:49:11.485] [Forge Version Check/DEBUG] [net.minecraftforge.fml.VersionChecker/]: [mr_dungeons_andtaverns] Received version check data:
{"homepage":"https://modrinth.com/mod/tpehi7ww","promos":{"1.19.3-latest":"2.0.2+mod","1.19.1-recommended":"2.0.2+mod","1.21.1-latest":"v4.4.4+mod","1.21.5-latest":"v4.7+mod","1.20.5-latest":"3.2+mod","1.21.4-recommended":"v4.6.3+mod","1.20.3-latest":"3.1.1+mod","1.20.1-latest":"3.0.3.f+mod","1.20-latest":"3.0.3.f+mod","1.20.4-latest":"3.1.1+mod","1.21-latest":"v4.4.4+mod","1.20-recommended":"3.0.3.f+mod","1.19.2-recommended":"2.0.2+mod","1.20.5-recommended":"3.2+mod","1.19.3-recommended":"2.0.2+mod","1.19-latest":"2.0.2+mod","1.21.4-latest":"v4.6.3+mod","1.20.4-recommended":"3.1.1+mod","1.19.2-latest":"2.0.2+mod","1.21.1-recommended":"v4.4.4+mod","1.20.2-latest":"3.0.3.f+mod","1.20.1-recommended":"3.0.3.f+mod","1.20.3-recommended":"3.1.1+mod","1.20.6-latest":"3.2+mod","1.21.2-recommended":"v4.5+mod","1.21.3-recommended":"v4.5+mod","1.19-recommended":"2.0.2+mod","1.19.1-latest":"2.0.2+mod","1.21.2-latest":"v4.5+mod","1.19.4-latest":"2.0.2+mod","1.20.6-recommended":"3.2+mod","1.21.3-latest":"v4.5+mod","1.21-recommended":"v4.4.4+mod","1.20.2-recommended":"3.0.3.f+mod","1.21.5-recommended":"v4.7+mod","1.19.4-recommended":"2.0.2+mod"}}
[04Apr2025 19:49:11.486] [Forge Version Check/INFO] [net.minecraftforge.fml.VersionChecker/]: [mr_dungeons_andtaverns] Found status: OUTDATED Current: 3.0.3.f Target: 3.0.3.f+mod
[04Apr2025 19:49:11.486] [Forge Version Check/INFO] [net.minecraftforge.fml.VersionChecker/]: [tombstone] Starting version check at https://raw.githubusercontent.com/Corail31/tombstone_lite/master/update.json
[04Apr2025 19:49:11.492] [Forge Version Check/DEBUG] [net.minecraftforge.fml.VersionChecker/]: [tombstone] Received version check data:
{
	"homepage": "https://www.curseforge.com/minecraft/mc-mods/corail-tombstone",
	"promos": {
		"1.21.4-latest": "9.3.7",
		"1.21.4-recommended": "9.3.7",
		"1.21.3-latest": "9.2.4",
		"1.21.3-recommended": "9.2.4",
		"1.21.1-latest": "9.1.10",
		"1.21.1-recommended": "9.1.10",
		"1.20.4-latest": "8.6.4",
		"1.20.4-recommended": "8.6.4",
		"1.20.2-latest": "8.6.3",
		"1.20.2-recommended": "8.6.3",
		"1.20.1-latest": "8.9.2",
		"1.20.1-recommended": "8.9.2",
		"1.19.4-latest": "8.4.2",
		"1.19.4-recommended": "8.4.2",
		"1.19.3-latest": "8.3.2",
		"1.19.3-recommended": "8.3.2",
		"1.19.2-latest": "8.3.7",
		"1.19.2-recommended": "8.3.7",
		"1.19.1-latest": "8.1.0",
		"1.19.1-recommended": "8.1.0",
		"1.18.2-latest": "7.7.6",
		"1.18.2-recommended": "7.7.6",
		"1.18.1-latest": "7.4.1",
		"1.18.1-recommended": "7.4.1",
		"1.17.1-latest": "7.3.0",
		"1.17.1-recommended": "7.3.0",
		"1.16.5-latest": "6.9.6",
		"1.16.5-recommended": "6.9.6",
		"1.15.2-latest": "4.6.0",
		"1.15.2-recommended": "4.6.0",
		"1.14.4-latest": "4.3.6",
		"1.14.4-recommended": "4.3.6",
		"1.13.2-latest": "3.5.2",
		"1.13.2-recommended": "3.5.2",
		"1.12.2-latest": "4.7.5",
		"1.12.2-recommended": "4.7.5",
		"1.11.2-latest": "2.9.0.1",
		"1.11.2-recommended": "2.9.0.1",
		"1.10.2-latest": "2.9.4",
		"1.10.2-recommended": "2.9.4",
		"1.9.4-latest": "1.4.1",
		"1.9.4-recommended": "1.4.1",
		"1.8.9-latest": "1.4.1",
		"1.8.9-recommended": "1.4.1"
	},
	"1.21.4": {
		"9.3.7": "improvements"
	},
	"1.21.3": {
		"9.2.4": "final version"
	},
	"1.21.1": {
		"9.1.10": "final version"
	},
	"1.20.4": {
		"8.6.4": "final version"
	},
	"1.20.2": {
		"8.6.3": "final version"
	},
	"1.20.1": {
		"8.9.2": "abandoned graves",
		"8.9.1": "improvements",
		"8.9.0": "improves enchantments",
		"8.8.6": "updates Christmas event"
	},
	"1.19.4": {
		"8.4.2": "final version"
	},
	"1.19.2": {
		"8.3.7": "final version"
	},
	"1.18.2": {
		"7.7.6": "final version"
	},
	"1.16.5": {
		"6.9.6": "final version"
	},
	"1.12.2": {
		"4.7.5": "final version"
	}
}
[04Apr2025 19:49:11.492] [Forge Version Check/INFO] [net.minecraftforge.fml.VersionChecker/]: [tombstone] Found status: UP_TO_DATE Current: 8.9.2 Target: null
[04Apr2025 19:49:11.493] [Forge Version Check/INFO] [net.minecraftforge.fml.VersionChecker/]: [cumulus_menus] Starting version check at https://github.com/The-Aether-Team/Cumulus/raw/1.20.1-develop/update.json
[04Apr2025 19:49:11.669] [Forge Version Check/DEBUG] [net.minecraftforge.fml.VersionChecker/]: [cumulus_menus] Received version check data:
{
  "homepage": "https://modrinth.com/mod/cumulus",
  "promos": {
    "1.19.2-recommended": "1.19.2-1.0.0-forge",
    "1.19.4-recommended": "1.19.4-1.0.0-forge",
    "1.20.1-recommended": "1.20.1-1.0.1-neoforge",
    "1.20.2-recommended": "1.20.2-1.0.2-neoforge",
    "1.20.4-recommended": "1.20.4-1.0.2-neoforge"
  }
}
[04Apr2025 19:49:11.670] [Forge Version Check/INFO] [net.minecraftforge.fml.VersionChecker/]: [cumulus_menus] Found status: UP_TO_DATE Current: 1.20.1-1.0.1-neoforge Target: null
[04Apr2025 19:49:11.670] [Forge Version Check/INFO] [net.minecraftforge.fml.VersionChecker/]: [puzzleslib] Starting version check at https://raw.githubusercontent.com/Fuzss/modresources/main/update/puzzleslib.json
[04Apr2025 19:49:11.681] [Forge Version Check/DEBUG] [net.minecraftforge.fml.VersionChecker/]: [puzzleslib] Received version check data:
{
    "homepage": "https://www.curseforge.com/minecraft/mc-mods/puzzles-lib",
    "promos": {
        "1.16.2-latest": "1.0.15",
        "1.16.2-recommended": "1.0.15",
        "1.16.3-latest": "1.0.15",
        "1.16.3-recommended": "1.0.15",
        "1.16.4-latest": "1.0.15",
        "1.16.4-recommended": "1.0.15",
        "1.16.5-latest": "1.0.15",
        "1.16.5-recommended": "1.0.15",
        "1.17.1-latest": "2.0.2",
        "1.17.1-recommended": "2.0.2",
        "1.18-latest": "3.2.1",
        "1.18-recommended": "3.2.1",
        "1.18.1-latest": "3.2.1",
        "1.18.1-recommended": "3.2.1",
        "1.18.2-latest": "3.5.10",
        "1.18.2-recommended": "3.5.10",
        "1.19-latest": "4.0.18",
        "1.19-recommended": "4.0.18",
        "1.19.1-latest": "4.2.4",
        "1.19.1-recommended": "4.2.4",
        "1.19.2-latest": "4.4.3",
        "1.19.2-recommended": "4.4.3",
        "1.19.3-latest": "5.0.33",
        "1.19.3-recommended": "5.0.33",
        "1.19.4-latest": "6.0.11",
        "1.19.4-recommended": "6.0.11",
        "1.20-latest": "7.0.9",
        "1.20-recommended": "7.0.9",
        "1.20.1-latest": "8.1.29",
        "1.20.1-recommended": "8.1.29",
        "1.20.4-latest": "20.4.52",
        "1.20.4-recommended": "20.4.52",
        "1.21-latest": "21.0.28",
        "1.21-recommended": "21.0.28",
        "1.21.1-latest": "21.1.33",
        "1.21.1-recommended": "21.1.33",
        "1.21.3-latest": "21.3.21",
        "1.21.3-recommended": "21.3.21",
        "1.21.4-latest": "21.4.13",
        "1.21.4-recommended": "21.4.13",
        "1.21.5-latest": "21.5.4",
        "1.21.5-recommended": "21.5.4"
    }
}
[04Apr2025 19:49:11.681] [Forge Version Check/INFO] [net.minecraftforge.fml.VersionChecker/]: [puzzleslib] Found status: UP_TO_DATE Current: 8.1.29 Target: null
[04Apr2025 19:49:11.682] [Forge Version Check/INFO] [net.minecraftforge.fml.VersionChecker/]: [dynamic_fps] Starting version check at https://api.lostluma.net/updates/dynamic-fps?platform=forge
[04Apr2025 19:49:11.829] [Forge Version Check/DEBUG] [net.minecraftforge.fml.VersionChecker/]: [dynamic_fps] Received version check data:
{"homepage":"https://www.curseforge.com/minecraft/mc-mods/dynamic-fps","promos":{"1.16.5-recommended":"3.4.3","1.17-recommended":"3.4.4","1.17.1-recommended":"3.4.4","1.18-recommended":"3.9.2","1.18.1-recommended":"3.9.2","1.18.2-recommended":"3.9.2","1.19-recommended":"3.9.2","1.19.1-recommended":"3.9.2","1.19.2-recommended":"3.9.2","1.19.3-recommended":"3.9.2","1.19.4-recommended":"3.9.2","1.20-recommended":"3.9.2","1.20.1-recommended":"3.9.2","1.20.2-recommended":"3.9.2","1.20.3-recommended":"3.9.2","1.20.4-recommended":"3.9.2","1.20.5-recommended":"3.9.2","1.20.6-recommended":"3.9.2","1.21-recommended":"3.9.2","1.21.1-recommended":"3.9.2","1.21.2-recommended":"3.9.2","1.21.3-recommended":"3.9.2","1.21.4-recommended":"3.9.2","1.21.5-recommended":"3.9.2"}}
[04Apr2025 19:49:11.830] [Forge Version Check/INFO] [net.minecraftforge.fml.VersionChecker/]: [dynamic_fps] Found status: OUTDATED Current: 3.9.0 Target: 3.9.2
[04Apr2025 19:49:11.831] [Forge Version Check/INFO] [net.minecraftforge.fml.VersionChecker/]: [toms_storage] Starting version check at https://raw.githubusercontent.com/tom5454/Toms-Storage/master/version-check.json
[04Apr2025 19:49:11.842] [Forge Version Check/DEBUG] [net.minecraftforge.fml.VersionChecker/]: [toms_storage] Received version check data:
{
	"homepage": "https://www.curseforge.com/minecraft/mc-mods/toms-storage",
	"promos": {
		"1.15.2-latest": "1.1.5",
		"1.16.1-latest": "1.2.4",
		"1.16.2-latest": "1.2.8",
		"1.16.3-latest": "1.2.9",
		"1.16.4-latest": "1.2.24",
		"1.16.5-latest": "1.2.24",
		"1.17.1-latest": "1.2.21",
		"1.18-latest": "1.2.22",
		"1.18.2-latest": "1.4.5",
		"1.19-latest": "1.5.11",
		"1.19.2-latest": "1.5.11",
		"1.19.3-latest": "1.5.11",
		"1.19.4-latest": "1.5.12",
		"1.20-latest": "1.7.0",
		"1.20.1-latest": "1.6.9",
		"1.20.2-latest": "1.6.10",
		"1.20.4-latest": "1.6.11"
	},
	"1.20.4": {
		"1.6.11": "Added NBT/component and tag search\nFixed dark terminal background on 1.20.4",
		"1.6.10": "Fixed dupe bug with Tag Item Filter",
		"1.6.9": "Fixed crash with Inventory Hopper\nUpdated Chinese Translations",
		"1.6.8": "Added JEI support",
		"1.6.7": "1.20.4 port"
	},
	"1.20.2": {
		"1.6.10": "Added NBT/component and tag search",
		"1.6.9": "Fixed dupe bug with Tag Item Filter",
		"1.6.8": "Fixed crash with Inventory Hopper\nUpdated Chinese Translations",
		"1.6.7": "Added REI support",
		"1.6.6": "Added JEI, REI, EMI support on 1.20.2\nFixed crash with VisualOverhaul",
		"1.6.5": "1.20.2 port"
	},
	"1.20.1": {
		"1.7.0": "Add config option to blacklist certain blocks/mods (Closes #507)\nRewritten JEI/REI/EMI recipe integrations (Fixes #466)\nAdded polymorph support on 1.20.1 Forge",
		"1.6.9": "Fixed crash with the terminal and some menu QoL mods",
		"1.6.8": "Added NBT/component and tag search",
		"1.6.7": "Fixed dupe bug with Tag Item Filter",
		"1.6.6": "Fixed crash with Inventory Hopper\nUpdated Chinese Translations",
		"1.6.5": "Fixed EMI not working on 1.20\nFixed crash with VisualOverhaul",
		"1.6.4": "Fixed duplication bug with Crafting Terminal",
		"1.6.3": "Added the ability to disable beacon range extending\nImproved EMI compatibility",
		"1.6.2": "Curio and EMI integration"
	},
	"1.20": {
		"1.6.9": "Fixed crash with the terminal and some menu QoL mods",
		"1.6.8": "Added NBT/component and tag search",
		"1.6.7": "Fixed dupe bug with Tag Item Filter",
		"1.6.6": "Fixed crash with Inventory Hopper\nUpdated Chinese Translations",
		"1.6.5": "Fixed EMI not working on 1.20\nFixed crash with VisualOverhaul",
		"1.6.4": "Fixed duplication bug with Crafting Terminal",
		"1.6.3": "Added the ability to disable beacon range extending\nImproved EMI compatibility",
		"1.6.2": "Curio and EMI integration",
		"1.6.1": "Added JEI support\nFixed terminal search not losing focus when clicked out",
		"1.6.0": "1.20 port"
	},
	"1.19.4": {
		"1.5.12": "Fixed dupe bug with Tag Item Filter",
		"1.5.11": "Fixed crash with Inventory Hopper\nUpdated Chinese Translations",
		"1.5.10": "Fixed duplication bug with Crafting Terminal",
		"1.5.9": "Added the ability to disable beacon range extending\nImproved EMI compatibility",
		"1.5.8": "EMI Compat\nFixed painted trim item showing in creative",
		"1.5.7": "Added Mod Name sorting\nFixed recipe book not working on 1.19.4",
		"1.5.6": "Fixed some buttons not showing the correct state after window resize\nFixed crafting terminal not crafting some items properly or triggering advancements in some cases\nFixed show recipes in JEI not working correctly with tall terminal mode",
		"1.5.5": "Fixed tooltips getting stuck",
		"1.5.4": "Added Tall Mode for Terminals\nJEI support for 1.19.4",
		"1.5.3": "Added REI, EMI compatibility on 1.19.4\nAdded curio, trinkets compatibility on 1.19.4\nFixed R/U keybind not working in the terminal",
		"1.5.2": "1.19.4 port"
	},
	"1.19.3": {
		"1.5.11": "Fixed dupe bug with Tag Item Filter",
		"1.5.10": "Fixed crash with Inventory Hopper\nUpdated Chinese Translations",
		"1.5.9": "Fixed duplication bug with Crafting Terminal",
		"1.5.8": "Added the ability to disable beacon range extending\nImproved EMI compatibility",
		"1.5.7": "EMI Compat\nFixed painted trim item showing in creative",
		"1.5.6": "Added Mod Name sorting\nFixed recipe book not working on 1.19.4",
		"1.5.5": "Fixed some buttons not showing the correct state after window resize\nFixed crafting terminal not crafting some items properly or triggering advancements in some cases\nFixed show recipes in JEI not working correctly with tall terminal mode",
		"1.5.4": "Added Tall Mode for Terminals",
		"1.5.3": "Added REI, EMI compatibility on 1.19.4\nAdded curio, trinkets compatibility on 1.19.4\nFixed R/U keybind not working in the terminal",
		"1.5.2": "Added toggle ghost mode button\n\nFixed crafting terminal recipe book not working\nFixed priority not working\nFixed right click not pulling half of the stack\nImproved Crafting Terminal Refill Speed\nFixed Polymorphic Item Filter not working in some cases",
		"1.5.1": "Fixed crash with Inventory Cable Connector gui\nFixed crash on 1.19.3 forge\nFixed items not showing in terminals on forge",
		"1.5.0": "Added item filters (simple, tag, polymorphic)\nAdded allow/deny settings, priority, keep last item in slot to filtered inventory cable connector\nRewritten terminal networking\nHolding shift in the terminal stops sorting\nAdded support for JEI on fabric, REI on forge\nAdded ghost item drag to JEI/REI/EMI\nUpdated pt_br\nFixed terminal rendering issues\nFixed crafting terminals not dropping their inventory when breaking\nFixed crash\nFixed wireless terminal bypassing FTB Chunks",
		"1.3.11": "Fixed crash on launch (#173)\nFixed painted blocks resetting on world load\nReadded curio support",
		"1.3.10": "1.19.3 port"
	},
	"1.19.2": {
		"1.5.11": "Fixed dupe bug with Tag Item Filter",
		"1.5.10": "Fixed crash with Inventory Hopper\nUpdated Chinese Translations",
		"1.5.9": "Fixed duplication bug with Crafting Terminal",
		"1.5.8": "Added the ability to disable beacon range extending\nImproved EMI compatibility",
		"1.5.7": "EMI Compat",
		"1.5.6": "Added Mod Name sorting\nFixed recipe book not working on 1.19.4",
		"1.5.5": "Fixed some buttons not showing the correct state after window resize\nFixed crafting terminal not crafting some items properly or triggering advancements in some cases\nFixed show recipes in JEI not working correctly with tall terminal mode",
		"1.5.4": "Added Tall Mode for Terminals",
		"1.5.3": "Added REI, EMI compatibility on 1.19.4\nAdded curio, trinkets compatibility on 1.19.4\nFixed R/U keybind not working in the terminal",
		"1.5.2": "Added toggle ghost mode button\n\nFixed crafting terminal recipe book not working\nFixed priority not working\nFixed right click not pulling half of the stack\nImproved Crafting Terminal Refill Speed\nFixed Polymorphic Item Filter not working in some cases",
		"1.5.1": "Fixed crash with Inventory Cable Connector gui\nFixed items not showing in terminals on forge",
		"1.5.0": "Added item filters (simple, tag, polymorphic)\nAdded allow/deny settings, priority, keep last item in slot to filtered inventory cable connector\nRewritten terminal networking\nHolding shift in the terminal stops sorting\nAdded support for JEI on fabric, REI on forge\nAdded ghost item drag to JEI/REI/EMI\nUpdated pt_br\nFixed terminal rendering issues\nFixed crafting terminals not dropping their inventory when breaking\nFixed crash\nFixed wireless terminal bypassing FTB Chunks",
		"1.3.10": "Added curio/trinket support for the advanced wireless terminal\nUpdated to 1.19.3\nAdded pt_br translation (#159)",
		"1.3.9": "Fixed JEI R/U not working\nFixed the @ character not included in JEI search\nFixed the terminal search couldn't unfocus\nFixed duplication bug with Crafting Terminal\nFixed Filtered Inventory Cable Connector infinite loop",
		"1.3.8": "Fixed dedicated servers not working"
	},
	"1.19": {
		"1.5.11": "Fixed dupe bug with Tag Item Filter",
		"1.5.10": "Fixed crash with Inventory Hopper\nUpdated Chinese Translations",
		"1.5.9": "Fixed duplication bug with Crafting Terminal",
		"1.5.8": "Added the ability to disable beacon range extending\nImproved EMI compatibility",
		"1.5.7": "EMI Compat",
		"1.5.6": "Added Mod Name sorting\nFixed recipe book not working on 1.19.4",
		"1.5.5": "Fixed some buttons not showing the correct state after window resize\nFixed crafting terminal not crafting some items properly or triggering advancements in some cases\nFixed show recipes in JEI not working correctly with tall terminal mode",
		"1.5.4": "Added Tall Mode for Terminals",
		"1.5.3": "Added REI, EMI compatibility on 1.19.4\nAdded curio, trinkets compatibility on 1.19.4\nFixed R/U keybind not working in the terminal",
		"1.5.2": "Added toggle ghost mode button\n\nFixed crafting terminal recipe book not working\nFixed priority not working\nFixed right click not pulling half of the stack\nImproved Crafting Terminal Refill Speed\nFixed Polymorphic Item Filter not working in some cases",
		"1.5.1": "Fixed crash with Inventory Cable Connector gui\nFixed items not showing in terminals on forge",
		"1.4.0": "Added item filters (simple, tag, polymorphic)\nAdded allow/deny settings, priority, keep last item in slot to filtered inventory cable connector\nRewritten terminal networking\nHolding shift in the terminal stops sorting\nAdded support for JEI on fabric, REI on forge\nAdded ghost item drag to JEI/REI/EMI\nUpdated pt_br\nFixed terminal rendering issues\nFixed crafting terminals not dropping their inventory when breaking\nFixed crash\nFixed wireless terminal bypassing FTB Chunks",
		"1.3.10": "Added curio/trinket support for the advanced wireless terminal\nUpdated to 1.19.3\nAdded pt_br translation (#159)",
		"1.3.9": "Fixed JEI R/U not working\nFixed the @ character not included in JEI search\nFixed the terminal search couldn't unfocus\nFixed duplication bug with Crafting Terminal\nFixed Filtered Inventory Cable Connector infinite loop",
		"1.3.8": "Fixed dedicated servers not working",
		"1.3.7": "Updated to forge 41.0.94",
		"1.3.6": "Updated to forge 41.0.64",
		"1.3.5": "Fixed items not pulling from inventory",
		"1.3.4": "Added JEI support",
		"1.3.3": "1.19 port"
	},
	"1.18.2": {
		"1.4.5": "Fixed crash with Inventory Hopper",
		"1.4.4": "Fixed duplication bug with Crafting Terminal",
		"1.4.3": "Fixed some buttons not showing the correct state after window resize\nFixed crafting terminal not crafting some items properly or triggering advancements in some cases\nFixed show recipes in JEI not working correctly with tall terminal mode\nImproved crafting terminal speed",
		"1.4.2": "Added Tall Mode for Terminals",
		"1.4.1": "Added toggle ghost mode button\n\nFixed crafting terminal recipe book not working\nFixed right click not pulling half of the stack\nImproved Crafting Terminal Refill Speed",
		"1.4.0": "Rewritten terminal networking\nHolding shift in the terminal stops sorting\nUpdated pt_br\nFixed crafting terminals not dropping their inventory when breaking\nFixed crash\nFixed wireless terminal bypassing FTB Chunks",
		"1.3.6": "Added curio/trinket support for the advanced wireless terminal\nUpdated to 1.19.3\nAdded pt_br translation (#159)",
		"1.3.5": "Fixed JEI R/U not working\nFixed the @ character not included in JEI search\nFixed the terminal search couldn't unfocus\nFixed duplication bug with Crafting Terminal\nFixed Filtered Inventory Cable Connector infinite loop",
		"1.3.4": "Fixed items not pulling from inventory",
		"1.3.3": "Fixed Crafting Terminal not using multiple ingredient types",
		"1.3.2": "Fixed offhand interaction when using wireless terminals\nFixed crafting terminal not crafting a full stack",
		"1.3.1": "Added translations (#84, #95)\nFixed JEI sync not working",
		"1.3.0": "Updated to Minecraft 1.18.2\nAdded framed inventory cable connector\nAdded duplicated inventory detection to Inventory Connector (Improves #69)\nAdded Inventory Linking system using beacons\nAdded range extending options to wireless terminals."
	},
	"1.18": {
		"1.2.22": "1.18 port"
	},
	"1.17.1": {
		"1.2.21": "Fixed inventory hopper not pulling items when unfiltered (Closes #67, Closes #37)",
		"1.2.20": "Added advanced wireless terminal\nFixed terminal couldn't be closed if the search field is focused (Closes #59)",
		"1.2.19": "Improved inventory hopper tps (#43)\nAdded multiblock inventory blacklist to config (Closes #51, Closes #56, Closes 58)\nFixed terminal causing inventory desync (Closes #49)\nFixed typo in lang file (Closes #47)",
		"1.2.18": "Fixed tool type crash\nAdded JEI integration",
		"1.2.17": "1.17 port"
	},
	"1.16.5": {
		"1.2.24": "Backport Curios and Keybinds to 1.16",
		"1.2.23": "Fixed crash with Inventory Hopper and Paint Kits",
		"1.2.22": "Fixed crash with Inventory Hopper",
		"1.2.21": "Fixed crash on Dedicated Server",
		"1.2.20": "Backported Advanced Wireless Terminal range extending feature",
		"1.2.19": "Fixed inventory hopper not pulling items when unfiltered (Closes #67, Closes #37)",
		"1.2.18": "Added advanced wireless terminal\nFixed terminal couldn't be closed if the search field is focused (Closes #59)",
		"1.2.17": "Improved inventory hopper tps (#43)\nAdded multiblock inventory blacklist to config (Closes #51, Closes #56, Closes 58)\nFixed terminal causing inventory desync (Closes #49)\nFixed typo in lang file (Closes #47)",
		"1.2.16": "Added Level emitter\nFixed terminal sorting\nImplemented Inventory Proxy filter feature from Fabric",
		"1.2.15": "Fixed recipe book not working",
		"1.2.14": "Fixed terminal gui desync",
		"1.2.13": "Fixed FPS lag in terminal.\nFixed terminal high tick time on servers.\nAdded storage space information to Inventory Connector",
		"1.2.12": "Fixed button overlapping in terminal gui.\nFixed terminals being accessible in spectator mode."
	},
	"1.16.4": {
		"1.2.24": "Backport Curios and Keybinds to 1.16",
		"1.2.23": "Fixed crash with Inventory Hopper and Paint Kits",
		"1.2.22": "Fixed crash with Inventory Hopper",
		"1.2.21": "Fixed crash on Dedicated Server",
		"1.2.20": "Backported Advanced Wireless Terminal range extending feature",
		"1.2.19": "Fixed inventory hopper not pulling items when unfiltered (Closes #67, Closes #37)",
		"1.2.18": "Added advanced wireless terminal\nFixed terminal couldn't be closed if the search field is focused (Closes #59)",
		"1.2.17": "Improved inventory hopper tps (#43)\nAdded multiblock inventory blacklist to config (Closes #51, Closes #56, Closes 58)\nFixed terminal causing inventory desync (Closes #49)\nFixed typo in lang file (Closes #47)",
		"1.2.16": "Added Level emitter\nFixed terminal sorting\nImplemented Inventory Proxy filter feature from Fabric",
		"1.2.15": "Fixed recipe book not working",
		"1.2.14": "Fixed terminal gui desync",
		"1.2.13": "Fixed FPS lag in terminal.\nFixed terminal high tick time on servers.\nAdded storage space information to Inventory Connector",
		"1.2.12": "Fixed button overlapping in terminal gui.\nFixed terminals being accessible in spectator mode.",
		"1.2.11": "Added filtered inventory connector\nFixed advancement bug\nFixed painted trims",
		"1.2.10": "Updated trim texture\nUpdated to 1.16.4"
	},
	"1.16.3": {
		"1.2.9": "Updated to 1.16.3"
	},
	"1.16.2": {
		"1.2.8": "Fixed dupe bug with crafting terminal",
		"1.2.7": "Fixed crash with Storage Terminals",
		"1.2.6": "Fixed crash with latest version of forge",
		"1.2.5": "Updated to 1.16.2"
	},
	"1.16.1": {
		"1.2.4": "Fixed lag with Inventory Hoppers",
		"1.2.3": "Added Simplified Chinese Translation",
		"1.2.2": "Fixed search not working",
		"1.2.1": "Fixed Crafting terminal not dropping when broken",
		"1.2.0": "1.16 Port\nChanged inventory cable.\nAdded Inventory Hopper"
	},
	"1.15.2": {
		"1.1.5": "Fixed dupe bug with crafting terminal",
		"1.1.4": "Added Simplified Chinese Translation",
		"1.1.3": "Fixed Crafting terminal not dropping when broken",
		"1.1.2": "Fixed items with tags merging\nAdded terminal sorting modes\nImproved terminal gui handler",
		"1.1.1": "Fixed Inventory Cable Connector not showing up in the creative inventory and JEI\nAdded JEI compatibility to crafting terminal\nFixed Storage Terminal recipe not using tags\nTerminals now emit light",
		"1.1.0": "Added Crafting Terminal\nAdded the ability to paint some of the blocks\nAdded Inevntory Cable & Connector\nAdded Inventory Proxy\nAdded Wireless Terminal\nAdded config to change Inventory Connector range.",
		"1.0.2": "Fixed crash",
		"1.0.1": "Fixed loot tables",
		"1.0.0": "First release"
	}
}
[04Apr2025 19:49:11.843] [Forge Version Check/INFO] [net.minecraftforge.fml.VersionChecker/]: [toms_storage] Found status: BETA Current: 1.7.0 Target: 1.6.9
[04Apr2025 19:49:15.120] [main/DEBUG] [net.minecraftforge.coremod.transformer.CoreModBaseTransformer/COREMOD]: Transforming <init> with desc (JZZLjava/util/Optional;)V
[04Apr2025 19:49:15.125] [main/DEBUG] [net.minecraftforge.coremod.transformer.CoreModBaseTransformer/COREMOD]: Transforming m_226857_ with desc (Lnet/minecraft/world/level/levelgen/structure/pieces/StructurePieceSerializationContext;Lnet/minecraft/nbt/CompoundTag;J)Lnet/minecraft/world/level/levelgen/structure/StructureStart;
[04Apr2025 19:49:15.126] [main/DEBUG] [mixin/]: Mixing StructureStartMixin from blueprint.mixins.json into net.minecraft.world.level.levelgen.structure.StructureStart
[04Apr2025 19:49:15.126] [main/DEBUG] [mixin/]: Renaming synthetic method lambda$new$0(Lnet/minecraft/world/level/WorldGenLevel;)[Lcom/teamabnormals/blueprint/common/world/modification/structure/StructureRepaletterEntry; to mdf2554f$lambda$new$0$0 in blueprint.mixins.json:StructureStartMixin
[04Apr2025 19:49:15.163] [main/INFO] [com.mojang.authlib.yggdrasil.YggdrasilAuthenticationService/]: Environment: authHost='https://authserver.mojang.com', accountsHost='https://api.mojang.com', sessionHost='https://sessionserver.mojang.com', servicesHost='https://api.minecraftservices.com', name='PROD'
[04Apr2025 19:49:15.191] [main/DEBUG] [mixin/]: Mixing util.FileUtilMixin from the_bumblezone-common.mixins.json into net.minecraft.FileUtil
[04Apr2025 19:49:15.203] [main/DEBUG] [mixin/]: Mixing common.DirectoryLockMixin from aether.mixins.json into net.minecraft.util.DirectoryLock
[04Apr2025 19:49:19.502] [main/WARN] [net.minecraft.server.packs.VanillaPackResourcesBuilder/]: Assets URL 'union:/workspaces/ServerPrueba/servidor_minecraft/libraries/net/minecraft/server/1.20.1-20230612.114412/server-1.20.1-20230612.114412-srg.jar%23257!/assets/.mcassetsroot' uses unexpected schema
[04Apr2025 19:49:19.503] [main/WARN] [net.minecraft.server.packs.VanillaPackResourcesBuilder/]: Assets URL 'union:/workspaces/ServerPrueba/servidor_minecraft/libraries/net/minecraft/server/1.20.1-20230612.114412/server-1.20.1-20230612.114412-srg.jar%23257!/data/.mcassetsroot' uses unexpected schema
[04Apr2025 19:49:19.547] [main/DEBUG] [mixin/]: Mixing WorldLoaderPackConfigMixin from blueprint.mixins.json into net.minecraft.server.WorldLoader$PackConfig
[04Apr2025 19:49:19.605] [main/DEBUG] [net.minecraftforge.server.ServerLifecycleHooks/CORE]: Generating PackInfo named mod:betterdungeons for mod file /workspaces/ServerPrueba/servidor_minecraft/mods/YungsBetterDungeons-1.20-Forge-4.0.4.jar
[04Apr2025 19:49:19.605] [main/DEBUG] [net.minecraftforge.server.ServerLifecycleHooks/CORE]: Generating PackInfo named mod:notenoughcrashes for mod file /workspaces/ServerPrueba/servidor_minecraft/mods/notenoughcrashes-4.4.7+1.20.1-forge.jar
[04Apr2025 19:49:19.606] [main/DEBUG] [net.minecraftforge.server.ServerLifecycleHooks/CORE]: Generating PackInfo named mod:kuma_api for mod file 
[04Apr2025 19:49:19.606] [main/DEBUG] [net.minecraftforge.server.ServerLifecycleHooks/CORE]: Generating PackInfo named mod:blue_skies for mod file /workspaces/ServerPrueba/servidor_minecraft/mods/blue_skies-1.20.1-1.3.31.jar
[04Apr2025 19:49:19.606] [main/DEBUG] [net.minecraftforge.server.ServerLifecycleHooks/CORE]: Generating PackInfo named mod:betterwitchhuts for mod file /workspaces/ServerPrueba/servidor_minecraft/mods/YungsBetterWitchHuts-1.20-Forge-3.0.3.jar
[04Apr2025 19:49:19.606] [main/DEBUG] [net.minecraftforge.server.ServerLifecycleHooks/CORE]: Generating PackInfo named mod:geckolib for mod file /workspaces/ServerPrueba/servidor_minecraft/mods/geckolib-forge-1.20.1-4.7.1.2.jar
[04Apr2025 19:49:19.606] [main/DEBUG] [net.minecraftforge.server.ServerLifecycleHooks/CORE]: Generating PackInfo named mod:playeranimator for mod file /workspaces/ServerPrueba/servidor_minecraft/mods/player-animation-lib-forge-1.0.2-rc1+1.20.jar
[04Apr2025 19:49:19.607] [main/DEBUG] [net.minecraftforge.server.ServerLifecycleHooks/CORE]: Generating PackInfo named mod:aether for mod file /workspaces/ServerPrueba/servidor_minecraft/mods/aether-1.20.1-1.5.2-neoforge.jar
[04Apr2025 19:49:19.607] [main/DEBUG] [net.minecraftforge.server.ServerLifecycleHooks/CORE]: Generating PackInfo named mod:jei for mod file /workspaces/ServerPrueba/servidor_minecraft/mods/jei-1.20.1-forge-15.20.0.106.jar
[04Apr2025 19:49:19.607] [main/DEBUG] [net.minecraftforge.server.ServerLifecycleHooks/CORE]: Generating PackInfo named mod:betteroceanmonuments for mod file /workspaces/ServerPrueba/servidor_minecraft/mods/YungsBetterOceanMonuments-1.20-Forge-3.0.4.jar
[04Apr2025 19:49:19.607] [main/DEBUG] [net.minecraftforge.server.ServerLifecycleHooks/CORE]: Generating PackInfo named mod:incendium for mod file /workspaces/ServerPrueba/servidor_minecraft/mods/Incendium_1.20.x_v5.3.5.jar
[04Apr2025 19:49:19.607] [main/DEBUG] [net.minecraftforge.server.ServerLifecycleHooks/CORE]: Generating PackInfo named mod:sophisticatedcore for mod file /workspaces/ServerPrueba/servidor_minecraft/mods/sophisticatedcore-1.20.1-1.2.23.902.jar
[04Apr2025 19:49:19.607] [main/DEBUG] [net.minecraftforge.server.ServerLifecycleHooks/CORE]: Generating PackInfo named mod:geckoanimfix for mod file /workspaces/ServerPrueba/servidor_minecraft/mods/GeckoLibOculusCompat-Forge-1.0.1.jar
[04Apr2025 19:49:19.608] [main/DEBUG] [net.minecraftforge.server.ServerLifecycleHooks/CORE]: Generating PackInfo named mod:mod_whitelist for mod file /workspaces/ServerPrueba/servidor_minecraft/mods/mod_whitelist-1.1.0.jar
[04Apr2025 19:49:19.608] [main/DEBUG] [net.minecraftforge.server.ServerLifecycleHooks/CORE]: Generating PackInfo named mod:waystones for mod file /workspaces/ServerPrueba/servidor_minecraft/mods/waystones-forge-1.20.1-14.1.11.jar
[04Apr2025 19:49:19.608] [main/DEBUG] [net.minecraftforge.server.ServerLifecycleHooks/CORE]: Generating PackInfo named mod:outstanding_ores for mod file /workspaces/ServerPrueba/servidor_minecraft/mods/Outstanding_Ores-Forge-1.0.6.jar
[04Apr2025 19:49:19.608] [main/DEBUG] [net.minecraftforge.server.ServerLifecycleHooks/CORE]: Generating PackInfo named mod:xaeroworldmap for mod file /workspaces/ServerPrueba/servidor_minecraft/mods/XaerosWorldMap_1.39.4_Forge_1.20.jar
[04Apr2025 19:49:19.608] [main/DEBUG] [net.minecraftforge.server.ServerLifecycleHooks/CORE]: Generating PackInfo named mod:yungscavebiomes for mod file /workspaces/ServerPrueba/servidor_minecraft/mods/YungsCaveBiomes-1.20.1-Forge-2.0.4.jar
[04Apr2025 19:49:19.609] [main/DEBUG] [net.minecraftforge.server.ServerLifecycleHooks/CORE]: Generating PackInfo named mod:comforts for mod file /workspaces/ServerPrueba/servidor_minecraft/mods/comforts-forge-6.4.0+1.20.1.jar
[04Apr2025 19:49:19.609] [main/DEBUG] [net.minecraftforge.server.ServerLifecycleHooks/CORE]: Generating PackInfo named mod:citadel for mod file /workspaces/ServerPrueba/servidor_minecraft/mods/citadel-2.6.1-1.20.1.jar
[04Apr2025 19:49:19.609] [main/DEBUG] [net.minecraftforge.server.ServerLifecycleHooks/CORE]: Generating PackInfo named mod:badpackets for mod file /workspaces/ServerPrueba/servidor_minecraft/mods/badpackets-forge-0.4.3.jar
[04Apr2025 19:49:19.609] [main/DEBUG] [net.minecraftforge.server.ServerLifecycleHooks/CORE]: Generating PackInfo named mod:yungsapi for mod file /workspaces/ServerPrueba/servidor_minecraft/mods/YungsApi-1.20-Forge-4.0.6.jar
[04Apr2025 19:49:19.609] [main/DEBUG] [net.minecraftforge.server.ServerLifecycleHooks/CORE]: Generating PackInfo named mod:mixinextras for mod file 
[04Apr2025 19:49:19.609] [main/DEBUG] [net.minecraftforge.server.ServerLifecycleHooks/CORE]: Generating PackInfo named mod:mobcaptains for mod file /workspaces/ServerPrueba/servidor_minecraft/mods/MobCaptains-v3.1.2.jar
[04Apr2025 19:49:19.610] [main/DEBUG] [net.minecraftforge.server.ServerLifecycleHooks/CORE]: Generating PackInfo named mod:sophisticatedbackpacks for mod file /workspaces/ServerPrueba/servidor_minecraft/mods/sophisticatedbackpacks-1.20.1-3.23.6.1211.jar
[04Apr2025 19:49:19.610] [main/DEBUG] [net.minecraftforge.server.ServerLifecycleHooks/CORE]: Generating PackInfo named mod:vapeaholic for mod file /workspaces/ServerPrueba/servidor_minecraft/mods/vapeaholic - Alpha-1.0.1.jar
[04Apr2025 19:49:19.610] [main/DEBUG] [net.minecraftforge.server.ServerLifecycleHooks/CORE]: Generating PackInfo named mod:betterdeserttemples for mod file /workspaces/ServerPrueba/servidor_minecraft/mods/YungsBetterDesertTemples-1.20-Forge-3.0.3.jar
[04Apr2025 19:49:19.610] [main/DEBUG] [net.minecraftforge.server.ServerLifecycleHooks/CORE]: Generating PackInfo named mod:iceandfire for mod file /workspaces/ServerPrueba/servidor_minecraft/mods/iceandfire-2.1.13-1.20.1-beta-5.jar
[04Apr2025 19:49:19.611] [main/DEBUG] [net.minecraftforge.server.ServerLifecycleHooks/CORE]: Generating PackInfo named mod:balm for mod file /workspaces/ServerPrueba/servidor_minecraft/mods/balm-forge-1.20.1-7.3.25-all.jar
[04Apr2025 19:49:19.611] [main/DEBUG] [net.minecraftforge.server.ServerLifecycleHooks/CORE]: Generating PackInfo named mod:bosses_of_mass_destruction for mod file /workspaces/ServerPrueba/servidor_minecraft/mods/BOMD-Forge-1.20.1-1.1.2.jar
[04Apr2025 19:49:19.612] [main/DEBUG] [net.minecraftforge.server.ServerLifecycleHooks/CORE]: Generating PackInfo named mod:terralith for mod file /workspaces/ServerPrueba/servidor_minecraft/mods/Terralith_1.20.x_v2.5.4.jar
[04Apr2025 19:49:19.613] [main/DEBUG] [net.minecraftforge.server.ServerLifecycleHooks/CORE]: Generating PackInfo named mod:blueprint for mod file /workspaces/ServerPrueba/servidor_minecraft/mods/blueprint-1.20.1-7.1.2.jar
[04Apr2025 19:49:19.613] [main/DEBUG] [net.minecraftforge.server.ServerLifecycleHooks/CORE]: Generating PackInfo named mod:puzzlesaccessapi for mod file 
[04Apr2025 19:49:19.613] [main/DEBUG] [net.minecraftforge.server.ServerLifecycleHooks/CORE]: Generating PackInfo named mod:betterfortresses for mod file /workspaces/ServerPrueba/servidor_minecraft/mods/YungsBetterNetherFortresses-1.20-Forge-2.0.6.jar
[04Apr2025 19:49:19.614] [main/DEBUG] [net.minecraftforge.server.ServerLifecycleHooks/CORE]: Generating PackInfo named mod:dungeons_arise_seven_seas for mod file /workspaces/ServerPrueba/servidor_minecraft/mods/DungeonsAriseSevenSeas-1.19.2-1.0.2-forge.jar
[04Apr2025 19:49:19.614] [main/DEBUG] [net.minecraftforge.server.ServerLifecycleHooks/CORE]: Generating PackInfo named mod:cloth_config for mod file /workspaces/ServerPrueba/servidor_minecraft/mods/cloth-config-11.1.136-forge.jar
[04Apr2025 19:49:19.614] [main/DEBUG] [net.minecraftforge.server.ServerLifecycleHooks/CORE]: Generating PackInfo named mod:forge for mod file /workspaces/ServerPrueba/servidor_minecraft/libraries/net/minecraftforge/forge/1.20.1-47.3.7/forge-1.20.1-47.3.7-universal.jar
[04Apr2025 19:49:19.614] [main/DEBUG] [net.minecraftforge.server.ServerLifecycleHooks/CORE]: Generating PackInfo named mod:twilightforest for mod file /workspaces/ServerPrueba/servidor_minecraft/mods/twilightforest-1.20.1-4.3.2508-universal.jar
[04Apr2025 19:49:19.615] [main/DEBUG] [net.minecraftforge.server.ServerLifecycleHooks/CORE]: Generating PackInfo named mod:konkrete for mod file /workspaces/ServerPrueba/servidor_minecraft/mods/konkrete_forge_1.8.0_MC_1.20-1.20.1.jar
[04Apr2025 19:49:19.615] [main/DEBUG] [net.minecraftforge.server.ServerLifecycleHooks/CORE]: Generating PackInfo named mod:embeddium for mod file /workspaces/ServerPrueba/servidor_minecraft/mods/embeddium-0.3.31+mc1.20.1.jar
[04Apr2025 19:49:19.615] [main/DEBUG] [net.minecraftforge.server.ServerLifecycleHooks/CORE]: Generating PackInfo named mod:athena for mod file 
[04Apr2025 19:49:19.615] [main/DEBUG] [net.minecraftforge.server.ServerLifecycleHooks/CORE]: Generating PackInfo named mod:structure_gel for mod file /workspaces/ServerPrueba/servidor_minecraft/mods/structure_gel-1.20.1-2.16.2.jar
[04Apr2025 19:49:19.615] [main/DEBUG] [net.minecraftforge.server.ServerLifecycleHooks/CORE]: Generating PackInfo named mod:dungeons_arise for mod file /workspaces/ServerPrueba/servidor_minecraft/mods/DungeonsArise-1.20.1-2.1.57-release.jar
[04Apr2025 19:49:19.616] [main/DEBUG] [net.minecraftforge.server.ServerLifecycleHooks/CORE]: Generating PackInfo named mod:tectonic for mod file /workspaces/ServerPrueba/servidor_minecraft/mods/tectonic-forge-1.20.1-2.4.1.jar
[04Apr2025 19:49:19.616] [main/DEBUG] [net.minecraftforge.server.ServerLifecycleHooks/CORE]: Generating PackInfo named mod:farmersdelight for mod file /workspaces/ServerPrueba/servidor_minecraft/mods/FarmersDelight-1.20.1-1.2.7.jar
[04Apr2025 19:49:19.616] [main/DEBUG] [net.minecraftforge.server.ServerLifecycleHooks/CORE]: Generating PackInfo named mod:voicechat for mod file /workspaces/ServerPrueba/servidor_minecraft/mods/voicechat-forge-1.20.1-2.5.28.jar
[04Apr2025 19:49:19.617] [main/DEBUG] [net.minecraftforge.server.ServerLifecycleHooks/CORE]: Generating PackInfo named mod:terrablender for mod file /workspaces/ServerPrueba/servidor_minecraft/mods/TerraBlender-forge-1.20.1-3.0.1.10.jar
[04Apr2025 19:49:19.617] [main/DEBUG] [net.minecraftforge.server.ServerLifecycleHooks/CORE]: Generating PackInfo named mod:bettercombat for mod file /workspaces/ServerPrueba/servidor_minecraft/mods/bettercombat-forge-1.8.6+1.20.1.jar
[04Apr2025 19:49:19.618] [main/DEBUG] [net.minecraftforge.server.ServerLifecycleHooks/CORE]: Generating PackInfo named mod:regions_unexplored for mod file /workspaces/ServerPrueba/servidor_minecraft/mods/RegionsUnexploredForge-0.5.6+1.20.1.jar
[04Apr2025 19:49:19.618] [main/DEBUG] [net.minecraftforge.server.ServerLifecycleHooks/CORE]: Generating PackInfo named mod:morebows for mod file /workspaces/ServerPrueba/servidor_minecraft/mods/MoreBows-1.0.13+1.20.x.forge.jar
[04Apr2025 19:49:19.618] [main/DEBUG] [net.minecraftforge.server.ServerLifecycleHooks/CORE]: Generating PackInfo named mod:mr_dungeons_andtavernsstrongholdrework for mod file /workspaces/ServerPrueba/servidor_minecraft/mods/dungeons-and-taverns-stronghold-rework-1.jar
[04Apr2025 19:49:19.619] [main/DEBUG] [net.minecraftforge.server.ServerLifecycleHooks/CORE]: Generating PackInfo named mod:chunky for mod file /workspaces/ServerPrueba/servidor_minecraft/mods/Chunky-1.3.146.jar
[04Apr2025 19:49:19.619] [main/DEBUG] [net.minecraftforge.server.ServerLifecycleHooks/CORE]: Generating PackInfo named mod:spectrelib for mod file 
[04Apr2025 19:49:19.619] [main/DEBUG] [net.minecraftforge.server.ServerLifecycleHooks/CORE]: Generating PackInfo named mod:yungsbridges for mod file /workspaces/ServerPrueba/servidor_minecraft/mods/YungsBridges-1.20-Forge-4.0.3.jar
[04Apr2025 19:49:19.619] [main/DEBUG] [net.minecraftforge.server.ServerLifecycleHooks/CORE]: Generating PackInfo named mod:hangglider for mod file /workspaces/ServerPrueba/servidor_minecraft/mods/HangGlider-v8.0.1-1.20.1-Forge.jar
[04Apr2025 19:49:19.619] [main/DEBUG] [net.minecraftforge.server.ServerLifecycleHooks/CORE]: Generating PackInfo named mod:aeroblender for mod file 
[04Apr2025 19:49:19.620] [main/DEBUG] [net.minecraftforge.server.ServerLifecycleHooks/CORE]: Generating PackInfo named mod:wthit for mod file /workspaces/ServerPrueba/servidor_minecraft/mods/wthit-forge-8.16.1.jar
[04Apr2025 19:49:19.620] [main/DEBUG] [net.minecraftforge.server.ServerLifecycleHooks/CORE]: Generating PackInfo named mod:curios for mod file 
[04Apr2025 19:49:19.620] [main/DEBUG] [net.minecraftforge.server.ServerLifecycleHooks/CORE]: Generating PackInfo named mod:patchouli for mod file /workspaces/ServerPrueba/servidor_minecraft/mods/Patchouli-1.20.1-84.1-FORGE.jar
[04Apr2025 19:49:19.620] [main/DEBUG] [net.minecraftforge.server.ServerLifecycleHooks/CORE]: Generating PackInfo named mod:xaerominimap for mod file /workspaces/ServerPrueba/servidor_minecraft/mods/Xaeros_Minimap_25.2.0_Forge_1.20.jar
[04Apr2025 19:49:19.621] [main/DEBUG] [net.minecraftforge.server.ServerLifecycleHooks/CORE]: Generating PackInfo named mod:cerbons_api for mod file /workspaces/ServerPrueba/servidor_minecraft/mods/CerbonsAPI-Forge-1.20.1-1.1.0.jar
[04Apr2025 19:49:19.621] [main/DEBUG] [net.minecraftforge.server.ServerLifecycleHooks/CORE]: Generating PackInfo named mod:nullscape for mod file /workspaces/ServerPrueba/servidor_minecraft/mods/Nullscape_1.20.x_v1.2.8.jar
[04Apr2025 19:49:19.621] [main/DEBUG] [net.minecraftforge.server.ServerLifecycleHooks/CORE]: Generating PackInfo named mod:yungsextras for mod file /workspaces/ServerPrueba/servidor_minecraft/mods/YungsExtras-1.20-Forge-4.0.3.jar
[04Apr2025 19:49:19.622] [main/DEBUG] [net.minecraftforge.server.ServerLifecycleHooks/CORE]: Generating PackInfo named mod:mr_dungeons_andtaverns for mod file /workspaces/ServerPrueba/servidor_minecraft/mods/dungeons-and-taverns-3.0.3.f.jar
[04Apr2025 19:49:19.622] [main/DEBUG] [net.minecraftforge.server.ServerLifecycleHooks/CORE]: Generating PackInfo named mod:entityculling for mod file /workspaces/ServerPrueba/servidor_minecraft/mods/entityculling-forge-1.7.3-mc1.20.1.jar
[04Apr2025 19:49:19.622] [main/DEBUG] [net.minecraftforge.server.ServerLifecycleHooks/CORE]: Generating PackInfo named mod:betterstrongholds for mod file /workspaces/ServerPrueba/servidor_minecraft/mods/YungsBetterStrongholds-1.20-Forge-4.0.3.jar
[04Apr2025 19:49:19.622] [main/DEBUG] [net.minecraftforge.server.ServerLifecycleHooks/CORE]: Generating PackInfo named mod:tombstone for mod file /workspaces/ServerPrueba/servidor_minecraft/mods/tombstone-1.20.1-8.9.2.jar
[04Apr2025 19:49:19.622] [main/DEBUG] [net.minecraftforge.server.ServerLifecycleHooks/CORE]: Generating PackInfo named mod:cumulus_menus for mod file 
[04Apr2025 19:49:19.622] [main/DEBUG] [net.minecraftforge.server.ServerLifecycleHooks/CORE]: Generating PackInfo named mod:deeperdarker for mod file /workspaces/ServerPrueba/servidor_minecraft/mods/deeperdarker-forge-1.20.1-1.3.3.jar
[04Apr2025 19:49:19.623] [main/DEBUG] [net.minecraftforge.server.ServerLifecycleHooks/CORE]: Generating PackInfo named mod:architectury for mod file /workspaces/ServerPrueba/servidor_minecraft/mods/architectury-9.2.14-forge.jar
[04Apr2025 19:49:19.623] [main/DEBUG] [net.minecraftforge.server.ServerLifecycleHooks/CORE]: Generating PackInfo named mod:simplyswords for mod file /workspaces/ServerPrueba/servidor_minecraft/mods/simplyswords-forge-1.56.0-1.20.1.jar
[04Apr2025 19:49:19.623] [main/DEBUG] [net.minecraftforge.server.ServerLifecycleHooks/CORE]: Generating PackInfo named mod:appleskin for mod file /workspaces/ServerPrueba/servidor_minecraft/mods/appleskin-forge-mc1.20.1-2.5.1.jar
[04Apr2025 19:49:19.623] [main/DEBUG] [net.minecraftforge.server.ServerLifecycleHooks/CORE]: Generating PackInfo named mod:ferritecore for mod file /workspaces/ServerPrueba/servidor_minecraft/mods/ferritecore-6.0.1-forge.jar
[04Apr2025 19:49:19.623] [main/DEBUG] [net.minecraftforge.server.ServerLifecycleHooks/CORE]: Generating PackInfo named mod:betterendisland for mod file /workspaces/ServerPrueba/servidor_minecraft/mods/YungsBetterEndIsland-1.20-Forge-2.0.6.jar
[04Apr2025 19:49:19.623] [main/DEBUG] [net.minecraftforge.server.ServerLifecycleHooks/CORE]: Generating PackInfo named mod:puzzleslib for mod file /workspaces/ServerPrueba/servidor_minecraft/mods/PuzzlesLib-v8.1.29-1.20.1-Forge.jar
[04Apr2025 19:49:19.623] [main/DEBUG] [net.minecraftforge.server.ServerLifecycleHooks/CORE]: Generating PackInfo named mod:dynamic_fps for mod file /workspaces/ServerPrueba/servidor_minecraft/mods/dynamic-fps-3.9.0+minecraft-1.20.0-forge.jar
[04Apr2025 19:49:19.624] [main/DEBUG] [net.minecraftforge.server.ServerLifecycleHooks/CORE]: Generating PackInfo named mod:undergarden for mod file /workspaces/ServerPrueba/servidor_minecraft/mods/The_Undergarden-1.20.1-0.8.14.jar
[04Apr2025 19:49:19.624] [main/DEBUG] [net.minecraftforge.server.ServerLifecycleHooks/CORE]: Generating PackInfo named mod:monolib for mod file /workspaces/ServerPrueba/servidor_minecraft/mods/monolib-forge-1.20.1-2.0.0.jar
[04Apr2025 19:49:19.624] [main/DEBUG] [net.minecraftforge.server.ServerLifecycleHooks/CORE]: Generating PackInfo named mod:more_bows_and_arrows for mod file /workspaces/ServerPrueba/servidor_minecraft/mods/more_bows_and_arrows-merged-1.20.1-4.0.0.jar
[04Apr2025 19:49:19.624] [main/DEBUG] [net.minecraftforge.server.ServerLifecycleHooks/CORE]: Generating PackInfo named mod:justzoom for mod file /workspaces/ServerPrueba/servidor_minecraft/mods/justzoom_forge_2.1.1_MC_1.20.1.jar
[04Apr2025 19:49:19.624] [main/DEBUG] [net.minecraftforge.server.ServerLifecycleHooks/CORE]: Generating PackInfo named mod:nitrogen_internals for mod file 
[04Apr2025 19:49:19.625] [main/DEBUG] [net.minecraftforge.server.ServerLifecycleHooks/CORE]: Generating PackInfo named mod:the_bumblezone for mod file /workspaces/ServerPrueba/servidor_minecraft/mods/the_bumblezone-7.6.7+1.20.1-forge.jar
[04Apr2025 19:49:19.625] [main/DEBUG] [net.minecraftforge.server.ServerLifecycleHooks/CORE]: Generating PackInfo named mod:toms_storage for mod file /workspaces/ServerPrueba/servidor_minecraft/mods/toms_storage-1.20-1.7.0.jar
[04Apr2025 19:49:19.625] [main/DEBUG] [net.minecraftforge.server.ServerLifecycleHooks/CORE]: Generating PackInfo named mod:deep_aether for mod file /workspaces/ServerPrueba/servidor_minecraft/mods/deep_aether-1.20.1-1.1.5.jar
[04Apr2025 19:49:19.625] [main/DEBUG] [net.minecraftforge.server.ServerLifecycleHooks/CORE]: Generating PackInfo named mod:bettermineshafts for mod file /workspaces/ServerPrueba/servidor_minecraft/mods/YungsBetterMineshafts-1.20-Forge-4.0.4.jar
[04Apr2025 19:49:19.625] [main/DEBUG] [net.minecraftforge.server.ServerLifecycleHooks/CORE]: Generating PackInfo named mod:betterjungletemples for mod file /workspaces/ServerPrueba/servidor_minecraft/mods/YungsBetterJungleTemples-1.20-Forge-2.0.5.jar
[04Apr2025 19:49:19.625] [main/DEBUG] [net.minecraftforge.server.ServerLifecycleHooks/CORE]: Generating PackInfo named mod:trimmable_tools for mod file /workspaces/ServerPrueba/servidor_minecraft/mods/trimmable_tools-forge-2.0.5.jar
[04Apr2025 19:49:19.626] [main/DEBUG] [net.minecraftforge.server.ServerLifecycleHooks/CORE]: Generating PackInfo named mod:betteradvancements for mod file /workspaces/ServerPrueba/servidor_minecraft/mods/BetterAdvancements-NeoForge-1.20.1-0.4.2.25.jar
[04Apr2025 19:49:19.679] [main/INFO] [com.teamabnormals.blueprint.core.Blueprint/]: Successfully loaded 0 data remolders!
[04Apr2025 19:49:22.536] [main/DEBUG] [mixin/]: Mixing PrimaryLevelDataMixin from betterendisland.mixins.json into net.minecraft.world.level.storage.PrimaryLevelData
[04Apr2025 19:49:22.540] [main/DEBUG] [mixin/]: Mixing MixinPrimaryLevelData from terrablender.mixins.json into net.minecraft.world.level.storage.PrimaryLevelData
[04Apr2025 19:49:22.560] [main/DEBUG] [mixin/]: Mixing EndDragonFightMixin from betterendisland.mixins.json into net.minecraft.world.level.dimension.end.EndDragonFight
[04Apr2025 19:49:22.561] [main/DEBUG] [mixin/]: Renaming synthetic method lambda$betterendisland$setDragonRespawnStage$6(Lnet/minecraft/util/RandomSource;FLnet/minecraft/core/BlockPos;)V to mdf2554f$lambda$betterendisland$setDragonRespawnStage$6$0 in betterendisland.mixins.json:EndDragonFightMixin
[04Apr2025 19:49:22.561] [main/DEBUG] [mixin/]: Renaming synthetic method lambda$betterendisland$setDragonRespawnStage$5(FLjava/lang/Integer;)V to mdf2554f$lambda$betterendisland$setDragonRespawnStage$5$1 in betterendisland.mixins.json:EndDragonFightMixin
[04Apr2025 19:49:22.561] [main/DEBUG] [mixin/]: Renaming synthetic method lambda$betterendisland$setDragonRespawnStage$4(Lnet/minecraft/util/RandomSource;FLnet/minecraft/core/BlockPos;)V to mdf2554f$lambda$betterendisland$setDragonRespawnStage$4$2 in betterendisland.mixins.json:EndDragonFightMixin
[04Apr2025 19:49:22.561] [main/DEBUG] [mixin/]: Renaming synthetic method lambda$betterendisland$setDragonRespawnStage$3(Lnet/minecraft/server/level/ServerPlayer;)V to mdf2554f$lambda$betterendisland$setDragonRespawnStage$3$3 in betterendisland.mixins.json:EndDragonFightMixin
[04Apr2025 19:49:22.561] [main/DEBUG] [mixin/]: Renaming synthetic method lambda$betterendisland_setDragonKilled$2(ILnet/minecraft/world/level/levelgen/feature/SpikeFeature$EndSpike;)V to mdf2554f$lambda$betterendisland_setDragonKilled$2$4 in betterendisland.mixins.json:EndDragonFightMixin
[04Apr2025 19:49:22.561] [main/DEBUG] [mixin/]: Renaming synthetic method lambda$betterendisland$reset$1(Lnet/minecraft/core/BlockPos;)V to mdf2554f$lambda$betterendisland$reset$1$5 in betterendisland.mixins.json:EndDragonFightMixin
[04Apr2025 19:49:22.561] [main/DEBUG] [mixin/]: Renaming synthetic method lambda$betterendisland$reset$0(Lnet/minecraft/world/level/levelgen/feature/SpikeFeature$EndSpike;)V to mdf2554f$lambda$betterendisland$reset$0$6 in betterendisland.mixins.json:EndDragonFightMixin
[04Apr2025 19:49:22.745] [main/DEBUG] [mixin/]: Mixing LocateSmallNetherDungeonCommandMixin from betterdungeons.mixins.json into net.minecraft.server.commands.LocateCommand
[04Apr2025 19:49:22.746] [main/DEBUG] [mixin/]: Mixing LocateVanillaWitchHutCommandMixin from betterwitchhuts.mixins.json into net.minecraft.server.commands.LocateCommand
[04Apr2025 19:49:22.747] [main/DEBUG] [mixin/]: Mixing LocateVanillaMonumentCommandMixin from betteroceanmonuments.mixins.json into net.minecraft.server.commands.LocateCommand
[04Apr2025 19:49:22.747] [main/DEBUG] [mixin/]: Mixing LocateVanillaPyramidCommandMixin from betterdeserttemples.mixins.json into net.minecraft.server.commands.LocateCommand
[04Apr2025 19:49:22.748] [main/DEBUG] [mixin/]: Mixing LocateVanillaFortressCommandMixin from betterfortresses.mixins.json into net.minecraft.server.commands.LocateCommand
[04Apr2025 19:49:22.748] [main/DEBUG] [mixin/]: Mixing LocateStrongholdCommandMixin from betterstrongholds.mixins.json into net.minecraft.server.commands.LocateCommand
[04Apr2025 19:49:22.749] [main/DEBUG] [mixin/]: Mixing LocateVanillaMineshaftCommandMixin from bettermineshafts.mixins.json into net.minecraft.server.commands.LocateCommand
[04Apr2025 19:49:22.750] [main/DEBUG] [mixin/]: Mixing LocateVanillaJungleTempleCommandMixin from betterjungletemples.mixins.json into net.minecraft.server.commands.LocateCommand
[04Apr2025 19:49:22.773] [main/DEBUG] [mixin/]: Mixing TemplateMixins$PlaceCommandMixin from structure_gel.mixins.json into net.minecraft.server.commands.PlaceCommand
[04Apr2025 19:49:22.811] [main/DEBUG] [net.minecraftforge.coremod.transformer.CoreModBaseTransformer/COREMOD]: Transforming net/minecraft/server/commands/SummonCommand
[04Apr2025 19:49:22.965] [main/DEBUG] [mixin/]: Mixing common.ForgeEventFactoryMixin from aether.mixins.json into net.minecraftforge.event.ForgeEventFactory
[04Apr2025 19:49:22.966] [main/DEBUG] [mixin/]: Mixing ForgeEventFactoryMixin from blueprint.mixins.json into net.minecraftforge.event.ForgeEventFactory
[04Apr2025 19:49:23.107] [main/DEBUG] [mixin/]: Mixing SimpleReloadInstanceMixin from blueprint.mixins.json into net.minecraft.server.packs.resources.SimpleReloadInstance
[04Apr2025 19:49:23.449] [Worker-Main-1/DEBUG] [mixin/]: Mixing MixinNbtPredicate from curios.mixins.json into net.minecraft.advancements.critereon.NbtPredicate
[04Apr2025 19:49:23.459] [Worker-Main-1/DEBUG] [net.minecraftforge.coremod.transformer.CoreModBaseTransformer/COREMOD]: Transforming net/minecraft/world/entity/raid/Raid
[04Apr2025 19:49:23.705] [Worker-Main-1/DEBUG] [mixin/]: Mixing ItemInputMixin from tombstone.mixins.json into net.minecraft.commands.arguments.item.ItemInput
[04Apr2025 19:49:23.996] [Worker-Main-2/DEBUG] [mixin/]: Mixing common.accessor.LootContextParamSetsAccessor from aether.mixins.json into net.minecraft.world.level.storage.loot.parameters.LootContextParamSets
[04Apr2025 19:49:23.996] [Worker-Main-2/DEBUG] [mixin/]: Renaming @Invoker method callRegister(Ljava/lang/String;Ljava/util/function/Consumer;)Lnet/minecraft/world/level/storage/loot/parameters/LootContextParamSet; to callRegister_$md$f2554f$0 in aether.mixins.json:common.accessor.LootContextParamSetsAccessor
[04Apr2025 19:49:29.266] [main/INFO] [com.teamabnormals.blueprint.core.Blueprint/]: Loot Modification Manager has loaded 0 modifier groups
[04Apr2025 19:49:29.482] [main/DEBUG] [mixin/]: Mixing AccessorSmithingTrimRecipe from patchouli_xplat.mixins.json into net.minecraft.world.item.crafting.SmithingTrimRecipe
[04Apr2025 19:49:29.498] [main/INFO] [net.minecraft.world.item.crafting.RecipeManager/]: Skipping loading recipe twilightforest:jeed/frosted as it's serializer returned null
[04Apr2025 19:49:29.509] [main/INFO] [net.minecraft.world.item.crafting.RecipeManager/]: Skipping loading recipe twilightforest:jeed/hunger as it's serializer returned null
[04Apr2025 19:49:29.567] [main/DEBUG] [mixin/]: Mixing item.PotionCandleRecipeMixin from the_bumblezone-forge.mixins.json into com.telepathicgrunt.the_bumblezone.items.recipes.PotionCandleRecipe
[04Apr2025 19:49:29.576] [main/INFO] [net.minecraft.world.item.crafting.RecipeManager/]: Skipping loading recipe twilightforest:jeed/blindness as it's serializer returned null
[04Apr2025 19:49:29.594] [main/INFO] [net.minecraft.world.item.crafting.RecipeManager/]: Skipping loading recipe twilightforest:jeed/poison as it's serializer returned null
[04Apr2025 19:49:29.633] [main/INFO] [net.minecraft.world.item.crafting.RecipeManager/]: Skipping loading recipe twilightforest:jeed/resistance as it's serializer returned null
[04Apr2025 19:49:29.661] [main/INFO] [net.minecraft.world.item.crafting.RecipeManager/]: Skipping loading recipe twilightforest:jeed/regeneration as it's serializer returned null
[04Apr2025 19:49:29.662] [main/INFO] [net.minecraft.world.item.crafting.RecipeManager/]: Skipping loading recipe twilightforest:jeed/slowness as it's serializer returned null
[04Apr2025 19:49:29.666] [main/INFO] [net.minecraft.world.item.crafting.RecipeManager/]: Skipping loading recipe twilightforest:jeed/fire_resistance as it's serializer returned null
[04Apr2025 19:49:29.670] [main/INFO] [net.minecraft.world.item.crafting.RecipeManager/]: Loaded 28 recipes
[04Apr2025 19:49:29.671] [main/INFO] [com.teamabnormals.blueprint.core.Blueprint/]: Advancement Modification Manager has loaded 0 modifier groups
[04Apr2025 19:49:29.675] [main/DEBUG] [mixin/]: Mixing AdvancementBuilderMixin from blueprint.mixins.json into net.minecraft.advancements.Advancement$Builder
[04Apr2025 19:49:29.963] [main/INFO] [net.minecraft.advancements.AdvancementList/]: Loaded 5469 advancements
[04Apr2025 19:49:29.969] [main/INFO] [ModdingLegacy/blue_skies/SkiesDataManager/]: Loaded 8 tool_handle_types
[04Apr2025 19:49:29.969] [main/INFO] [ModdingLegacy/blue_skies/SkiesDataManager/]: Loaded 37 snowcap_oven_freezing_recipes
[04Apr2025 19:49:29.969] [main/INFO] [ModdingLegacy/blue_skies/SkiesDataManager/]: Loaded 7 horizonite_forge_fuels
[04Apr2025 19:49:29.970] [main/INFO] [ModdingLegacy/blue_skies/SkiesDataManager/]: Loaded 12 snowcap_mushroom_freezing
[04Apr2025 19:49:29.984] [main/INFO] [ModdingLegacy/blue_skies/SkiesDataManager/]: Loaded 70 alchemy_recipes
[04Apr2025 19:49:29.987] [main/INFO] [ModdingLegacy/blue_skies/SkiesDataManager/]: Loaded 81 journal/entries
[04Apr2025 19:49:29.987] [main/INFO] [ModdingLegacy/blue_skies/SkiesDataManager/]: Loaded 3 journal/sections
[04Apr2025 19:49:29.987] [main/INFO] [ModdingLegacy/blue_skies/SkiesDataManager/]: Loaded 7 journal/requirements
[04Apr2025 19:49:29.988] [main/DEBUG] [sophisticatedbackpacks/]: Started loading registry data from sophisticatedbackpacks:compat/woot/block_tools 
[04Apr2025 19:49:29.988] [main/DEBUG] [sophisticatedbackpacks/]: Started loading registry data from sophisticatedbackpacks:compat/fluxnetworks/block_tools 
[04Apr2025 19:49:29.989] [main/DEBUG] [sophisticatedbackpacks/]: Started loading registry data from sophisticatedbackpacks:compat/mob_grinding_utils/entity_tools 
[04Apr2025 19:49:29.989] [main/DEBUG] [sophisticatedbackpacks/]: Started loading registry data from sophisticatedbackpacks:compat/astralsorcery/block_tools 
[04Apr2025 19:49:29.989] [main/DEBUG] [sophisticatedbackpacks/]: Started loading registry data from sophisticatedbackpacks:compat/immersivepetroleum/block_tools 
[04Apr2025 19:49:29.989] [main/DEBUG] [sophisticatedbackpacks/]: Started loading registry data from sophisticatedbackpacks:compat/immersiveengineering/block_tools 
[04Apr2025 19:49:29.989] [main/DEBUG] [sophisticatedbackpacks/]: Started loading registry data from sophisticatedbackpacks:compat/pedestals/block_tools 
[04Apr2025 19:49:29.989] [main/DEBUG] [sophisticatedbackpacks/]: Started loading registry data from sophisticatedbackpacks:compat/platforms/block_tools 
[04Apr2025 19:49:29.989] [main/DEBUG] [sophisticatedbackpacks/]: Started loading registry data from sophisticatedbackpacks:compat/rftoolsutility/entity_tools 
[04Apr2025 19:49:29.989] [main/DEBUG] [sophisticatedbackpacks/]: Started loading registry data from sophisticatedbackpacks:compat/compactmachines/block_tools 
[04Apr2025 19:49:29.989] [main/DEBUG] [sophisticatedbackpacks/]: Started loading registry data from sophisticatedbackpacks:compat/mcwwindows/block_tools 
[04Apr2025 19:49:29.989] [main/DEBUG] [sophisticatedbackpacks/]: Started loading registry data from sophisticatedbackpacks:compat/integrateddynamics/block_tools 
[04Apr2025 19:49:29.989] [main/DEBUG] [sophisticatedbackpacks/]: Started loading registry data from sophisticatedbackpacks:entity_tools 
[04Apr2025 19:49:29.991] [main/DEBUG] [sophisticatedbackpacks/]: Finished loading registry data for sophisticatedbackpacks:entity_tools
[04Apr2025 19:49:29.992] [main/DEBUG] [sophisticatedbackpacks/]: Started loading registry data from sophisticatedbackpacks:compat/mekanism/block_tools 
[04Apr2025 19:49:29.992] [main/DEBUG] [sophisticatedbackpacks/]: Started loading registry data from sophisticatedbackpacks:compat/powah/block_tools 
[04Apr2025 19:49:29.992] [main/DEBUG] [sophisticatedbackpacks/]: Started loading registry data from sophisticatedbackpacks:compat/apotheosis/entity_tools 
[04Apr2025 19:49:29.992] [main/DEBUG] [sophisticatedbackpacks/]: Started loading registry data from sophisticatedbackpacks:compat/bloodmagic/block_tools 
[04Apr2025 19:49:29.992] [main/DEBUG] [sophisticatedbackpacks/]: Started loading registry data from sophisticatedbackpacks:compat/immersiveposts/block_tools 
[04Apr2025 19:49:29.992] [main/DEBUG] [sophisticatedbackpacks/]: Started loading registry data from sophisticatedbackpacks:compat/rats/entity_tools 
[04Apr2025 19:49:29.992] [main/DEBUG] [sophisticatedbackpacks/]: Started loading registry data from sophisticatedbackpacks:compat/framedcompactdrawers/block_tools 
[04Apr2025 19:49:29.992] [main/DEBUG] [sophisticatedbackpacks/]: Started loading registry data from sophisticatedbackpacks:compat/iceandfire/entity_tools 
[04Apr2025 19:49:29.992] [main/DEBUG] [sophisticatedbackpacks/]: Finished loading registry data for sophisticatedbackpacks:compat/iceandfire/entity_tools
[04Apr2025 19:49:29.992] [main/DEBUG] [sophisticatedbackpacks/]: Started loading registry data from sophisticatedbackpacks:compat/storagedrawers/block_tools 
[04Apr2025 19:49:29.992] [main/DEBUG] [sophisticatedbackpacks/]: Started loading registry data from sophisticatedbackpacks:compat/mcwroofs/block_tools 
[04Apr2025 19:49:29.992] [main/DEBUG] [sophisticatedbackpacks/]: Started loading registry data from sophisticatedbackpacks:compat/morphtool/block_tools 
[04Apr2025 19:49:29.992] [main/DEBUG] [sophisticatedbackpacks/]: Started loading registry data from sophisticatedbackpacks:compat/botania/block_tools 
[04Apr2025 19:49:29.992] [main/DEBUG] [sophisticatedbackpacks/]: Started loading registry data from sophisticatedbackpacks:compat/pneumaticraft/block_tools 
[04Apr2025 19:49:29.992] [main/DEBUG] [sophisticatedbackpacks/]: Started loading registry data from sophisticatedbackpacks:compat/shrink/entity_tools 
[04Apr2025 19:49:29.992] [main/DEBUG] [sophisticatedbackpacks/]: Started loading registry data from sophisticatedbackpacks:compat/blockcarpentry/block_tools 
[04Apr2025 19:49:29.992] [main/DEBUG] [sophisticatedbackpacks/]: Started loading registry data from sophisticatedbackpacks:compat/pipez/block_tools 
[04Apr2025 19:49:29.992] [main/DEBUG] [sophisticatedbackpacks/]: Started loading registry data from sophisticatedbackpacks:compat/transport/block_tools 
[04Apr2025 19:49:29.992] [main/DEBUG] [sophisticatedbackpacks/]: Started loading registry data from sophisticatedbackpacks:compat/thermal/block_tools 
[04Apr2025 19:49:29.992] [main/DEBUG] [sophisticatedbackpacks/]: Started loading registry data from sophisticatedbackpacks:block_tools 
[04Apr2025 19:49:29.993] [main/DEBUG] [sophisticatedbackpacks/]: Finished loading registry data for sophisticatedbackpacks:block_tools
[04Apr2025 19:49:29.993] [main/DEBUG] [sophisticatedbackpacks/]: Started loading registry data from sophisticatedbackpacks:compat/create/block_tools 
[04Apr2025 19:49:29.993] [main/DEBUG] [sophisticatedbackpacks/]: Started loading registry data from sophisticatedbackpacks:compat/farmersdelight/entity_tools 
[04Apr2025 19:49:29.993] [main/DEBUG] [sophisticatedbackpacks/]: Finished loading registry data for sophisticatedbackpacks:compat/farmersdelight/entity_tools
[04Apr2025 19:49:29.993] [main/DEBUG] [sophisticatedbackpacks/]: Started loading registry data from sophisticatedbackpacks:compat/refinedstorage/block_tools 
[04Apr2025 19:49:29.994] [main/DEBUG] [sophisticatedbackpacks/]: Started loading registry data from sophisticatedbackpacks:compat/chiselsandbits/block_tools 
[04Apr2025 19:49:29.994] [main/DEBUG] [sophisticatedbackpacks/]: Started loading registry data from sophisticatedbackpacks:compat/farmersdelight/block_tools 
[04Apr2025 19:49:29.994] [main/DEBUG] [sophisticatedbackpacks/]: Finished loading registry data for sophisticatedbackpacks:compat/farmersdelight/block_tools
[04Apr2025 19:49:29.994] [main/DEBUG] [sophisticatedbackpacks/]: Started loading registry data from sophisticatedbackpacks:compat/resourcefulbees/entity_tools 
[04Apr2025 19:49:29.994] [main/DEBUG] [sophisticatedbackpacks/]: Started loading registry data from sophisticatedbackpacks:compat/tetra/swords 
[04Apr2025 19:49:29.994] [main/DEBUG] [sophisticatedbackpacks/]: Started loading registry data from sophisticatedbackpacks:swords 
[04Apr2025 19:49:29.994] [main/DEBUG] [sophisticatedbackpacks/]: Finished loading registry data for sophisticatedbackpacks:swords
[04Apr2025 19:49:29.994] [main/DEBUG] [sophisticatedbackpacks/]: Started loading registry data from sophisticatedbackpacks:compat/mythicbotany/block_tools 
[04Apr2025 19:49:29.994] [main/DEBUG] [sophisticatedbackpacks/]: Started loading registry data from sophisticatedbackpacks:compat/resourcefulbees/block_tools 
[04Apr2025 19:49:29.994] [main/DEBUG] [sophisticatedbackpacks/]: Started loading registry data from sophisticatedbackpacks:compat/syp/entity_tools 
[04Apr2025 19:49:29.994] [main/DEBUG] [sophisticatedbackpacks/]: Started loading registry data from sophisticatedbackpacks:compat/eidolon/block_tools 
[04Apr2025 19:49:29.994] [main/DEBUG] [sophisticatedbackpacks/]: Started loading registry data from sophisticatedbackpacks:compat/rftoolsbase/block_tools 
[04Apr2025 19:49:29.994] [main/INFO] [com.teamabnormals.blueprint.core.Blueprint/]: Chunk Generator Modification Manager has loaded 0 modifier groups
[04Apr2025 19:49:29.996] [main/INFO] [twilightforest/]: Loaded 9 Stalactite configs!
[04Apr2025 19:49:30.022] [main/INFO] [top.theillusivec4.curios.Curios/]: Loaded 18 curio slots
[04Apr2025 19:49:30.032] [main/INFO] [top.theillusivec4.curios.Curios/]: Loaded 9 curio entities
[04Apr2025 19:49:33.576] [main/ERROR] [com.telepathicgrunt.the_bumblezone.Bumblezone/]: Trade result entry is set to required but minecraft:oak_branch item does not exist.
[04Apr2025 19:49:33.589] [main/ERROR] [com.telepathicgrunt.the_bumblezone.Bumblezone/]: Trade result entry is set to required but minecraft:oak_shrub item does not exist.
[04Apr2025 19:49:33.706] [main/DEBUG] [net.minecraftforge.common.ForgeHooks/WP]: Gathering id map for writing to world save world
[04Apr2025 19:49:33.778] [main/DEBUG] [net.minecraftforge.common.ForgeHooks/WP]: ID Map collection complete world
[04Apr2025 19:49:33.881] [Server thread/INFO] [net.minecraft.server.dedicated.DedicatedServer/]: Starting minecraft server version 1.20.1
[04Apr2025 19:49:33.881] [Server thread/INFO] [net.minecraft.server.dedicated.DedicatedServer/]: Loading properties
[04Apr2025 19:49:33.882] [Server thread/INFO] [net.minecraft.server.dedicated.DedicatedServer/]: Default game type: SURVIVAL
[04Apr2025 19:49:33.882] [Server thread/INFO] [net.minecraft.server.MinecraftServer/]: Generating keypair
[04Apr2025 19:49:34.032] [Server thread/INFO] [net.minecraft.server.dedicated.DedicatedServer/]: Starting Minecraft server on *:25565
[04Apr2025 19:49:34.033] [Server thread/DEBUG] [net.minecraftforge.network.DualStackUtils/]: Detected IPv6 address: "0:0:0:0:0:0:0:0"
[04Apr2025 19:49:34.042] [Server thread/DEBUG] [io.netty.util.internal.NativeLibraryLoader/]: -Dio.netty.native.workdir: /tmp (io.netty.tmpdir)
[04Apr2025 19:49:34.042] [Server thread/DEBUG] [io.netty.util.internal.NativeLibraryLoader/]: -Dio.netty.native.deleteLibAfterLoading: true
[04Apr2025 19:49:34.042] [Server thread/DEBUG] [io.netty.util.internal.NativeLibraryLoader/]: -Dio.netty.native.tryPatchShadedId: true
[04Apr2025 19:49:34.042] [Server thread/DEBUG] [io.netty.util.internal.NativeLibraryLoader/]: -Dio.netty.native.detectNativeLibraryDuplicates: true
[04Apr2025 19:49:34.050] [Server thread/DEBUG] [io.netty.util.internal.NativeLibraryLoader/]: Successfully loaded the library /tmp/libnetty_transport_native_epoll_x86_6479927581458250352.so
[04Apr2025 19:49:34.053] [Server thread/DEBUG] [io.netty.util.NetUtil/]: -Djava.net.preferIPv4Stack: false
[04Apr2025 19:49:34.053] [Server thread/DEBUG] [io.netty.util.NetUtil/]: -Djava.net.preferIPv6Addresses: true
[04Apr2025 19:49:34.056] [Server thread/DEBUG] [io.netty.util.NetUtilInitializations/]: Loopback interface: lo (lo, 0:0:0:0:0:0:0:1%lo)
[04Apr2025 19:49:34.057] [Server thread/DEBUG] [io.netty.util.NetUtil/]: /proc/sys/net/core/somaxconn: 4096
[04Apr2025 19:49:34.061] [Server thread/INFO] [net.minecraft.server.network.ServerConnectionListener/]: Using epoll channel type
[04Apr2025 19:49:34.075] [Server thread/DEBUG] [mixin/]: Mixing MixinConnection from badpackets.mixins.json into net.minecraft.network.Connection
[04Apr2025 19:49:34.077] [Server thread/DEBUG] [mixin/]: badpackets.mixins.json:MixinConnection: Class version 61 required is higher than the class version supported by the current version of Mixin (JAVA_16 supports class version 60)
[04Apr2025 19:49:34.089] [Server thread/DEBUG] [io.netty.channel.MultithreadEventLoopGroup/]: -Dio.netty.eventLoopThreads: 8
[04Apr2025 19:49:34.113] [Server thread/DEBUG] [io.netty.util.internal.PlatformDependent/]: org.jctools-core.MpscChunkedArrayQueue: available
[04Apr2025 19:49:34.123] [Server thread/DEBUG] [io.netty.channel.DefaultChannelId/]: -Dio.netty.processId: 4012 (auto-detected)
[04Apr2025 19:49:34.124] [Server thread/DEBUG] [io.netty.channel.DefaultChannelId/]: -Dio.netty.machineId: 00:0d:3a:ff:fe:7f:de:87 (auto-detected)
[04Apr2025 19:49:34.141] [Server thread/DEBUG] [io.netty.buffer.PooledByteBufAllocator/]: -Dio.netty.allocator.numHeapArenas: 8
[04Apr2025 19:49:34.141] [Server thread/DEBUG] [io.netty.buffer.PooledByteBufAllocator/]: -Dio.netty.allocator.numDirectArenas: 8
[04Apr2025 19:49:34.141] [Server thread/DEBUG] [io.netty.buffer.PooledByteBufAllocator/]: -Dio.netty.allocator.pageSize: 8192
[04Apr2025 19:49:34.141] [Server thread/DEBUG] [io.netty.buffer.PooledByteBufAllocator/]: -Dio.netty.allocator.maxOrder: 9
[04Apr2025 19:49:34.142] [Server thread/DEBUG] [io.netty.buffer.PooledByteBufAllocator/]: -Dio.netty.allocator.chunkSize: 4194304
[04Apr2025 19:49:34.142] [Server thread/DEBUG] [io.netty.buffer.PooledByteBufAllocator/]: -Dio.netty.allocator.smallCacheSize: 256
[04Apr2025 19:49:34.142] [Server thread/DEBUG] [io.netty.buffer.PooledByteBufAllocator/]: -Dio.netty.allocator.normalCacheSize: 64
[04Apr2025 19:49:34.142] [Server thread/DEBUG] [io.netty.buffer.PooledByteBufAllocator/]: -Dio.netty.allocator.maxCachedBufferCapacity: 32768
[04Apr2025 19:49:34.142] [Server thread/DEBUG] [io.netty.buffer.PooledByteBufAllocator/]: -Dio.netty.allocator.cacheTrimInterval: 8192
[04Apr2025 19:49:34.142] [Server thread/DEBUG] [io.netty.buffer.PooledByteBufAllocator/]: -Dio.netty.allocator.cacheTrimIntervalMillis: 0
[04Apr2025 19:49:34.142] [Server thread/DEBUG] [io.netty.buffer.PooledByteBufAllocator/]: -Dio.netty.allocator.useCacheForAllThreads: false
[04Apr2025 19:49:34.142] [Server thread/DEBUG] [io.netty.buffer.PooledByteBufAllocator/]: -Dio.netty.allocator.maxCachedByteBuffersPerChunk: 1023
[04Apr2025 19:49:34.151] [Server thread/DEBUG] [io.netty.buffer.ByteBufUtil/]: -Dio.netty.allocator.type: pooled
[04Apr2025 19:49:34.151] [Server thread/DEBUG] [io.netty.buffer.ByteBufUtil/]: -Dio.netty.threadLocalDirectBufferSize: 0
[04Apr2025 19:49:34.151] [Server thread/DEBUG] [io.netty.buffer.ByteBufUtil/]: -Dio.netty.maxThreadLocalCharBufferSize: 16384
[04Apr2025 19:49:34.163] [Server thread/WARN] [net.minecraft.server.dedicated.DedicatedServer/]: **** SERVER IS RUNNING IN OFFLINE/INSECURE MODE!
[04Apr2025 19:49:34.163] [Server thread/WARN] [net.minecraft.server.dedicated.DedicatedServer/]: The server will make no attempt to authenticate usernames. Beware.
[04Apr2025 19:49:34.164] [Server thread/WARN] [net.minecraft.server.dedicated.DedicatedServer/]: While this makes the game possible to play without internet access, it also opens up the ability for hackers to connect with any username they choose.
[04Apr2025 19:49:34.165] [Server thread/WARN] [net.minecraft.server.dedicated.DedicatedServer/]: To change this, set "online-mode" to "true" in the server.properties file.
[04Apr2025 19:49:34.179] [Server thread/DEBUG] [net.minecraftforge.fml.config.ConfigTracker/CONFIG]: Loading configs type SERVER
[04Apr2025 19:49:34.180] [Server thread/DEBUG] [net.minecraftforge.fml.config.ConfigFileTypeHandler/CONFIG]: Built TOML config for ./world/serverconfig/jei-server.toml
[04Apr2025 19:49:34.180] [Server thread/DEBUG] [net.minecraftforge.fml.config.ConfigFileTypeHandler/CONFIG]: Loaded TOML config file ./world/serverconfig/jei-server.toml
[04Apr2025 19:49:34.181] [Server thread/DEBUG] [net.minecraftforge.fml.config.ConfigFileTypeHandler/CONFIG]: Watching TOML config file ./world/serverconfig/jei-server.toml for changes
[04Apr2025 19:49:34.181] [Server thread/DEBUG] [net.minecraftforge.fml.config.ConfigFileTypeHandler/CONFIG]: Built TOML config for ./world/serverconfig/aether-server.toml
[04Apr2025 19:49:34.182] [Server thread/DEBUG] [net.minecraftforge.fml.config.ConfigFileTypeHandler/CONFIG]: Loaded TOML config file ./world/serverconfig/aether-server.toml
[04Apr2025 19:49:34.182] [Server thread/DEBUG] [net.minecraftforge.fml.config.ConfigFileTypeHandler/CONFIG]: Watching TOML config file ./world/serverconfig/aether-server.toml for changes
[04Apr2025 19:49:34.182] [Thread-1/DEBUG] [net.minecraftforge.fml.config.ConfigFileTypeHandler/CONFIG]: Config file aether-server.toml changed, sending notifies
[04Apr2025 19:49:34.182] [Server thread/DEBUG] [net.minecraftforge.fml.config.ConfigFileTypeHandler/CONFIG]: Built TOML config for ./world/serverconfig/sophisticatedbackpacks-server.toml
[04Apr2025 19:49:34.184] [Thread-1/DEBUG] [net.minecraftforge.fml.config.ConfigFileTypeHandler/CONFIG]: Config file aether-server.toml changed, sending notifies
[04Apr2025 19:49:34.186] [Server thread/DEBUG] [net.minecraftforge.fml.config.ConfigFileTypeHandler/CONFIG]: Loaded TOML config file ./world/serverconfig/sophisticatedbackpacks-server.toml
[04Apr2025 19:49:34.186] [Server thread/DEBUG] [net.minecraftforge.fml.config.ConfigFileTypeHandler/CONFIG]: Watching TOML config file ./world/serverconfig/sophisticatedbackpacks-server.toml for changes
[04Apr2025 19:49:34.190] [Server thread/DEBUG] [net.minecraftforge.fml.config.ConfigFileTypeHandler/CONFIG]: Built TOML config for ./world/serverconfig/forge-server.toml
[04Apr2025 19:49:34.191] [Server thread/DEBUG] [net.minecraftforge.fml.config.ConfigFileTypeHandler/CONFIG]: Loaded TOML config file ./world/serverconfig/forge-server.toml
[04Apr2025 19:49:34.191] [Thread-1/DEBUG] [net.minecraftforge.fml.config.ConfigFileTypeHandler/CONFIG]: Config file sophisticatedbackpacks-server.toml changed, sending notifies
[04Apr2025 19:49:34.191] [Server thread/DEBUG] [net.minecraftforge.fml.config.ConfigFileTypeHandler/CONFIG]: Watching TOML config file ./world/serverconfig/forge-server.toml for changes
[04Apr2025 19:49:34.191] [Server thread/DEBUG] [net.minecraftforge.common.ForgeConfig/FORGEMOD]: Loaded forge config file forge-server.toml
[04Apr2025 19:49:34.192] [Thread-1/DEBUG] [net.minecraftforge.fml.config.ConfigFileTypeHandler/CONFIG]: Config file forge-server.toml changed, sending notifies
[04Apr2025 19:49:34.192] [Thread-1/DEBUG] [net.minecraftforge.common.ForgeConfig/FORGEMOD]: Forge config just got changed on the file system!
[04Apr2025 19:49:34.193] [Thread-1/DEBUG] [net.minecraftforge.fml.config.ConfigFileTypeHandler/CONFIG]: Config file forge-server.toml changed, sending notifies
[04Apr2025 19:49:34.193] [Thread-1/DEBUG] [net.minecraftforge.common.ForgeConfig/FORGEMOD]: Forge config just got changed on the file system!
[04Apr2025 19:49:34.196] [Server thread/DEBUG] [fuzs.puzzleslib.impl.config.core.ForgeConfigFileTypeHandler/CONFIG]: Built TOML config for /workspaces/ServerPrueba/servidor_minecraft/config/hangglider-server.toml
[04Apr2025 19:49:34.197] [Server thread/DEBUG] [fuzs.puzzleslib.impl.config.core.ForgeConfigFileTypeHandler/CONFIG]: Loaded TOML config file /workspaces/ServerPrueba/servidor_minecraft/config/hangglider-server.toml
[04Apr2025 19:49:34.198] [Server thread/DEBUG] [fuzs.puzzleslib.impl.config.core.ForgeConfigFileTypeHandler/CONFIG]: Watching TOML config file /workspaces/ServerPrueba/servidor_minecraft/config/hangglider-server.toml for changes
[04Apr2025 19:49:34.202] [Server thread/INFO] [Puzzles Lib/]: Loading server config for hangglider
[04Apr2025 19:49:34.203] [Server thread/DEBUG] [net.minecraftforge.fml.config.ConfigFileTypeHandler/CONFIG]: Built TOML config for ./world/serverconfig/curios-server.toml
[04Apr2025 19:49:34.204] [Server thread/DEBUG] [net.minecraftforge.fml.config.ConfigFileTypeHandler/CONFIG]: Loaded TOML config file ./world/serverconfig/curios-server.toml
[04Apr2025 19:49:34.204] [Server thread/DEBUG] [net.minecraftforge.fml.config.ConfigFileTypeHandler/CONFIG]: Watching TOML config file ./world/serverconfig/curios-server.toml for changes
[04Apr2025 19:49:34.204] [Server thread/DEBUG] [net.minecraftforge.fml.config.ConfigFileTypeHandler/CONFIG]: Built TOML config for /workspaces/ServerPrueba/servidor_minecraft/config/tombstone-server.toml
[04Apr2025 19:49:34.205] [Thread-1/DEBUG] [fuzs.puzzleslib.impl.config.core.ForgeConfigFileTypeHandler/CONFIG]: Config file hangglider-server.toml changed, sending notifies
[04Apr2025 19:49:34.205] [Server thread/DEBUG] [net.minecraftforge.fml.config.ConfigFileTypeHandler/CONFIG]: Loaded TOML config file /workspaces/ServerPrueba/servidor_minecraft/config/tombstone-server.toml
[04Apr2025 19:49:34.206] [Server thread/DEBUG] [net.minecraftforge.fml.config.ConfigFileTypeHandler/CONFIG]: Watching TOML config file /workspaces/ServerPrueba/servidor_minecraft/config/tombstone-server.toml for changes
[04Apr2025 19:49:34.207] [Server thread/DEBUG] [net.minecraftforge.fml.config.ConfigFileTypeHandler/CONFIG]: Built TOML config for ./world/serverconfig/toms_storage-server.toml
[04Apr2025 19:49:34.207] [Server thread/DEBUG] [net.minecraftforge.fml.config.ConfigFileTypeHandler/CONFIG]: Loaded TOML config file ./world/serverconfig/toms_storage-server.toml
[04Apr2025 19:49:34.208] [Server thread/DEBUG] [net.minecraftforge.fml.config.ConfigFileTypeHandler/CONFIG]: Watching TOML config file ./world/serverconfig/toms_storage-server.toml for changes
[04Apr2025 19:49:34.207] [Thread-1/INFO] [Puzzles Lib/]: Reloading server config for hangglider
[04Apr2025 19:49:34.208] [Server thread/INFO] [com.tom.storagemod.StorageMod/]: Loaded Tom's Simple Storage config file toms_storage-server.toml
[04Apr2025 19:49:34.211] [Thread-1/DEBUG] [fuzs.puzzleslib.impl.config.core.ForgeConfigFileTypeHandler/CONFIG]: Config file hangglider-server.toml changed, sending notifies
[04Apr2025 19:49:34.211] [Thread-1/INFO] [Puzzles Lib/]: Reloading server config for hangglider
[04Apr2025 19:49:34.213] [Server thread/DEBUG] [mixin/]: Mixing accessor.BiomeSpecialEffectsBuilderForgeAccessor from puzzleslib.forge.mixins.json into net.minecraft.world.level.biome.BiomeSpecialEffects$Builder
[04Apr2025 19:49:34.236] [Server thread/DEBUG] [com.github.alexthe666.iceandfire.IceAndFire/]: Added the following features to the biome [regions_unexplored:alpha_grove]: 
	- iceandfire:silver_ore
[04Apr2025 19:49:34.238] [Server thread/DEBUG] [com.github.alexthe666.iceandfire.IceAndFire/]: Added the following features to the biome [terralith:alpha_islands]: 
	- iceandfire:silver_ore
[04Apr2025 19:49:34.239] [Server thread/DEBUG] [com.github.alexthe666.iceandfire.IceAndFire/]: Added the following features to the biome [terralith:alpha_islands_winter]: 
	- iceandfire:frost_lily
	- iceandfire:silver_ore
	- iceandfire:sapphire_ore
	- iceandfire:ice_dragon_roost
	- iceandfire:ice_dragon_cave
	- iceandfire:spawn_dragon_skeleton_ice
[04Apr2025 19:49:34.241] [Server thread/DEBUG] [com.github.alexthe666.iceandfire.IceAndFire/]: Added the following features to the biome [terralith:alpine_grove]: 
	- iceandfire:frost_lily
	- iceandfire:silver_ore
	- iceandfire:sapphire_ore
	- iceandfire:ice_dragon_roost
	- iceandfire:ice_dragon_cave
	- iceandfire:spawn_dragon_skeleton_ice
[04Apr2025 19:49:34.242] [Server thread/DEBUG] [com.github.alexthe666.iceandfire.IceAndFire/]: Added the following features to the biome [terralith:alpine_highlands]: 
	- iceandfire:silver_ore
	- iceandfire:ice_dragon_roost
	- iceandfire:ice_dragon_cave
	- iceandfire:spawn_wandering_cyclops
[04Apr2025 19:49:34.246] [Server thread/DEBUG] [com.github.alexthe666.iceandfire.IceAndFire/]: Added the following features to the biome [terralith:amethyst_canyon]: 
	- iceandfire:fire_lily
	- iceandfire:silver_ore
	- iceandfire:lightning_dragon_roost
	- iceandfire:lightning_dragon_cave
	- iceandfire:myrmex_hive_jungle
[04Apr2025 19:49:34.250] [Server thread/DEBUG] [com.github.alexthe666.iceandfire.IceAndFire/]: Added the following features to the biome [terralith:amethyst_rainforest]: 
	- iceandfire:fire_lily
	- iceandfire:silver_ore
	- iceandfire:lightning_dragon_roost
	- iceandfire:lightning_dragon_cave
	- iceandfire:myrmex_hive_jungle
[04Apr2025 19:49:34.255] [Server thread/DEBUG] [com.github.alexthe666.iceandfire.IceAndFire/]: Added the following features to the biome [regions_unexplored:ancient_delta]: 
	- iceandfire:silver_ore
[04Apr2025 19:49:34.257] [Server thread/DEBUG] [com.github.alexthe666.iceandfire.IceAndFire/]: Added the following features to the biome [terralith:ancient_sands]: 
	- iceandfire:fire_lily
	- iceandfire:silver_ore
	- iceandfire:fire_dragon_roost
	- iceandfire:fire_dragon_cave
	- iceandfire:myrmex_hive_desert
	- iceandfire:spawn_death_worm
	- iceandfire:spawn_dragon_skeleton_fire
[04Apr2025 19:49:34.260] [Server thread/DEBUG] [com.github.alexthe666.iceandfire.IceAndFire/]: Added the following features to the biome [terralith:arid_highlands]: 
	- iceandfire:fire_lily
	- iceandfire:silver_ore
	- iceandfire:fire_dragon_roost
	- iceandfire:fire_dragon_cave
[04Apr2025 19:49:34.263] [Server thread/DEBUG] [com.github.alexthe666.iceandfire.IceAndFire/]: Added the following features to the biome [regions_unexplored:arid_mountains]: 
	- iceandfire:fire_lily
	- iceandfire:silver_ore
	- iceandfire:fire_dragon_roost
	- iceandfire:fire_dragon_cave
[04Apr2025 19:49:34.265] [Server thread/DEBUG] [com.github.alexthe666.iceandfire.IceAndFire/]: Added the following features to the biome [terralith:ashen_savanna]: 
	- iceandfire:fire_lily
	- iceandfire:silver_ore
	- iceandfire:fire_dragon_roost
	- iceandfire:lightning_dragon_roost
	- iceandfire:fire_dragon_cave
	- iceandfire:lightning_dragon_cave
[04Apr2025 19:49:34.267] [Server thread/DEBUG] [com.github.alexthe666.iceandfire.IceAndFire/]: Added the following features to the biome [regions_unexplored:ashen_woodland]: 
	- iceandfire:silver_ore
[04Apr2025 19:49:34.268] [Server thread/DEBUG] [com.github.alexthe666.iceandfire.IceAndFire/]: Added the following features to the biome [regions_unexplored:autumnal_maple_forest]: 
	- iceandfire:silver_ore
	- iceandfire:ice_dragon_roost
	- iceandfire:ice_dragon_cave
[04Apr2025 19:49:34.269] [Server thread/DEBUG] [com.github.alexthe666.iceandfire.IceAndFire/]: Added the following features to the biome [minecraft:badlands]: 
	- iceandfire:silver_ore
	- iceandfire:lightning_dragon_roost
	- iceandfire:lightning_dragon_cave
[04Apr2025 19:49:34.271] [Server thread/DEBUG] [com.github.alexthe666.iceandfire.IceAndFire/]: Added the following features to the biome [regions_unexplored:bamboo_forest]: 
	- iceandfire:silver_ore
	- iceandfire:pixie_village
[04Apr2025 19:49:34.273] [Server thread/DEBUG] [com.github.alexthe666.iceandfire.IceAndFire/]: Added the following features to the biome [minecraft:bamboo_jungle]: 
	- iceandfire:fire_lily
	- iceandfire:silver_ore
	- iceandfire:lightning_dragon_roost
	- iceandfire:lightning_dragon_cave
	- iceandfire:myrmex_hive_jungle
[04Apr2025 19:49:34.274] [Server thread/DEBUG] [com.github.alexthe666.iceandfire.IceAndFire/]: Added the following features to the biome [regions_unexplored:baobab_savanna]: 
	- iceandfire:fire_lily
	- iceandfire:lightning_lily
	- iceandfire:silver_ore
	- iceandfire:lightning_dragon_roost
	- iceandfire:lightning_dragon_cave
	- iceandfire:spawn_dragon_skeleton_lightning
[04Apr2025 19:49:34.275] [Server thread/DEBUG] [com.github.alexthe666.iceandfire.IceAndFire/]: Added the following features to the biome [regions_unexplored:barley_fields]: 
	- iceandfire:silver_ore
	- iceandfire:fire_dragon_roost
	- iceandfire:fire_dragon_cave
	- iceandfire:spawn_wandering_cyclops
[04Apr2025 19:49:34.277] [Server thread/DEBUG] [com.github.alexthe666.iceandfire.IceAndFire/]: Added the following features to the biome [terralith:basalt_cliffs]: 
	- iceandfire:fire_lily
	- iceandfire:silver_ore
	- iceandfire:fire_dragon_roost
	- iceandfire:fire_dragon_cave
[04Apr2025 19:49:34.282] [Server thread/DEBUG] [com.github.alexthe666.iceandfire.IceAndFire/]: Added the following features to the biome [regions_unexplored:bayou]: 
	- iceandfire:silver_ore
	- iceandfire:hydra_cave
	- iceandfire:spawn_stymphalian_bird
[04Apr2025 19:49:34.285] [Server thread/DEBUG] [com.github.alexthe666.iceandfire.IceAndFire/]: Added the following features to the biome [minecraft:beach]: 
	- iceandfire:silver_ore
	- iceandfire:cyclops_cave
[04Apr2025 19:49:34.290] [Server thread/DEBUG] [com.github.alexthe666.iceandfire.IceAndFire/]: Added the following features to the biome [regions_unexplored:bioshroom_caves]: 
	- iceandfire:silver_ore
[04Apr2025 19:49:34.291] [Server thread/DEBUG] [com.github.alexthe666.iceandfire.IceAndFire/]: Added the following features to the biome [minecraft:birch_forest]: 
	- iceandfire:silver_ore
[04Apr2025 19:49:34.293] [Server thread/DEBUG] [com.github.alexthe666.iceandfire.IceAndFire/]: Added the following features to the biome [terralith:birch_taiga]: 
	- iceandfire:silver_ore
	- iceandfire:ice_dragon_roost
	- iceandfire:ice_dragon_cave
[04Apr2025 19:49:34.296] [Server thread/DEBUG] [com.github.alexthe666.iceandfire.IceAndFire/]: Added the following features to the biome [regions_unexplored:blackwood_taiga]: 
	- iceandfire:silver_ore
[04Apr2025 19:49:34.297] [Server thread/DEBUG] [com.github.alexthe666.iceandfire.IceAndFire/]: Added the following features to the biome [terralith:blooming_plateau]: 
	- iceandfire:silver_ore
[04Apr2025 19:49:34.298] [Server thread/DEBUG] [com.github.alexthe666.iceandfire.IceAndFire/]: Added the following features to the biome [terralith:blooming_valley]: 
	- iceandfire:silver_ore
[04Apr2025 19:49:34.300] [Server thread/DEBUG] [com.github.alexthe666.iceandfire.IceAndFire/]: Added the following features to the biome [regions_unexplored:boreal_taiga]: 
	- iceandfire:silver_ore
	- iceandfire:ice_dragon_roost
	- iceandfire:ice_dragon_cave
[04Apr2025 19:49:34.304] [Server thread/DEBUG] [com.github.alexthe666.iceandfire.IceAndFire/]: Added the following features to the biome [terralith:brushland]: 
	- iceandfire:fire_lily
	- iceandfire:silver_ore
	- iceandfire:fire_dragon_roost
	- iceandfire:fire_dragon_cave
[04Apr2025 19:49:34.306] [Server thread/DEBUG] [com.github.alexthe666.iceandfire.IceAndFire/]: Added the following features to the biome [terralith:bryce_canyon]: 
	- iceandfire:fire_lily
	- iceandfire:silver_ore
	- iceandfire:lightning_dragon_roost
	- iceandfire:lightning_dragon_cave
[04Apr2025 19:49:34.307] [Server thread/DEBUG] [com.github.alexthe666.iceandfire.IceAndFire/]: Added the following features to the biome [terralith:caldera]: 
	- iceandfire:silver_ore
	- iceandfire:ice_dragon_roost
	- iceandfire:ice_dragon_cave
[04Apr2025 19:49:34.309] [Server thread/DEBUG] [com.github.alexthe666.iceandfire.IceAndFire/]: Added the following features to the biome [terralith:cave/andesite_caves]: 
	- iceandfire:silver_ore
[04Apr2025 19:49:34.310] [Server thread/DEBUG] [com.github.alexthe666.iceandfire.IceAndFire/]: Added the following features to the biome [terralith:cave/crystal_caves]: 
	- iceandfire:silver_ore
[04Apr2025 19:49:34.310] [Server thread/DEBUG] [com.github.alexthe666.iceandfire.IceAndFire/]: Added the following features to the biome [terralith:cave/deep_caves]: 
	- iceandfire:silver_ore
[04Apr2025 19:49:34.311] [Server thread/DEBUG] [com.github.alexthe666.iceandfire.IceAndFire/]: Added the following features to the biome [terralith:cave/desert_caves]: 
	- iceandfire:fire_lily
	- iceandfire:silver_ore
	- iceandfire:fire_dragon_roost
	- iceandfire:fire_dragon_cave
[04Apr2025 19:49:34.311] [Server thread/DEBUG] [com.github.alexthe666.iceandfire.IceAndFire/]: Added the following features to the biome [terralith:cave/diorite_caves]: 
	- iceandfire:silver_ore
[04Apr2025 19:49:34.311] [Server thread/DEBUG] [com.github.alexthe666.iceandfire.IceAndFire/]: Added the following features to the biome [terralith:cave/frostfire_caves]: 
	- iceandfire:fire_lily
	- iceandfire:silver_ore
	- iceandfire:fire_dragon_roost
	- iceandfire:ice_dragon_roost
	- iceandfire:fire_dragon_cave
	- iceandfire:ice_dragon_cave
[04Apr2025 19:49:34.312] [Server thread/DEBUG] [com.github.alexthe666.iceandfire.IceAndFire/]: Added the following features to the biome [terralith:cave/fungal_caves]: 
	- iceandfire:silver_ore
[04Apr2025 19:49:34.312] [Server thread/DEBUG] [com.github.alexthe666.iceandfire.IceAndFire/]: Added the following features to the biome [terralith:cave/granite_caves]: 
	- iceandfire:silver_ore
[04Apr2025 19:49:34.313] [Server thread/DEBUG] [com.github.alexthe666.iceandfire.IceAndFire/]: Added the following features to the biome [terralith:cave/ice_caves]: 
	- iceandfire:silver_ore
	- iceandfire:ice_dragon_roost
	- iceandfire:ice_dragon_cave
[04Apr2025 19:49:34.313] [Server thread/DEBUG] [com.github.alexthe666.iceandfire.IceAndFire/]: Added the following features to the biome [terralith:cave/infested_caves]: 
	- iceandfire:silver_ore
[04Apr2025 19:49:34.314] [Server thread/DEBUG] [com.github.alexthe666.iceandfire.IceAndFire/]: Added the following features to the biome [terralith:cave/mantle_caves]: 
	- iceandfire:fire_lily
	- iceandfire:silver_ore
	- iceandfire:fire_dragon_roost
	- iceandfire:fire_dragon_cave
[04Apr2025 19:49:34.314] [Server thread/DEBUG] [com.github.alexthe666.iceandfire.IceAndFire/]: Added the following features to the biome [terralith:cave/thermal_caves]: 
	- iceandfire:fire_lily
	- iceandfire:silver_ore
	- iceandfire:fire_dragon_roost
	- iceandfire:fire_dragon_cave
[04Apr2025 19:49:34.314] [Server thread/DEBUG] [com.github.alexthe666.iceandfire.IceAndFire/]: Added the following features to the biome [terralith:cave/tuff_caves]: 
	- iceandfire:silver_ore
[04Apr2025 19:49:34.315] [Server thread/DEBUG] [com.github.alexthe666.iceandfire.IceAndFire/]: Added the following features to the biome [terralith:cave/underground_jungle]: 
	- iceandfire:fire_lily
	- iceandfire:silver_ore
	- iceandfire:fire_dragon_roost
	- iceandfire:fire_dragon_cave
[04Apr2025 19:49:34.315] [Server thread/DEBUG] [com.github.alexthe666.iceandfire.IceAndFire/]: Added the following features to the biome [regions_unexplored:chalk_cliffs]: 
	- iceandfire:silver_ore
[04Apr2025 19:49:34.316] [Server thread/DEBUG] [com.github.alexthe666.iceandfire.IceAndFire/]: Added the following features to the biome [minecraft:cherry_grove]: 
	- iceandfire:silver_ore
[04Apr2025 19:49:34.321] [Server thread/DEBUG] [com.github.alexthe666.iceandfire.IceAndFire/]: Added the following features to the biome [terralith:cloud_forest]: 
	- iceandfire:silver_ore
	- iceandfire:ice_dragon_roost
	- iceandfire:ice_dragon_cave
[04Apr2025 19:49:34.321] [Server thread/DEBUG] [com.github.alexthe666.iceandfire.IceAndFire/]: Added the following features to the biome [regions_unexplored:clover_plains]: 
	- iceandfire:silver_ore
	- iceandfire:fire_dragon_roost
	- iceandfire:fire_dragon_cave
	- iceandfire:spawn_wandering_cyclops
[04Apr2025 19:49:34.322] [Server thread/DEBUG] [com.github.alexthe666.iceandfire.IceAndFire/]: Added the following features to the biome [regions_unexplored:cold_boreal_taiga]: 
	- iceandfire:frost_lily
	- iceandfire:silver_ore
	- iceandfire:sapphire_ore
	- iceandfire:ice_dragon_roost
	- iceandfire:ice_dragon_cave
	- iceandfire:spawn_dragon_skeleton_ice
[04Apr2025 19:49:34.323] [Server thread/DEBUG] [com.github.alexthe666.iceandfire.IceAndFire/]: Added the following features to the biome [regions_unexplored:cold_deciduous_forest]: 
	- iceandfire:frost_lily
	- iceandfire:silver_ore
	- iceandfire:sapphire_ore
	- iceandfire:ice_dragon_roost
	- iceandfire:ice_dragon_cave
	- iceandfire:spawn_dragon_skeleton_ice
[04Apr2025 19:49:34.323] [Server thread/DEBUG] [com.github.alexthe666.iceandfire.IceAndFire/]: Added the following features to the biome [minecraft:cold_ocean]: 
	- iceandfire:silver_ore
	- iceandfire:ice_dragon_roost
	- iceandfire:ice_dragon_cave
	- iceandfire:siren_island
	- iceandfire:spawn_hippocampus
	- iceandfire:spawn_sea_serpent
[04Apr2025 19:49:34.324] [Server thread/DEBUG] [com.github.alexthe666.iceandfire.IceAndFire/]: Added the following features to the biome [regions_unexplored:cold_river]: 
	- iceandfire:silver_ore
[04Apr2025 19:49:34.325] [Server thread/DEBUG] [com.github.alexthe666.iceandfire.IceAndFire/]: Added the following features to the biome [terralith:cold_shrubland]: 
	- iceandfire:frost_lily
	- iceandfire:silver_ore
	- iceandfire:sapphire_ore
	- iceandfire:ice_dragon_roost
	- iceandfire:ice_dragon_cave
	- iceandfire:spawn_dragon_skeleton_ice
[04Apr2025 19:49:34.329] [Server thread/DEBUG] [com.github.alexthe666.iceandfire.IceAndFire/]: Added the following features to the biome [minecraft:dark_forest]: 
	- iceandfire:silver_ore
	- iceandfire:pixie_village
[04Apr2025 19:49:34.330] [Server thread/DEBUG] [com.github.alexthe666.iceandfire.IceAndFire/]: Added the following features to the biome [regions_unexplored:deciduous_forest]: 
	- iceandfire:silver_ore
	- iceandfire:pixie_village
[04Apr2025 19:49:34.331] [Server thread/DEBUG] [com.github.alexthe666.iceandfire.IceAndFire/]: Added the following features to the biome [minecraft:deep_cold_ocean]: 
	- iceandfire:silver_ore
	- iceandfire:ice_dragon_roost
	- iceandfire:ice_dragon_cave
	- iceandfire:siren_island
	- iceandfire:spawn_hippocampus
	- iceandfire:spawn_sea_serpent
[04Apr2025 19:49:34.332] [Server thread/DEBUG] [com.github.alexthe666.iceandfire.IceAndFire/]: Added the following features to the biome [minecraft:deep_dark]: 
	- iceandfire:silver_ore
[04Apr2025 19:49:34.333] [Server thread/DEBUG] [com.github.alexthe666.iceandfire.IceAndFire/]: Added the following features to the biome [minecraft:deep_frozen_ocean]: 
	- iceandfire:silver_ore
	- iceandfire:ice_dragon_roost
	- iceandfire:ice_dragon_cave
	- iceandfire:siren_island
	- iceandfire:spawn_hippocampus
	- iceandfire:spawn_sea_serpent
[04Apr2025 19:49:34.333] [Server thread/DEBUG] [com.github.alexthe666.iceandfire.IceAndFire/]: Added the following features to the biome [minecraft:deep_lukewarm_ocean]: 
	- iceandfire:silver_ore
	- iceandfire:siren_island
	- iceandfire:spawn_hippocampus
	- iceandfire:spawn_sea_serpent
[04Apr2025 19:49:34.334] [Server thread/DEBUG] [com.github.alexthe666.iceandfire.IceAndFire/]: Added the following features to the biome [minecraft:deep_ocean]: 
	- iceandfire:silver_ore
	- iceandfire:siren_island
	- iceandfire:spawn_hippocampus
	- iceandfire:spawn_sea_serpent
[04Apr2025 19:49:34.336] [Server thread/DEBUG] [com.github.alexthe666.iceandfire.IceAndFire/]: Added the following features to the biome [minecraft:desert]: 
	- iceandfire:fire_lily
	- iceandfire:silver_ore
	- iceandfire:fire_dragon_roost
	- iceandfire:fire_dragon_cave
	- iceandfire:myrmex_hive_desert
	- iceandfire:spawn_death_worm
	- iceandfire:spawn_dragon_skeleton_fire
[04Apr2025 19:49:34.337] [Server thread/DEBUG] [com.github.alexthe666.iceandfire.IceAndFire/]: Added the following features to the biome [terralith:desert_canyon]: 
	- iceandfire:fire_lily
	- iceandfire:silver_ore
	- iceandfire:fire_dragon_roost
	- iceandfire:fire_dragon_cave
	- iceandfire:myrmex_hive_desert
	- iceandfire:spawn_death_worm
	- iceandfire:spawn_dragon_skeleton_fire
[04Apr2025 19:49:34.337] [Server thread/DEBUG] [com.github.alexthe666.iceandfire.IceAndFire/]: Added the following features to the biome [terralith:desert_oasis]: 
	- iceandfire:fire_lily
	- iceandfire:silver_ore
	- iceandfire:fire_dragon_roost
	- iceandfire:fire_dragon_cave
	- iceandfire:myrmex_hive_desert
	- iceandfire:spawn_death_worm
	- iceandfire:spawn_dragon_skeleton_fire
[04Apr2025 19:49:34.338] [Server thread/DEBUG] [com.github.alexthe666.iceandfire.IceAndFire/]: Added the following features to the biome [terralith:desert_spires]: 
	- iceandfire:fire_lily
	- iceandfire:silver_ore
	- iceandfire:fire_dragon_roost
	- iceandfire:fire_dragon_cave
	- iceandfire:myrmex_hive_desert
	- iceandfire:spawn_death_worm
	- iceandfire:spawn_dragon_skeleton_fire
[04Apr2025 19:49:34.338] [Server thread/DEBUG] [com.github.alexthe666.iceandfire.IceAndFire/]: Added the following features to the biome [minecraft:dripstone_caves]: 
	- iceandfire:silver_ore
[04Apr2025 19:49:34.339] [Server thread/DEBUG] [com.github.alexthe666.iceandfire.IceAndFire/]: Added the following features to the biome [regions_unexplored:dry_bushland]: 
	- iceandfire:fire_lily
	- iceandfire:lightning_lily
	- iceandfire:silver_ore
	- iceandfire:lightning_dragon_roost
	- iceandfire:lightning_dragon_cave
	- iceandfire:spawn_dragon_skeleton_lightning
[04Apr2025 19:49:34.340] [Server thread/DEBUG] [com.github.alexthe666.iceandfire.IceAndFire/]: Added the following features to the biome [terralith:emerald_peaks]: 
	- iceandfire:frost_lily
	- iceandfire:silver_ore
	- iceandfire:sapphire_ore
	- iceandfire:ice_dragon_roost
	- iceandfire:ice_dragon_cave
	- iceandfire:spawn_dragon_skeleton_ice
[04Apr2025 19:49:34.341] [Server thread/DEBUG] [com.github.alexthe666.iceandfire.IceAndFire/]: Added the following features to the biome [minecraft:eroded_badlands]: 
	- iceandfire:fire_lily
	- iceandfire:silver_ore
	- iceandfire:lightning_dragon_roost
	- iceandfire:lightning_dragon_cave
[04Apr2025 19:49:34.342] [Server thread/DEBUG] [com.github.alexthe666.iceandfire.IceAndFire/]: Added the following features to the biome [regions_unexplored:eucalyptus_forest]: 
	- iceandfire:fire_lily
	- iceandfire:silver_ore
	- iceandfire:lightning_dragon_roost
	- iceandfire:lightning_dragon_cave
	- iceandfire:myrmex_hive_jungle
[04Apr2025 19:49:34.342] [Server thread/DEBUG] [com.github.alexthe666.iceandfire.IceAndFire/]: Added the following features to the biome [regions_unexplored:fen]: 
	- iceandfire:silver_ore
	- iceandfire:hydra_cave
	- iceandfire:spawn_stymphalian_bird
[04Apr2025 19:49:34.343] [Server thread/DEBUG] [com.github.alexthe666.iceandfire.IceAndFire/]: Added the following features to the biome [regions_unexplored:flower_fields]: 
	- iceandfire:silver_ore
	- iceandfire:fire_dragon_roost
	- iceandfire:fire_dragon_cave
	- iceandfire:spawn_wandering_cyclops
[04Apr2025 19:49:34.344] [Server thread/DEBUG] [com.github.alexthe666.iceandfire.IceAndFire/]: Added the following features to the biome [minecraft:flower_forest]: 
	- iceandfire:silver_ore
[04Apr2025 19:49:34.344] [Server thread/DEBUG] [com.github.alexthe666.iceandfire.IceAndFire/]: Added the following features to the biome [minecraft:forest]: 
	- iceandfire:silver_ore
[04Apr2025 19:49:34.346] [Server thread/DEBUG] [com.github.alexthe666.iceandfire.IceAndFire/]: Added the following features to the biome [terralith:forested_highlands]: 
	- iceandfire:silver_ore
	- iceandfire:ice_dragon_roost
	- iceandfire:ice_dragon_cave
[04Apr2025 19:49:34.347] [Server thread/DEBUG] [com.github.alexthe666.iceandfire.IceAndFire/]: Added the following features to the biome [terralith:fractured_savanna]: 
	- iceandfire:fire_lily
	- iceandfire:lightning_lily
	- iceandfire:silver_ore
	- iceandfire:lightning_dragon_roost
	- iceandfire:lightning_dragon_cave
	- iceandfire:spawn_dragon_skeleton_lightning
[04Apr2025 19:49:34.349] [Server thread/DEBUG] [com.github.alexthe666.iceandfire.IceAndFire/]: Added the following features to the biome [yungscavebiomes:frosted_caves]: 
	- iceandfire:silver_ore
[04Apr2025 19:49:34.350] [Server thread/DEBUG] [com.github.alexthe666.iceandfire.IceAndFire/]: Added the following features to the biome [terralith:frozen_cliffs]: 
	- iceandfire:silver_ore
	- iceandfire:ice_dragon_roost
	- iceandfire:ice_dragon_cave
[04Apr2025 19:49:34.350] [Server thread/DEBUG] [com.github.alexthe666.iceandfire.IceAndFire/]: Added the following features to the biome [minecraft:frozen_ocean]: 
	- iceandfire:frost_lily
	- iceandfire:silver_ore
	- iceandfire:sapphire_ore
	- iceandfire:ice_dragon_roost
	- iceandfire:ice_dragon_cave
	- iceandfire:siren_island
	- iceandfire:spawn_dragon_skeleton_ice
	- iceandfire:spawn_hippocampus
	- iceandfire:spawn_sea_serpent
[04Apr2025 19:49:34.351] [Server thread/DEBUG] [com.github.alexthe666.iceandfire.IceAndFire/]: Added the following features to the biome [minecraft:frozen_peaks]: 
	- iceandfire:frost_lily
	- iceandfire:silver_ore
	- iceandfire:sapphire_ore
	- iceandfire:ice_dragon_roost
	- iceandfire:ice_dragon_cave
	- iceandfire:spawn_dragon_skeleton_ice
[04Apr2025 19:49:34.351] [Server thread/DEBUG] [com.github.alexthe666.iceandfire.IceAndFire/]: Added the following features to the biome [regions_unexplored:frozen_pine_taiga]: 
	- iceandfire:frost_lily
	- iceandfire:silver_ore
	- iceandfire:sapphire_ore
	- iceandfire:ice_dragon_roost
	- iceandfire:ice_dragon_cave
	- iceandfire:spawn_dragon_skeleton_ice
[04Apr2025 19:49:34.352] [Server thread/DEBUG] [com.github.alexthe666.iceandfire.IceAndFire/]: Added the following features to the biome [minecraft:frozen_river]: 
	- iceandfire:frost_lily
	- iceandfire:silver_ore
	- iceandfire:sapphire_ore
	- iceandfire:ice_dragon_roost
	- iceandfire:ice_dragon_cave
	- iceandfire:spawn_dragon_skeleton_ice
[04Apr2025 19:49:34.352] [Server thread/DEBUG] [com.github.alexthe666.iceandfire.IceAndFire/]: Added the following features to the biome [regions_unexplored:frozen_tundra]: 
	- iceandfire:frost_lily
	- iceandfire:silver_ore
	- iceandfire:sapphire_ore
	- iceandfire:ice_dragon_roost
	- iceandfire:ice_dragon_cave
	- iceandfire:spawn_dragon_skeleton_ice
[04Apr2025 19:49:34.352] [Server thread/DEBUG] [com.github.alexthe666.iceandfire.IceAndFire/]: Added the following features to the biome [regions_unexplored:fungal_fen]: 
	- iceandfire:silver_ore
	- iceandfire:hydra_cave
	- iceandfire:spawn_stymphalian_bird
[04Apr2025 19:49:34.353] [Server thread/DEBUG] [com.github.alexthe666.iceandfire.IceAndFire/]: Added the following features to the biome [terralith:glacial_chasm]: 
	- iceandfire:silver_ore
	- iceandfire:ice_dragon_roost
	- iceandfire:ice_dragon_cave
[04Apr2025 19:49:34.354] [Server thread/DEBUG] [com.github.alexthe666.iceandfire.IceAndFire/]: Added the following features to the biome [regions_unexplored:golden_boreal_taiga]: 
	- iceandfire:silver_ore
	- iceandfire:ice_dragon_roost
	- iceandfire:ice_dragon_cave
[04Apr2025 19:49:34.355] [Server thread/DEBUG] [com.github.alexthe666.iceandfire.IceAndFire/]: Added the following features to the biome [terralith:granite_cliffs]: 
	- iceandfire:fire_lily
	- iceandfire:silver_ore
	- iceandfire:fire_dragon_roost
	- iceandfire:fire_dragon_cave
[04Apr2025 19:49:34.355] [Server thread/DEBUG] [com.github.alexthe666.iceandfire.IceAndFire/]: Added the following features to the biome [regions_unexplored:grassland]: 
	- iceandfire:fire_lily
	- iceandfire:silver_ore
	- iceandfire:fire_dragon_roost
	- iceandfire:fire_dragon_cave
	- iceandfire:spawn_wandering_cyclops
[04Apr2025 19:49:34.355] [Server thread/DEBUG] [com.github.alexthe666.iceandfire.IceAndFire/]: Added the following features to the biome [regions_unexplored:grassy_beach]: 
	- iceandfire:silver_ore
	- iceandfire:cyclops_cave
[04Apr2025 19:49:34.356] [Server thread/DEBUG] [com.github.alexthe666.iceandfire.IceAndFire/]: Added the following features to the biome [regions_unexplored:gravel_beach]: 
	- iceandfire:silver_ore
	- iceandfire:cyclops_cave
[04Apr2025 19:49:34.356] [Server thread/DEBUG] [com.github.alexthe666.iceandfire.IceAndFire/]: Added the following features to the biome [terralith:gravel_beach]: 
	- iceandfire:silver_ore
	- iceandfire:cyclops_cave
[04Apr2025 19:49:34.356] [Server thread/DEBUG] [com.github.alexthe666.iceandfire.IceAndFire/]: Added the following features to the biome [terralith:gravel_desert]: 
	- iceandfire:frost_lily
	- iceandfire:silver_ore
	- iceandfire:sapphire_ore
	- iceandfire:ice_dragon_roost
	- iceandfire:ice_dragon_cave
	- iceandfire:spawn_dragon_skeleton_ice
[04Apr2025 19:49:34.358] [Server thread/DEBUG] [com.github.alexthe666.iceandfire.IceAndFire/]: Added the following features to the biome [minecraft:grove]: 
	- iceandfire:frost_lily
	- iceandfire:silver_ore
	- iceandfire:sapphire_ore
	- iceandfire:ice_dragon_roost
	- iceandfire:ice_dragon_cave
	- iceandfire:spawn_dragon_skeleton_ice
[04Apr2025 19:49:34.359] [Server thread/DEBUG] [com.github.alexthe666.iceandfire.IceAndFire/]: Added the following features to the biome [terralith:haze_mountain]: 
	- iceandfire:silver_ore
	- iceandfire:ice_dragon_roost
	- iceandfire:ice_dragon_cave
[04Apr2025 19:49:34.359] [Server thread/DEBUG] [com.github.alexthe666.iceandfire.IceAndFire/]: Added the following features to the biome [regions_unexplored:highland_fields]: 
	- iceandfire:silver_ore
[04Apr2025 19:49:34.360] [Server thread/DEBUG] [com.github.alexthe666.iceandfire.IceAndFire/]: Added the following features to the biome [terralith:highlands]: 
	- iceandfire:silver_ore
	- iceandfire:ice_dragon_roost
	- iceandfire:ice_dragon_cave
	- iceandfire:spawn_wandering_cyclops
[04Apr2025 19:49:34.362] [Server thread/DEBUG] [com.github.alexthe666.iceandfire.IceAndFire/]: Added the following features to the biome [terralith:hot_shrubland]: 
	- iceandfire:fire_lily
	- iceandfire:silver_ore
	- iceandfire:fire_dragon_roost
	- iceandfire:fire_dragon_cave
[04Apr2025 19:49:34.363] [Server thread/DEBUG] [com.github.alexthe666.iceandfire.IceAndFire/]: Added the following features to the biome [regions_unexplored:hyacinth_deeps]: 
	- iceandfire:silver_ore
	- iceandfire:ice_dragon_roost
	- iceandfire:ice_dragon_cave
	- iceandfire:siren_island
	- iceandfire:spawn_hippocampus
	- iceandfire:spawn_sea_serpent
[04Apr2025 19:49:34.363] [Server thread/DEBUG] [com.github.alexthe666.iceandfire.IceAndFire/]: Added the following features to the biome [terralith:ice_marsh]: 
	- iceandfire:silver_ore
	- iceandfire:ice_dragon_roost
	- iceandfire:ice_dragon_cave
	- iceandfire:hydra_cave
	- iceandfire:spawn_stymphalian_bird
[04Apr2025 19:49:34.363] [Server thread/DEBUG] [com.github.alexthe666.iceandfire.IceAndFire/]: Added the following features to the biome [minecraft:ice_spikes]: 
	- iceandfire:frost_lily
	- iceandfire:silver_ore
	- iceandfire:sapphire_ore
	- iceandfire:ice_dragon_roost
	- iceandfire:ice_dragon_cave
	- iceandfire:spawn_dragon_skeleton_ice
[04Apr2025 19:49:34.364] [Server thread/DEBUG] [com.github.alexthe666.iceandfire.IceAndFire/]: Added the following features to the biome [regions_unexplored:icy_heights]: 
	- iceandfire:frost_lily
	- iceandfire:silver_ore
	- iceandfire:sapphire_ore
	- iceandfire:ice_dragon_roost
	- iceandfire:ice_dragon_cave
	- iceandfire:spawn_dragon_skeleton_ice
[04Apr2025 19:49:34.366] [Server thread/DEBUG] [com.github.alexthe666.iceandfire.IceAndFire/]: Added the following features to the biome [minecraft:jagged_peaks]: 
	- iceandfire:frost_lily
	- iceandfire:silver_ore
	- iceandfire:sapphire_ore
	- iceandfire:ice_dragon_roost
	- iceandfire:ice_dragon_cave
	- iceandfire:spawn_dragon_skeleton_ice
[04Apr2025 19:49:34.366] [Server thread/DEBUG] [com.github.alexthe666.iceandfire.IceAndFire/]: Added the following features to the biome [regions_unexplored:joshua_desert]: 
	- iceandfire:fire_lily
	- iceandfire:silver_ore
	- iceandfire:fire_dragon_roost
	- iceandfire:fire_dragon_cave
	- iceandfire:myrmex_hive_desert
	- iceandfire:spawn_death_worm
	- iceandfire:spawn_dragon_skeleton_fire
[04Apr2025 19:49:34.367] [Server thread/DEBUG] [com.github.alexthe666.iceandfire.IceAndFire/]: Added the following features to the biome [minecraft:jungle]: 
	- iceandfire:fire_lily
	- iceandfire:silver_ore
	- iceandfire:lightning_dragon_roost
	- iceandfire:lightning_dragon_cave
	- iceandfire:myrmex_hive_jungle
[04Apr2025 19:49:34.367] [Server thread/DEBUG] [com.github.alexthe666.iceandfire.IceAndFire/]: Added the following features to the biome [terralith:jungle_mountains]: 
	- iceandfire:fire_lily
	- iceandfire:silver_ore
	- iceandfire:lightning_dragon_roost
	- iceandfire:lightning_dragon_cave
	- iceandfire:myrmex_hive_jungle
[04Apr2025 19:49:34.368] [Server thread/DEBUG] [com.github.alexthe666.iceandfire.IceAndFire/]: Added the following features to the biome [terralith:lavender_forest]: 
	- iceandfire:silver_ore
[04Apr2025 19:49:34.368] [Server thread/DEBUG] [com.github.alexthe666.iceandfire.IceAndFire/]: Added the following features to the biome [terralith:lavender_valley]: 
	- iceandfire:silver_ore
[04Apr2025 19:49:34.369] [Server thread/DEBUG] [com.github.alexthe666.iceandfire.IceAndFire/]: Added the following features to the biome [yungscavebiomes:lost_caves]: 
	- iceandfire:silver_ore
[04Apr2025 19:49:34.369] [Server thread/DEBUG] [com.github.alexthe666.iceandfire.IceAndFire/]: Added the following features to the biome [minecraft:lukewarm_ocean]: 
	- iceandfire:silver_ore
	- iceandfire:siren_island
	- iceandfire:spawn_hippocampus
	- iceandfire:spawn_sea_serpent
[04Apr2025 19:49:34.370] [Server thread/DEBUG] [com.github.alexthe666.iceandfire.IceAndFire/]: Added the following features to the biome [minecraft:lush_caves]: 
	- iceandfire:silver_ore
[04Apr2025 19:49:34.371] [Server thread/DEBUG] [com.github.alexthe666.iceandfire.IceAndFire/]: Added the following features to the biome [terralith:lush_desert]: 
	- iceandfire:fire_lily
	- iceandfire:silver_ore
	- iceandfire:fire_dragon_roost
	- iceandfire:fire_dragon_cave
	- iceandfire:myrmex_hive_desert
	- iceandfire:spawn_death_worm
	- iceandfire:spawn_dragon_skeleton_fire
[04Apr2025 19:49:34.373] [Server thread/DEBUG] [com.github.alexthe666.iceandfire.IceAndFire/]: Added the following features to the biome [terralith:lush_valley]: 
	- iceandfire:silver_ore
[04Apr2025 19:49:34.373] [Server thread/DEBUG] [com.github.alexthe666.iceandfire.IceAndFire/]: Added the following features to the biome [regions_unexplored:magnolia_woodland]: 
	- iceandfire:silver_ore
[04Apr2025 19:49:34.374] [Server thread/DEBUG] [com.github.alexthe666.iceandfire.IceAndFire/]: Added the following features to the biome [minecraft:mangrove_swamp]: 
	- iceandfire:fire_lily
	- iceandfire:silver_ore
	- iceandfire:fire_dragon_roost
	- iceandfire:fire_dragon_cave
	- iceandfire:hydra_cave
	- iceandfire:spawn_stymphalian_bird
[04Apr2025 19:49:34.374] [Server thread/DEBUG] [com.github.alexthe666.iceandfire.IceAndFire/]: Added the following features to the biome [regions_unexplored:maple_forest]: 
	- iceandfire:silver_ore
[04Apr2025 19:49:34.374] [Server thread/DEBUG] [com.github.alexthe666.iceandfire.IceAndFire/]: Added the following features to the biome [regions_unexplored:marsh]: 
	- iceandfire:silver_ore
	- iceandfire:hydra_cave
	- iceandfire:spawn_stymphalian_bird
[04Apr2025 19:49:34.375] [Server thread/DEBUG] [com.github.alexthe666.iceandfire.IceAndFire/]: Added the following features to the biome [regions_unexplored:mauve_hills]: 
	- iceandfire:silver_ore
[04Apr2025 19:49:34.376] [Server thread/DEBUG] [com.github.alexthe666.iceandfire.IceAndFire/]: Added the following features to the biome [minecraft:meadow]: 
	- iceandfire:silver_ore
	- iceandfire:fire_dragon_roost
	- iceandfire:fire_dragon_cave
	- iceandfire:spawn_wandering_cyclops
[04Apr2025 19:49:34.376] [Server thread/DEBUG] [com.github.alexthe666.iceandfire.IceAndFire/]: Added the following features to the biome [terralith:mirage_isles]: 
	- iceandfire:silver_ore
	- iceandfire:pixie_village
[04Apr2025 19:49:34.377] [Server thread/DEBUG] [com.github.alexthe666.iceandfire.IceAndFire/]: Added the following features to the biome [terralith:moonlight_grove]: 
	- iceandfire:silver_ore
[04Apr2025 19:49:34.377] [Server thread/DEBUG] [com.github.alexthe666.iceandfire.IceAndFire/]: Added the following features to the biome [terralith:moonlight_valley]: 
	- iceandfire:silver_ore
[04Apr2025 19:49:34.377] [Server thread/DEBUG] [com.github.alexthe666.iceandfire.IceAndFire/]: Added the following features to the biome [terralith:mountain_steppe]: 
	- iceandfire:silver_ore
[04Apr2025 19:49:34.378] [Server thread/DEBUG] [com.github.alexthe666.iceandfire.IceAndFire/]: Added the following features to the biome [regions_unexplored:mountains]: 
	- iceandfire:silver_ore
[04Apr2025 19:49:34.378] [Server thread/DEBUG] [com.github.alexthe666.iceandfire.IceAndFire/]: Added the following features to the biome [regions_unexplored:muddy_river]: 
	- iceandfire:silver_ore
[04Apr2025 19:49:34.378] [Server thread/DEBUG] [com.github.alexthe666.iceandfire.IceAndFire/]: Added the following features to the biome [minecraft:mushroom_fields]: 
	- iceandfire:silver_ore
[04Apr2025 19:49:34.380] [Server thread/DEBUG] [com.github.alexthe666.iceandfire.IceAndFire/]: Added the following features to the biome [minecraft:ocean]: 
	- iceandfire:silver_ore
	- iceandfire:siren_island
	- iceandfire:spawn_hippocampus
	- iceandfire:spawn_sea_serpent
[04Apr2025 19:49:34.380] [Server thread/DEBUG] [com.github.alexthe666.iceandfire.IceAndFire/]: Added the following features to the biome [regions_unexplored:old_growth_bayou]: 
	- iceandfire:silver_ore
	- iceandfire:hydra_cave
	- iceandfire:spawn_stymphalian_bird
[04Apr2025 19:49:34.381] [Server thread/DEBUG] [com.github.alexthe666.iceandfire.IceAndFire/]: Added the following features to the biome [minecraft:old_growth_birch_forest]: 
	- iceandfire:silver_ore
	- iceandfire:pixie_village
[04Apr2025 19:49:34.381] [Server thread/DEBUG] [com.github.alexthe666.iceandfire.IceAndFire/]: Added the following features to the biome [minecraft:old_growth_pine_taiga]: 
	- iceandfire:silver_ore
	- iceandfire:ice_dragon_roost
	- iceandfire:ice_dragon_cave
[04Apr2025 19:49:34.382] [Server thread/DEBUG] [com.github.alexthe666.iceandfire.IceAndFire/]: Added the following features to the biome [minecraft:old_growth_spruce_taiga]: 
	- iceandfire:silver_ore
[04Apr2025 19:49:34.382] [Server thread/DEBUG] [com.github.alexthe666.iceandfire.IceAndFire/]: Added the following features to the biome [regions_unexplored:orchard]: 
	- iceandfire:silver_ore
[04Apr2025 19:49:34.383] [Server thread/DEBUG] [com.github.alexthe666.iceandfire.IceAndFire/]: Added the following features to the biome [terralith:orchid_swamp]: 
	- iceandfire:fire_lily
	- iceandfire:silver_ore
	- iceandfire:fire_dragon_roost
	- iceandfire:fire_dragon_cave
	- iceandfire:hydra_cave
	- iceandfire:spawn_stymphalian_bird
[04Apr2025 19:49:34.383] [Server thread/DEBUG] [com.github.alexthe666.iceandfire.IceAndFire/]: Added the following features to the biome [regions_unexplored:outback]: 
	- iceandfire:fire_lily
	- iceandfire:silver_ore
	- iceandfire:fire_dragon_roost
	- iceandfire:fire_dragon_cave
	- iceandfire:myrmex_hive_desert
	- iceandfire:spawn_death_worm
	- iceandfire:spawn_dragon_skeleton_fire
[04Apr2025 19:49:34.384] [Server thread/DEBUG] [com.github.alexthe666.iceandfire.IceAndFire/]: Added the following features to the biome [terralith:painted_mountains]: 
	- iceandfire:fire_lily
	- iceandfire:silver_ore
	- iceandfire:lightning_dragon_roost
	- iceandfire:lightning_dragon_cave
[04Apr2025 19:49:34.384] [Server thread/DEBUG] [com.github.alexthe666.iceandfire.IceAndFire/]: Added the following features to the biome [regions_unexplored:pine_slopes]: 
	- iceandfire:silver_ore
[04Apr2025 19:49:34.385] [Server thread/DEBUG] [com.github.alexthe666.iceandfire.IceAndFire/]: Added the following features to the biome [regions_unexplored:pine_taiga]: 
	- iceandfire:silver_ore
[04Apr2025 19:49:34.385] [Server thread/DEBUG] [com.github.alexthe666.iceandfire.IceAndFire/]: Added the following features to the biome [minecraft:plains]: 
	- iceandfire:silver_ore
	- iceandfire:fire_dragon_roost
	- iceandfire:fire_dragon_cave
	- iceandfire:spawn_wandering_cyclops
[04Apr2025 19:49:34.387] [Server thread/DEBUG] [com.github.alexthe666.iceandfire.IceAndFire/]: Added the following features to the biome [regions_unexplored:poppy_fields]: 
	- iceandfire:silver_ore
	- iceandfire:ice_dragon_roost
	- iceandfire:ice_dragon_cave
	- iceandfire:spawn_wandering_cyclops
[04Apr2025 19:49:34.387] [Server thread/DEBUG] [com.github.alexthe666.iceandfire.IceAndFire/]: Added the following features to the biome [regions_unexplored:prairie]: 
	- iceandfire:silver_ore
	- iceandfire:fire_dragon_roost
	- iceandfire:fire_dragon_cave
	- iceandfire:spawn_wandering_cyclops
[04Apr2025 19:49:34.387] [Server thread/DEBUG] [com.github.alexthe666.iceandfire.IceAndFire/]: Added the following features to the biome [regions_unexplored:prismachasm]: 
	- iceandfire:silver_ore
[04Apr2025 19:49:34.388] [Server thread/DEBUG] [com.github.alexthe666.iceandfire.IceAndFire/]: Added the following features to the biome [regions_unexplored:pumpkin_fields]: 
	- iceandfire:silver_ore
	- iceandfire:ice_dragon_roost
	- iceandfire:ice_dragon_cave
	- iceandfire:spawn_wandering_cyclops
[04Apr2025 19:49:34.388] [Server thread/DEBUG] [com.github.alexthe666.iceandfire.IceAndFire/]: Added the following features to the biome [regions_unexplored:rainforest]: 
	- iceandfire:fire_lily
	- iceandfire:silver_ore
	- iceandfire:lightning_dragon_roost
	- iceandfire:lightning_dragon_cave
	- iceandfire:myrmex_hive_jungle
[04Apr2025 19:49:34.389] [Server thread/DEBUG] [com.github.alexthe666.iceandfire.IceAndFire/]: Added the following features to the biome [terralith:red_oasis]: 
	- iceandfire:fire_lily
	- iceandfire:silver_ore
	- iceandfire:fire_dragon_roost
	- iceandfire:fire_dragon_cave
[04Apr2025 19:49:34.389] [Server thread/DEBUG] [com.github.alexthe666.iceandfire.IceAndFire/]: Added the following features to the biome [regions_unexplored:redstone_caves]: 
	- iceandfire:silver_ore
[04Apr2025 19:49:34.390] [Server thread/DEBUG] [com.github.alexthe666.iceandfire.IceAndFire/]: Added the following features to the biome [regions_unexplored:redwoods]: 
	- iceandfire:silver_ore
[04Apr2025 19:49:34.391] [Server thread/DEBUG] [com.github.alexthe666.iceandfire.IceAndFire/]: Added the following features to the biome [minecraft:river]: 
	- iceandfire:silver_ore
[04Apr2025 19:49:34.391] [Server thread/DEBUG] [com.github.alexthe666.iceandfire.IceAndFire/]: Added the following features to the biome [terralith:rocky_jungle]: 
	- iceandfire:fire_lily
	- iceandfire:silver_ore
	- iceandfire:lightning_dragon_roost
	- iceandfire:lightning_dragon_cave
	- iceandfire:myrmex_hive_jungle
[04Apr2025 19:49:34.391] [Server thread/DEBUG] [com.github.alexthe666.iceandfire.IceAndFire/]: Added the following features to the biome [regions_unexplored:rocky_meadow]: 
	- iceandfire:silver_ore
	- iceandfire:fire_dragon_roost
	- iceandfire:fire_dragon_cave
	- iceandfire:spawn_wandering_cyclops
[04Apr2025 19:49:34.392] [Server thread/DEBUG] [com.github.alexthe666.iceandfire.IceAndFire/]: Added the following features to the biome [terralith:rocky_mountains]: 
	- iceandfire:frost_lily
	- iceandfire:silver_ore
	- iceandfire:sapphire_ore
	- iceandfire:ice_dragon_roost
	- iceandfire:ice_dragon_cave
	- iceandfire:spawn_dragon_skeleton_ice
[04Apr2025 19:49:34.392] [Server thread/DEBUG] [com.github.alexthe666.iceandfire.IceAndFire/]: Added the following features to the biome [regions_unexplored:rocky_reef]: 
	- iceandfire:silver_ore
	- iceandfire:siren_island
	- iceandfire:spawn_hippocampus
	- iceandfire:spawn_sea_serpent
[04Apr2025 19:49:34.393] [Server thread/DEBUG] [com.github.alexthe666.iceandfire.IceAndFire/]: Added the following features to the biome [terralith:rocky_shrubland]: 
	- iceandfire:frost_lily
	- iceandfire:silver_ore
	- iceandfire:sapphire_ore
	- iceandfire:ice_dragon_roost
	- iceandfire:ice_dragon_cave
	- iceandfire:spawn_wandering_cyclops
	- iceandfire:spawn_dragon_skeleton_ice
[04Apr2025 19:49:34.394] [Server thread/DEBUG] [com.github.alexthe666.iceandfire.IceAndFire/]: Added the following features to the biome [regions_unexplored:saguaro_desert]: 
	- iceandfire:fire_lily
	- iceandfire:silver_ore
	- iceandfire:fire_dragon_roost
	- iceandfire:fire_dragon_cave
	- iceandfire:myrmex_hive_desert
	- iceandfire:spawn_death_worm
	- iceandfire:spawn_dragon_skeleton_fire
[04Apr2025 19:49:34.395] [Server thread/DEBUG] [com.github.alexthe666.iceandfire.IceAndFire/]: Added the following features to the biome [terralith:sakura_grove]: 
	- iceandfire:silver_ore
[04Apr2025 19:49:34.395] [Server thread/DEBUG] [com.github.alexthe666.iceandfire.IceAndFire/]: Added the following features to the biome [terralith:sakura_valley]: 
	- iceandfire:silver_ore
[04Apr2025 19:49:34.396] [Server thread/DEBUG] [com.github.alexthe666.iceandfire.IceAndFire/]: Added the following features to the biome [terralith:sandstone_valley]: 
	- iceandfire:fire_lily
	- iceandfire:silver_ore
	- iceandfire:fire_dragon_roost
	- iceandfire:fire_dragon_cave
	- iceandfire:myrmex_hive_desert
	- iceandfire:spawn_death_worm
	- iceandfire:spawn_dragon_skeleton_fire
[04Apr2025 19:49:34.396] [Server thread/DEBUG] [com.github.alexthe666.iceandfire.IceAndFire/]: Added the following features to the biome [minecraft:savanna]: 
	- iceandfire:fire_lily
	- iceandfire:lightning_lily
	- iceandfire:silver_ore
	- iceandfire:lightning_dragon_roost
	- iceandfire:lightning_dragon_cave
	- iceandfire:spawn_dragon_skeleton_lightning
[04Apr2025 19:49:34.396] [Server thread/DEBUG] [com.github.alexthe666.iceandfire.IceAndFire/]: Added the following features to the biome [terralith:savanna_badlands]: 
	- iceandfire:fire_lily
	- iceandfire:lightning_lily
	- iceandfire:silver_ore
	- iceandfire:lightning_dragon_roost
	- iceandfire:lightning_dragon_cave
	- iceandfire:spawn_dragon_skeleton_lightning
[04Apr2025 19:49:34.397] [Server thread/DEBUG] [com.github.alexthe666.iceandfire.IceAndFire/]: Added the following features to the biome [minecraft:savanna_plateau]: 
	- iceandfire:fire_lily
	- iceandfire:lightning_lily
	- iceandfire:silver_ore
	- iceandfire:lightning_dragon_roost
	- iceandfire:lightning_dragon_cave
	- iceandfire:spawn_dragon_skeleton_lightning
[04Apr2025 19:49:34.397] [Server thread/DEBUG] [com.github.alexthe666.iceandfire.IceAndFire/]: Added the following features to the biome [terralith:savanna_slopes]: 
	- iceandfire:fire_lily
	- iceandfire:lightning_lily
	- iceandfire:silver_ore
	- iceandfire:lightning_dragon_roost
	- iceandfire:lightning_dragon_cave
	- iceandfire:spawn_dragon_skeleton_lightning
[04Apr2025 19:49:34.398] [Server thread/DEBUG] [com.github.alexthe666.iceandfire.IceAndFire/]: Added the following features to the biome [terralith:scarlet_mountains]: 
	- iceandfire:silver_ore
	- iceandfire:ice_dragon_roost
	- iceandfire:ice_dragon_cave
[04Apr2025 19:49:34.398] [Server thread/DEBUG] [com.github.alexthe666.iceandfire.IceAndFire/]: Added the following features to the biome [regions_unexplored:scorching_caves]: 
	- iceandfire:silver_ore
[04Apr2025 19:49:34.399] [Server thread/DEBUG] [com.github.alexthe666.iceandfire.IceAndFire/]: Added the following features to the biome [terralith:shield]: 
	- iceandfire:silver_ore
	- iceandfire:ice_dragon_roost
	- iceandfire:ice_dragon_cave
[04Apr2025 19:49:34.400] [Server thread/DEBUG] [com.github.alexthe666.iceandfire.IceAndFire/]: Added the following features to the biome [terralith:shield_clearing]: 
	- iceandfire:silver_ore
[04Apr2025 19:49:34.400] [Server thread/DEBUG] [com.github.alexthe666.iceandfire.IceAndFire/]: Added the following features to the biome [regions_unexplored:shrubland]: 
	- iceandfire:silver_ore
	- iceandfire:fire_dragon_roost
	- iceandfire:fire_dragon_cave
	- iceandfire:spawn_wandering_cyclops
[04Apr2025 19:49:34.401] [Server thread/DEBUG] [com.github.alexthe666.iceandfire.IceAndFire/]: Added the following features to the biome [terralith:shrubland]: 
	- iceandfire:fire_lily
	- iceandfire:silver_ore
	- iceandfire:fire_dragon_roost
	- iceandfire:fire_dragon_cave
[04Apr2025 19:49:34.401] [Server thread/DEBUG] [com.github.alexthe666.iceandfire.IceAndFire/]: Added the following features to the biome [terralith:siberian_grove]: 
	- iceandfire:frost_lily
	- iceandfire:silver_ore
	- iceandfire:sapphire_ore
	- iceandfire:ice_dragon_roost
	- iceandfire:ice_dragon_cave
	- iceandfire:spawn_dragon_skeleton_ice
[04Apr2025 19:49:34.402] [Server thread/DEBUG] [com.github.alexthe666.iceandfire.IceAndFire/]: Added the following features to the biome [terralith:siberian_taiga]: 
	- iceandfire:silver_ore
	- iceandfire:ice_dragon_roost
	- iceandfire:ice_dragon_cave
	- iceandfire:pixie_village
[04Apr2025 19:49:34.402] [Server thread/DEBUG] [com.github.alexthe666.iceandfire.IceAndFire/]: Added the following features to the biome [regions_unexplored:silver_birch_forest]: 
	- iceandfire:silver_ore
	- iceandfire:ice_dragon_roost
	- iceandfire:ice_dragon_cave
[04Apr2025 19:49:34.403] [Server thread/DEBUG] [com.github.alexthe666.iceandfire.IceAndFire/]: Added the following features to the biome [terralith:skylands]: 
	- iceandfire:silver_ore
	- iceandfire:pixie_village
[04Apr2025 19:49:34.403] [Server thread/DEBUG] [com.github.alexthe666.iceandfire.IceAndFire/]: Added the following features to the biome [terralith:skylands_autumn]: 
	- iceandfire:silver_ore
[04Apr2025 19:49:34.404] [Server thread/DEBUG] [com.github.alexthe666.iceandfire.IceAndFire/]: Added the following features to the biome [terralith:skylands_spring]: 
	- iceandfire:silver_ore
[04Apr2025 19:49:34.404] [Server thread/DEBUG] [com.github.alexthe666.iceandfire.IceAndFire/]: Added the following features to the biome [terralith:skylands_summer]: 
	- iceandfire:fire_lily
	- iceandfire:silver_ore
	- iceandfire:fire_dragon_roost
	- iceandfire:fire_dragon_cave
[04Apr2025 19:49:34.404] [Server thread/DEBUG] [com.github.alexthe666.iceandfire.IceAndFire/]: Added the following features to the biome [terralith:skylands_winter]: 
	- iceandfire:frost_lily
	- iceandfire:silver_ore
	- iceandfire:sapphire_ore
	- iceandfire:ice_dragon_roost
	- iceandfire:ice_dragon_cave
	- iceandfire:spawn_dragon_skeleton_ice
[04Apr2025 19:49:34.406] [Server thread/DEBUG] [com.github.alexthe666.iceandfire.IceAndFire/]: Added the following features to the biome [terralith:snowy_badlands]: 
	- iceandfire:frost_lily
	- iceandfire:silver_ore
	- iceandfire:sapphire_ore
	- iceandfire:ice_dragon_roost
	- iceandfire:ice_dragon_cave
	- iceandfire:spawn_dragon_skeleton_ice
[04Apr2025 19:49:34.406] [Server thread/DEBUG] [com.github.alexthe666.iceandfire.IceAndFire/]: Added the following features to the biome [minecraft:snowy_beach]: 
	- iceandfire:frost_lily
	- iceandfire:silver_ore
	- iceandfire:sapphire_ore
	- iceandfire:ice_dragon_roost
	- iceandfire:ice_dragon_cave
	- iceandfire:cyclops_cave
	- iceandfire:spawn_dragon_skeleton_ice
[04Apr2025 19:49:34.407] [Server thread/DEBUG] [com.github.alexthe666.iceandfire.IceAndFire/]: Added the following features to the biome [terralith:snowy_cherry_grove]: 
	- iceandfire:frost_lily
	- iceandfire:silver_ore
	- iceandfire:sapphire_ore
	- iceandfire:ice_dragon_roost
	- iceandfire:ice_dragon_cave
	- iceandfire:spawn_dragon_skeleton_ice
[04Apr2025 19:49:34.408] [Server thread/DEBUG] [com.github.alexthe666.iceandfire.IceAndFire/]: Added the following features to the biome [terralith:snowy_maple_forest]: 
	- iceandfire:frost_lily
	- iceandfire:silver_ore
	- iceandfire:sapphire_ore
	- iceandfire:ice_dragon_roost
	- iceandfire:ice_dragon_cave
	- iceandfire:spawn_dragon_skeleton_ice
[04Apr2025 19:49:34.408] [Server thread/DEBUG] [com.github.alexthe666.iceandfire.IceAndFire/]: Added the following features to the biome [minecraft:snowy_plains]: 
	- iceandfire:frost_lily
	- iceandfire:silver_ore
	- iceandfire:sapphire_ore
	- iceandfire:ice_dragon_roost
	- iceandfire:ice_dragon_cave
	- iceandfire:spawn_wandering_cyclops
	- iceandfire:spawn_dragon_skeleton_ice
[04Apr2025 19:49:34.409] [Server thread/DEBUG] [com.github.alexthe666.iceandfire.IceAndFire/]: Added the following features to the biome [terralith:snowy_shield]: 
	- iceandfire:frost_lily
	- iceandfire:silver_ore
	- iceandfire:sapphire_ore
	- iceandfire:ice_dragon_roost
	- iceandfire:ice_dragon_cave
	- iceandfire:spawn_dragon_skeleton_ice
[04Apr2025 19:49:34.409] [Server thread/DEBUG] [com.github.alexthe666.iceandfire.IceAndFire/]: Added the following features to the biome [minecraft:snowy_slopes]: 
	- iceandfire:frost_lily
	- iceandfire:silver_ore
	- iceandfire:sapphire_ore
	- iceandfire:ice_dragon_roost
	- iceandfire:ice_dragon_cave
	- iceandfire:spawn_dragon_skeleton_ice
[04Apr2025 19:49:34.409] [Server thread/DEBUG] [com.github.alexthe666.iceandfire.IceAndFire/]: Added the following features to the biome [minecraft:snowy_taiga]: 
	- iceandfire:frost_lily
	- iceandfire:silver_ore
	- iceandfire:sapphire_ore
	- iceandfire:ice_dragon_roost
	- iceandfire:ice_dragon_cave
	- iceandfire:spawn_dragon_skeleton_ice
[04Apr2025 19:49:34.410] [Server thread/DEBUG] [com.github.alexthe666.iceandfire.IceAndFire/]: Added the following features to the biome [minecraft:sparse_jungle]: 
	- iceandfire:fire_lily
	- iceandfire:silver_ore
	- iceandfire:lightning_dragon_roost
	- iceandfire:lightning_dragon_cave
	- iceandfire:myrmex_hive_jungle
[04Apr2025 19:49:34.411] [Server thread/DEBUG] [com.github.alexthe666.iceandfire.IceAndFire/]: Added the following features to the biome [regions_unexplored:sparse_rainforest]: 
	- iceandfire:fire_lily
	- iceandfire:silver_ore
	- iceandfire:lightning_dragon_roost
	- iceandfire:lightning_dragon_cave
	- iceandfire:myrmex_hive_jungle
[04Apr2025 19:49:34.411] [Server thread/DEBUG] [com.github.alexthe666.iceandfire.IceAndFire/]: Added the following features to the biome [regions_unexplored:sparse_redwoods]: 
	- iceandfire:silver_ore
[04Apr2025 19:49:34.411] [Server thread/DEBUG] [com.github.alexthe666.iceandfire.IceAndFire/]: Added the following features to the biome [regions_unexplored:spires]: 
	- iceandfire:frost_lily
	- iceandfire:silver_ore
	- iceandfire:sapphire_ore
	- iceandfire:ice_dragon_roost
	- iceandfire:ice_dragon_cave
	- iceandfire:spawn_dragon_skeleton_ice
[04Apr2025 19:49:34.412] [Server thread/DEBUG] [com.github.alexthe666.iceandfire.IceAndFire/]: Added the following features to the biome [regions_unexplored:steppe]: 
	- iceandfire:fire_lily
	- iceandfire:lightning_lily
	- iceandfire:silver_ore
	- iceandfire:lightning_dragon_roost
	- iceandfire:lightning_dragon_cave
	- iceandfire:spawn_dragon_skeleton_lightning
[04Apr2025 19:49:34.412] [Server thread/DEBUG] [com.github.alexthe666.iceandfire.IceAndFire/]: Added the following features to the biome [terralith:steppe]: 
	- iceandfire:silver_ore
	- iceandfire:fire_dragon_roost
	- iceandfire:fire_dragon_cave
	- iceandfire:spawn_wandering_cyclops
[04Apr2025 19:49:34.413] [Server thread/DEBUG] [com.github.alexthe666.iceandfire.IceAndFire/]: Added the following features to the biome [minecraft:stony_peaks]: 
	- iceandfire:fire_lily
	- iceandfire:silver_ore
	- iceandfire:fire_dragon_roost
	- iceandfire:fire_dragon_cave
[04Apr2025 19:49:34.413] [Server thread/DEBUG] [com.github.alexthe666.iceandfire.IceAndFire/]: Added the following features to the biome [minecraft:stony_shore]: 
	- iceandfire:silver_ore
[04Apr2025 19:49:34.413] [Server thread/DEBUG] [com.github.alexthe666.iceandfire.IceAndFire/]: Added the following features to the biome [terralith:stony_spires]: 
	- iceandfire:silver_ore
[04Apr2025 19:49:34.414] [Server thread/DEBUG] [com.github.alexthe666.iceandfire.IceAndFire/]: Added the following features to the biome [minecraft:sunflower_plains]: 
	- iceandfire:silver_ore
	- iceandfire:fire_dragon_roost
	- iceandfire:fire_dragon_cave
	- iceandfire:spawn_wandering_cyclops
[04Apr2025 19:49:34.415] [Server thread/DEBUG] [com.github.alexthe666.iceandfire.IceAndFire/]: Added the following features to the biome [minecraft:swamp]: 
	- iceandfire:silver_ore
	- iceandfire:hydra_cave
	- iceandfire:spawn_stymphalian_bird
[04Apr2025 19:49:34.416] [Server thread/DEBUG] [com.github.alexthe666.iceandfire.IceAndFire/]: Added the following features to the biome [minecraft:taiga]: 
	- iceandfire:silver_ore
	- iceandfire:ice_dragon_roost
	- iceandfire:ice_dragon_cave
[04Apr2025 19:49:34.416] [Server thread/DEBUG] [com.github.alexthe666.iceandfire.IceAndFire/]: Added the following features to the biome [regions_unexplored:temperate_grove]: 
	- iceandfire:silver_ore
[04Apr2025 19:49:34.417] [Server thread/DEBUG] [com.github.alexthe666.iceandfire.IceAndFire/]: Added the following features to the biome [terralith:temperate_highlands]: 
	- iceandfire:silver_ore
[04Apr2025 19:49:34.418] [Server thread/DEBUG] [com.github.alexthe666.iceandfire.IceAndFire/]: Added the following features to the biome [regions_unexplored:towering_cliffs]: 
	- iceandfire:silver_ore
[04Apr2025 19:49:34.419] [Server thread/DEBUG] [com.github.alexthe666.iceandfire.IceAndFire/]: Added the following features to the biome [terralith:tropical_jungle]: 
	- iceandfire:fire_lily
	- iceandfire:silver_ore
	- iceandfire:lightning_dragon_roost
	- iceandfire:lightning_dragon_cave
	- iceandfire:myrmex_hive_jungle
[04Apr2025 19:49:34.419] [Server thread/DEBUG] [com.github.alexthe666.iceandfire.IceAndFire/]: Added the following features to the biome [regions_unexplored:tropical_river]: 
	- iceandfire:silver_ore
[04Apr2025 19:49:34.420] [Server thread/DEBUG] [com.github.alexthe666.iceandfire.IceAndFire/]: Added the following features to the biome [regions_unexplored:tropics]: 
	- iceandfire:silver_ore
[04Apr2025 19:49:34.420] [Server thread/DEBUG] [com.github.alexthe666.iceandfire.IceAndFire/]: Added the following features to the biome [terralith:valley_clearing]: 
	- iceandfire:silver_ore
[04Apr2025 19:49:34.421] [Server thread/DEBUG] [com.github.alexthe666.iceandfire.IceAndFire/]: Added the following features to the biome [terralith:volcanic_crater]: 
	- iceandfire:fire_lily
	- iceandfire:silver_ore
	- iceandfire:fire_dragon_roost
	- iceandfire:fire_dragon_cave
[04Apr2025 19:49:34.421] [Server thread/DEBUG] [com.github.alexthe666.iceandfire.IceAndFire/]: Added the following features to the biome [terralith:volcanic_peaks]: 
	- iceandfire:fire_lily
	- iceandfire:silver_ore
	- iceandfire:fire_dragon_roost
	- iceandfire:fire_dragon_cave
[04Apr2025 19:49:34.422] [Server thread/DEBUG] [com.github.alexthe666.iceandfire.IceAndFire/]: Added the following features to the biome [minecraft:warm_ocean]: 
	- iceandfire:fire_lily
	- iceandfire:silver_ore
	- iceandfire:fire_dragon_roost
	- iceandfire:fire_dragon_cave
	- iceandfire:siren_island
	- iceandfire:spawn_hippocampus
	- iceandfire:spawn_sea_serpent
[04Apr2025 19:49:34.422] [Server thread/DEBUG] [com.github.alexthe666.iceandfire.IceAndFire/]: Added the following features to the biome [terralith:warm_river]: 
	- iceandfire:fire_lily
	- iceandfire:silver_ore
	- iceandfire:fire_dragon_roost
	- iceandfire:fire_dragon_cave
[04Apr2025 19:49:34.423] [Server thread/DEBUG] [com.github.alexthe666.iceandfire.IceAndFire/]: Added the following features to the biome [terralith:warped_mesa]: 
	- iceandfire:fire_lily
	- iceandfire:silver_ore
	- iceandfire:fire_dragon_roost
	- iceandfire:fire_dragon_cave
[04Apr2025 19:49:34.424] [Server thread/DEBUG] [com.github.alexthe666.iceandfire.IceAndFire/]: Added the following features to the biome [terralith:white_cliffs]: 
	- iceandfire:silver_ore
[04Apr2025 19:49:34.424] [Server thread/DEBUG] [com.github.alexthe666.iceandfire.IceAndFire/]: Added the following features to the biome [terralith:white_mesa]: 
	- iceandfire:fire_lily
	- iceandfire:silver_ore
	- iceandfire:fire_dragon_roost
	- iceandfire:fire_dragon_cave
[04Apr2025 19:49:34.425] [Server thread/DEBUG] [com.github.alexthe666.iceandfire.IceAndFire/]: Added the following features to the biome [regions_unexplored:willow_forest]: 
	- iceandfire:silver_ore
[04Apr2025 19:49:34.425] [Server thread/DEBUG] [com.github.alexthe666.iceandfire.IceAndFire/]: Added the following features to the biome [minecraft:windswept_forest]: 
	- iceandfire:silver_ore
[04Apr2025 19:49:34.425] [Server thread/DEBUG] [com.github.alexthe666.iceandfire.IceAndFire/]: Added the following features to the biome [minecraft:windswept_gravelly_hills]: 
	- iceandfire:silver_ore
[04Apr2025 19:49:34.426] [Server thread/DEBUG] [com.github.alexthe666.iceandfire.IceAndFire/]: Added the following features to the biome [minecraft:windswept_hills]: 
	- iceandfire:silver_ore
[04Apr2025 19:49:34.426] [Server thread/DEBUG] [com.github.alexthe666.iceandfire.IceAndFire/]: Added the following features to the biome [minecraft:windswept_savanna]: 
	- iceandfire:fire_lily
	- iceandfire:lightning_lily
	- iceandfire:silver_ore
	- iceandfire:lightning_dragon_roost
	- iceandfire:lightning_dragon_cave
	- iceandfire:spawn_dragon_skeleton_lightning
[04Apr2025 19:49:34.426] [Server thread/DEBUG] [com.github.alexthe666.iceandfire.IceAndFire/]: Added the following features to the biome [terralith:windswept_spires]: 
	- iceandfire:silver_ore
[04Apr2025 19:49:34.427] [Server thread/DEBUG] [com.github.alexthe666.iceandfire.IceAndFire/]: Added the following features to the biome [terralith:wintry_forest]: 
	- iceandfire:frost_lily
	- iceandfire:silver_ore
	- iceandfire:sapphire_ore
	- iceandfire:ice_dragon_roost
	- iceandfire:ice_dragon_cave
	- iceandfire:spawn_dragon_skeleton_ice
[04Apr2025 19:49:34.427] [Server thread/DEBUG] [com.github.alexthe666.iceandfire.IceAndFire/]: Added the following features to the biome [terralith:wintry_lowlands]: 
	- iceandfire:frost_lily
	- iceandfire:silver_ore
	- iceandfire:sapphire_ore
	- iceandfire:ice_dragon_roost
	- iceandfire:ice_dragon_cave
	- iceandfire:spawn_dragon_skeleton_ice
[04Apr2025 19:49:34.428] [Server thread/DEBUG] [com.github.alexthe666.iceandfire.IceAndFire/]: Added the following features to the biome [minecraft:wooded_badlands]: 
	- iceandfire:silver_ore
	- iceandfire:lightning_dragon_roost
	- iceandfire:lightning_dragon_cave
[04Apr2025 19:49:34.429] [Server thread/DEBUG] [com.github.alexthe666.iceandfire.IceAndFire/]: Added the following features to the biome [terralith:yellowstone]: 
	- iceandfire:silver_ore
	- iceandfire:ice_dragon_roost
	- iceandfire:ice_dragon_cave
[04Apr2025 19:49:34.429] [Server thread/DEBUG] [com.github.alexthe666.iceandfire.IceAndFire/]: Added the following features to the biome [terralith:yosemite_cliffs]: 
	- iceandfire:silver_ore
[04Apr2025 19:49:34.430] [Server thread/DEBUG] [com.github.alexthe666.iceandfire.IceAndFire/]: Added the following features to the biome [terralith:yosemite_lowlands]: 
	- iceandfire:silver_ore
[04Apr2025 19:49:34.445] [Server thread/DEBUG] [SpectreLib/CONFIG]: Loading server configs from ./world/serverconfig on server
[04Apr2025 19:49:34.446] [Server thread/DEBUG] [SpectreLib/CONFIG]: Built TOML config for /workspaces/ServerPrueba/servidor_minecraft/config/comforts-server.toml
[04Apr2025 19:49:34.446] [Server thread/DEBUG] [SpectreLib/CONFIG]: Loaded TOML config file /workspaces/ServerPrueba/servidor_minecraft/config/comforts-server.toml
[04Apr2025 19:49:34.456] [Server thread/DEBUG] [mixin/]: Mixing LevelUtilsMixin from aeroblender.mixins.json into terrablender.util.LevelUtils
[04Apr2025 19:49:34.458] [Server thread/DEBUG] [mixin/]: Mixing LayeredNoiseUtilMixin from aeroblender.mixins.json into terrablender.worldgen.noise.LayeredNoiseUtil
[04Apr2025 19:49:34.459] [Server thread/DEBUG] [mixin/]: Renaming synthetic method lambda$uniqueness$0(JJ)Lterrablender/worldgen/noise/AreaContext; to mdf2554f$lambda$uniqueness$0$0 in aeroblender.mixins.json:LayeredNoiseUtilMixin
[04Apr2025 19:49:34.469] [Server thread/INFO] [terrablender/]: Initialized TerraBlender biomes for level stem aether:the_aether
[04Apr2025 19:49:34.470] [Server thread/INFO] [terrablender/]: Initialized TerraBlender biomes for level stem minecraft:the_nether
[04Apr2025 19:49:35.006] [Server thread/INFO] [terrablender/]: Initialized TerraBlender biomes for level stem minecraft:overworld
[04Apr2025 19:49:35.007] [Server thread/INFO] [net.minecraft.server.dedicated.DedicatedServer/]: Preparing level "world"
[04Apr2025 19:49:35.016] [Server thread/DEBUG] [net.minecraftforge.coremod.transformer.CoreModBaseTransformer/COREMOD]: Transforming net/minecraft/world/level/levelgen/PhantomSpawner
[04Apr2025 19:49:35.022] [Server thread/DEBUG] [net.minecraftforge.coremod.transformer.CoreModBaseTransformer/COREMOD]: Transforming net/minecraft/world/level/levelgen/PatrolSpawner
[04Apr2025 19:49:35.027] [Server thread/DEBUG] [net.minecraftforge.coremod.transformer.CoreModBaseTransformer/COREMOD]: Transforming net/minecraft/world/entity/npc/CatSpawner
[04Apr2025 19:49:35.032] [Server thread/DEBUG] [net.minecraftforge.coremod.transformer.CoreModBaseTransformer/COREMOD]: Transforming net/minecraft/world/entity/ai/village/VillageSiege
[04Apr2025 19:49:35.079] [Server thread/DEBUG] [mixin/]: Mixing DimensionDataStorageAccessor from structure_gel.mixins.json into net.minecraft.world.level.storage.DimensionDataStorage
[04Apr2025 19:49:35.373] [Server thread/DEBUG] [mixin/]: Mixing accessor.ChunkGeneratorStructureStateAccessor from betterdeserttemples.mixins.json into net.minecraft.world.level.chunk.ChunkGeneratorStructureState
[04Apr2025 19:49:35.373] [Server thread/DEBUG] [mixin/]: Mixing accessor.ChunkGeneratorStructureStateAccessor from betterjungletemples.mixins.json into net.minecraft.world.level.chunk.ChunkGeneratorStructureState
[04Apr2025 19:49:35.374] [Server thread/DEBUG] [mixin/]: Unexpected: Registered method getBiomeSource()Lnet/minecraft/world/level/biome/BiomeSource; in net.minecraft.world.level.chunk.ChunkGeneratorStructureState was not merged
[04Apr2025 19:49:35.435] [Server thread/DEBUG] [mixin/]: Mixing MixinSleepStatus from comforts.mixins.json into net.minecraft.server.players.SleepStatus
[04Apr2025 19:49:35.770] [Server thread/DEBUG] [mixin/]: Mixing entities.FlyNodeEvaluatorMixin from the_bumblezone-common.mixins.json into net.minecraft.world.level.pathfinder.FlyNodeEvaluator
[04Apr2025 19:49:35.957] [Server thread/DEBUG] [com.cerbon.cerbons_api.util.Constants/]: Loaded com.cerbon.cerbons_api.forge.platform.ForgePlatformHelper@6eab3d7 for service interface com.cerbon.cerbons_api.platform.services.IPlatformHelper
[04Apr2025 19:49:35.958] [Server thread/DEBUG] [com.cerbon.cerbons_api.util.Constants/]: Loaded com.cerbon.cerbons_api.forge.platform.ForgeRegistryHelper@2d2dc0dd for service interface com.cerbon.cerbons_api.platform.services.IRegistryHelper
[04Apr2025 19:49:35.958] [Server thread/DEBUG] [com.cerbon.cerbons_api.util.Constants/]: Loaded com.cerbon.cerbons_api.forge.platform.ForgeCapabilityHelper@49dc81a8 for service interface com.cerbon.cerbons_api.platform.services.ICapabilityHelper
[04Apr2025 19:49:36.043] [Server thread/WARN] [net.minecraft.network.syncher.SynchedEntityData/]: defineId called for: class com.cerbon.bosses_of_mass_destruction.entity.custom.obsidilith.ObsidilithEntity from class com.cerbon.bosses_of_mass_destruction.entity.custom.obsidilith.ObsidilithUtils
[04Apr2025 19:49:36.047] [Server thread/WARN] [net.minecraft.network.syncher.SynchedEntityData/]: defineId called for: class com.cerbon.bosses_of_mass_destruction.entity.custom.gauntlet.GauntletEntity from class com.cerbon.bosses_of_mass_destruction.projectile.PetalBladeProjectile
[04Apr2025 19:49:36.053] [Server thread/WARN] [net.minecraft.network.syncher.SynchedEntityData/]: defineId called for: class com.cerbon.bosses_of_mass_destruction.entity.util.BaseEntity from class com.cerbon.bosses_of_mass_destruction.entity.custom.void_blossom.hitbox.NetworkedHitboxManager
[04Apr2025 19:49:36.129] [Server thread/DEBUG] [mixin/]: Mixing VibrationListenerMixin from mixins.deeperdarker.json into net.minecraft.world.level.gameevent.vibrations.VibrationSystem$Listener
[04Apr2025 19:49:36.226] [Server thread/DEBUG] [mixin/]: Mixing entities.AmphibiousNodeEvaluatorMixin from the_bumblezone-common.mixins.json into net.minecraft.world.level.pathfinder.AmphibiousNodeEvaluator
[04Apr2025 19:49:36.459] [Server thread/DEBUG] [mixin/]: Mixing MixinPiglinAi from curios.mixins.json into net.minecraft.world.entity.monster.piglin.PiglinAi
[04Apr2025 19:49:36.584] [Server thread/DEBUG] [mixin/]: Mixing StayNearPointTaskMixin from blue_skies.mixins.json into net.minecraft.world.entity.ai.behavior.SetWalkTargetFromBlockMemory
[04Apr2025 19:49:45.046] [Server thread/INFO] [net.regions_unexplored.RegionsUnexploredMod/]: Loading dimension "minecraft:the_nether" with biome source: "blueprint:modded".
[04Apr2025 19:49:45.048] [Server thread/INFO] [net.minecraft.server.MinecraftServer/]: Preparing start region for dimension minecraft:overworld
[04Apr2025 19:49:45.826] [Server thread/DEBUG] [mixin/]: Mixing MixinChunkSerializer from architectury.mixins.json into net.minecraft.world.level.chunk.storage.ChunkSerializer
[04Apr2025 19:49:46.545] [Worker-Main-3/INFO] [net.minecraft.server.level.progress.LoggerChunkProgressListener/]: Preparing spawn area: 0%
[04Apr2025 19:49:46.553] [Worker-Main-3/INFO] [net.minecraft.server.level.progress.LoggerChunkProgressListener/]: Preparing spawn area: 0%
[04Apr2025 19:49:46.553] [Worker-Main-2/INFO] [net.minecraft.server.level.progress.LoggerChunkProgressListener/]: Preparing spawn area: 0%
[04Apr2025 19:49:46.554] [Worker-Main-3/INFO] [net.minecraft.server.level.progress.LoggerChunkProgressListener/]: Preparing spawn area: 0%
[04Apr2025 19:49:47.140] [Worker-Main-1/INFO] [net.minecraft.server.level.progress.LoggerChunkProgressListener/]: Preparing spawn area: 0%
[04Apr2025 19:49:47.636] [Worker-Main-2/INFO] [net.minecraft.server.level.progress.LoggerChunkProgressListener/]: Preparing spawn area: 0%
[04Apr2025 19:49:47.983] [Server thread/DEBUG] [net.minecraftforge.coremod.transformer.CoreModBaseTransformer/COREMOD]: Transforming net/minecraft/world/level/levelgen/structure/templatesystem/StructureTemplate
[04Apr2025 19:49:48.025] [Server thread/DEBUG] [mixin/]: Mixing DungeonContextMixin from betterdungeons.mixins.json into net.minecraft.world.level.levelgen.structure.templatesystem.StructureTemplate
[04Apr2025 19:49:48.026] [Server thread/DEBUG] [mixin/]: Mixing StructureTemplateMixin from betterdungeons.mixins.json into net.minecraft.world.level.levelgen.structure.templatesystem.StructureTemplate
[04Apr2025 19:49:48.027] [Server thread/DEBUG] [mixin/]: Renaming synthetic method lambda$betterdungeons_preventAutoWaterlogging$0(Lnet/minecraft/world/level/levelgen/structure/templatesystem/StructureProcessor;)Z to mdf2554f$lambda$betterdungeons_preventAutoWaterlogging$0$0 in betterdungeons.mixins.json:StructureTemplateMixin
[04Apr2025 19:49:48.027] [Server thread/DEBUG] [mixin/]: Mixing StructureTemplateMixin from betterwitchhuts.mixins.json into net.minecraft.world.level.levelgen.structure.templatesystem.StructureTemplate
[04Apr2025 19:49:48.027] [Server thread/DEBUG] [mixin/]: Renaming synthetic method lambda$betterwitchhuts_preventAutoWaterlogging$0(Lnet/minecraft/world/level/levelgen/structure/templatesystem/StructureProcessor;)Z to mdf2554f$lambda$betterwitchhuts_preventAutoWaterlogging$0$1 in betterwitchhuts.mixins.json:StructureTemplateMixin
[04Apr2025 19:49:48.028] [Server thread/DEBUG] [mixin/]: Mixing StructureTemplateMixin from betterdeserttemples.mixins.json into net.minecraft.world.level.levelgen.structure.templatesystem.StructureTemplate
[04Apr2025 19:49:48.028] [Server thread/DEBUG] [mixin/]: Renaming synthetic method lambda$betterdeserttemples_preventAutoWaterlogging$0(Lnet/minecraft/world/level/levelgen/structure/templatesystem/StructureProcessor;)Z to mdf2554f$lambda$betterdeserttemples_preventAutoWaterlogging$0$2 in betterdeserttemples.mixins.json:StructureTemplateMixin
[04Apr2025 19:49:48.028] [Server thread/DEBUG] [mixin/]: Mixing StructureTemplateMixin from blueprint.mixins.json into net.minecraft.world.level.levelgen.structure.templatesystem.StructureTemplate
[04Apr2025 19:49:48.028] [Server thread/DEBUG] [mixin/]: Mixing StructureTemplateMixin from undergarden.mixins.json into net.minecraft.world.level.levelgen.structure.templatesystem.StructureTemplate
[04Apr2025 19:49:48.029] [Server thread/DEBUG] [mixin/]: Renaming synthetic method lambda$undergarden$removeWaterloggingInStructures$0(Lnet/minecraft/world/level/levelgen/structure/templatesystem/StructureProcessor;)Z to mdf2554f$lambda$undergarden$removeWaterloggingInStructures$0$3 in undergarden.mixins.json:StructureTemplateMixin
[04Apr2025 19:49:48.029] [Server thread/DEBUG] [mixin/]: Mixing world.StructureTemplateAccessor from the_bumblezone-common.mixins.json into net.minecraft.world.level.levelgen.structure.templatesystem.StructureTemplate
[04Apr2025 19:49:48.029] [Server thread/DEBUG] [mixin/]: Mixing world.StructureTemplateMixin from the_bumblezone-common.mixins.json into net.minecraft.world.level.levelgen.structure.templatesystem.StructureTemplate
[04Apr2025 19:49:48.029] [Server thread/DEBUG] [mixin/]: Renaming synthetic method lambda$bumblezone$preventAutoWaterlogging$0(Lnet/minecraft/world/level/levelgen/structure/templatesystem/StructureProcessor;)Z to mdf2554f$lambda$bumblezone$preventAutoWaterlogging$0$4 in the_bumblezone-common.mixins.json:world.StructureTemplateMixin
[04Apr2025 19:49:48.030] [Server thread/DEBUG] [mixin/]: Mixing StructureTemplateMixin from betterjungletemples.mixins.json into net.minecraft.world.level.levelgen.structure.templatesystem.StructureTemplate
[04Apr2025 19:49:48.030] [Server thread/DEBUG] [mixin/]: Renaming synthetic method lambda$betterjungletemples_preventAutoWaterlogging$0(Lnet/minecraft/world/level/levelgen/structure/templatesystem/StructureProcessor;)Z to mdf2554f$lambda$betterjungletemples_preventAutoWaterlogging$0$5 in betterjungletemples.mixins.json:StructureTemplateMixin
[04Apr2025 19:49:48.030] [Server thread/DEBUG] [mixin/]: Mixing TemplateMixins$StructureTemplateMixin from structure_gel.mixins.json into net.minecraft.world.level.levelgen.structure.templatesystem.StructureTemplate
[04Apr2025 19:49:48.031] [Server thread/DEBUG] [mixin/]: Renaming synthetic method lambda$addGelProcessor_processBlockInfos$0(Lnet/minecraft/world/level/levelgen/structure/templatesystem/StructureTemplate$StructureBlockInfo;)Z to mdf2554f$lambda$addGelProcessor_processBlockInfos$0$6 in structure_gel.mixins.json:TemplateMixins$StructureTemplateMixin
[04Apr2025 19:49:48.032] [Server thread/DEBUG] [mixin/]: Mixing StructureTemplateAccessor from structure_gel.mixins.json into net.minecraft.world.level.levelgen.structure.templatesystem.StructureTemplate
[04Apr2025 19:49:48.149] [Worker-Main-3/INFO] [net.minecraft.server.level.progress.LoggerChunkProgressListener/]: Preparing spawn area: 0%
[04Apr2025 19:49:48.555] [Worker-Main-1/INFO] [net.minecraft.server.level.progress.LoggerChunkProgressListener/]: Preparing spawn area: 0%
[04Apr2025 19:49:49.053] [Worker-Main-2/INFO] [net.minecraft.server.level.progress.LoggerChunkProgressListener/]: Preparing spawn area: 0%
[04Apr2025 19:49:49.612] [Worker-Main-1/INFO] [net.minecraft.server.level.progress.LoggerChunkProgressListener/]: Preparing spawn area: 0%
[04Apr2025 19:49:50.051] [Worker-Main-1/INFO] [net.minecraft.server.level.progress.LoggerChunkProgressListener/]: Preparing spawn area: 0%
[04Apr2025 19:49:50.549] [Worker-Main-3/INFO] [net.minecraft.server.level.progress.LoggerChunkProgressListener/]: Preparing spawn area: 2%
[04Apr2025 19:49:51.049] [Worker-Main-2/INFO] [net.minecraft.server.level.progress.LoggerChunkProgressListener/]: Preparing spawn area: 4%
[04Apr2025 19:49:51.308] [Server thread/DEBUG] [mixin/]: Mixing debug.DebugPacketsMixin from yungscavebiomes.mixins.json into net.minecraft.network.protocol.game.DebugPackets
[04Apr2025 19:49:51.308] [Server thread/DEBUG] [mixin/]: Renaming synthetic method lambda$yungscavebiomes_debugSendGoalSelector$1(Lnet/minecraft/network/FriendlyByteBuf;Lnet/minecraft/world/entity/ai/goal/WrappedGoal;)V to mdf2554f$lambda$yungscavebiomes_debugSendGoalSelector$1$0 in yungscavebiomes.mixins.json:debug.DebugPacketsMixin
[04Apr2025 19:49:51.308] [Server thread/DEBUG] [mixin/]: Renaming synthetic method lambda$yungscavebiomes_debugSendGoalSelector$0(Lnet/minecraft/world/entity/ai/goal/WrappedGoal;Lnet/minecraft/world/entity/ai/goal/WrappedGoal;)I to mdf2554f$lambda$yungscavebiomes_debugSendGoalSelector$0$1 in yungscavebiomes.mixins.json:debug.DebugPacketsMixin
[04Apr2025 19:49:51.548] [Worker-Main-2/INFO] [net.minecraft.server.level.progress.LoggerChunkProgressListener/]: Preparing spawn area: 30%
[04Apr2025 19:49:52.027] [Server thread/DEBUG] [mixin/]: Mixing BeehiveBlockEntity$BeeDataAccess from wthit.mixins.json into net.minecraft.world.level.block.entity.BeehiveBlockEntity$BeeData
[04Apr2025 19:49:52.028] [Server thread/DEBUG] [mixin/]: wthit.mixins.json:BeehiveBlockEntity$BeeDataAccess: Class version 61 required is higher than the class version supported by the current version of Mixin (JAVA_16 supports class version 60)
[04Apr2025 19:49:52.050] [Worker-Main-2/INFO] [net.minecraft.server.level.progress.LoggerChunkProgressListener/]: Preparing spawn area: 75%
[04Apr2025 19:49:52.347] [Server thread/INFO] [net.minecraft.server.level.progress.LoggerChunkProgressListener/]: Time elapsed: 7299 ms
[04Apr2025 19:49:52.348] [Server thread/INFO] [net.minecraft.server.dedicated.DedicatedServer/]: Done (18.168s)! For help, type "help"
[04Apr2025 19:49:52.363] [Server thread/DEBUG] [net.minecraftforge.network.DualStackUtils/]: Detected IPv6 address: "0:0:0:0:0:0:0:0"
[04Apr2025 19:49:52.536] [Server thread/DEBUG] [net.minecraftforge.common.ForgeI18n/CORE]: Loading I18N data entries: 17051
[04Apr2025 19:49:52.541] [Server thread/INFO] [net.minecraftforge.server.permission.PermissionAPI/]: Successfully initialized permission handler forge:default_handler
[04Apr2025 19:49:52.593] [Server thread/INFO] [mcp.mobius.waila.config.PluginConfig/]: [WTHIT] Plugin config reloaded
[04Apr2025 19:49:52.600] [Server thread/INFO] [com.github.alexthe666.iceandfire.IceAndFire/]: {iceandfire:fire_dragon_roost=true, iceandfire:fire_lily=true, iceandfire:spawn_dragon_skeleton_fire=true, iceandfire:lightning_dragon_roost=true, iceandfire:spawn_dragon_skeleton_lightning=true, iceandfire:ice_dragon_roost=true, iceandfire:ice_dragon_cave=true, iceandfire:lightning_dragon_cave=true, iceandfire:cyclops_cave=true, iceandfire:spawn_wandering_cyclops=true, iceandfire:spawn_sea_serpent=true, iceandfire:frost_lily=true, iceandfire:hydra_cave=true, iceandfire:lightning_lily=true, iceandfire:pixie_village=true, iceandfire:myrmex_hive_jungle=true, iceandfire:myrmex_hive_desert=true, iceandfire:silver_ore=true, iceandfire:siren_island=true, iceandfire:spawn_dragon_skeleton_ice=true, iceandfire:spawn_stymphalian_bird=true, iceandfire:fire_dragon_cave=true, iceandfire:sapphire_ore=true, iceandfire:spawn_hippocampus=true, iceandfire:spawn_death_worm=true}
[04Apr2025 19:49:52.600] [Server thread/INFO] [com.github.alexthe666.iceandfire.IceAndFire/]: {TROLL_S=true, HIPPOGRYPH=true, AMPHITHERE=true, COCKATRICE=true, TROLL_M=true, DREAD_LICH=true, TROLL_F=true}
[04Apr2025 19:49:52.788] [Server thread/INFO] [net.bettercombat.logic.WeaponRegistry/]: Encoded Weapon Attribute registry size (with package overhead): 203929 bytes (in 21 string chunks with the size of 10000)
[04Apr2025 19:49:52.790] [Server thread/INFO] [patchouli/]: Sending reload packet to clients
[04Apr2025 19:49:52.792] [Server thread/WARN] [voicechat/]: [voicechat] Running in offline mode - Voice chat encryption is not secure!
[04Apr2025 19:49:52.799] [Server thread/DEBUG] [voicechat/]: [voicechat] Using default voicechat socket implementation
[04Apr2025 19:49:52.804] [VoiceChatServerThread/INFO] [voicechat/]: [voicechat] Voice chat server started at port 24454
[04Apr2025 19:49:52.898] [Server thread/DEBUG] [mixin/]: Mixing loot.LootParamsMixin from the_bumblezone-common.mixins.json into net.minecraft.world.level.storage.loot.LootParams
[04Apr2025 19:49:52.929] [Server thread/DEBUG] [net.minecraftforge.coremod.transformer.CoreModBaseTransformer/COREMOD]: Transforming net/minecraft/world/level/NaturalSpawner
[04Apr2025 19:49:52.955] [Server thread/DEBUG] [mixin/]: Mixing NaturalSpawnerMixin from mixins.bosses_of_mass_destruction.json into net.minecraft.world.level.NaturalSpawner
[04Apr2025 19:49:52.958] [Server thread/DEBUG] [mixin/]: Mixing entities.MobSpawnLocationMixin from the_bumblezone-common.mixins.json into net.minecraft.world.level.NaturalSpawner
[04Apr2025 19:49:53.003] [Server thread/DEBUG] [net.minecraftforge.coremod.transformer.CoreModBaseTransformer/COREMOD]: Transforming m_8543_ with desc ()V
[04Apr2025 19:49:53.004] [Server thread/DEBUG] [mixin/]: Mixing ServerEntityMixin from blueprint.mixins.json into net.minecraft.server.level.ServerEntity
[04Apr2025 19:49:53.046] [Server thread/DEBUG] [tombstone/]: Updating LootTables
[04Apr2025 19:49:53.127] [Server thread/DEBUG] [mixin/]: Mixing debug.PathAccessor from yungscavebiomes.mixins.json into net.minecraft.world.level.pathfinder.Path
[04Apr2025 19:49:55.928] [Netty Epoll Server IO #1/DEBUG] [mixin/]: Mixing ServerHandshakePacketListenerImplMixin from mod_whitelist.mixins.json into net.minecraft.server.network.ServerHandshakePacketListenerImpl
[04Apr2025 19:49:55.940] [Netty Epoll Server IO #1/DEBUG] [mixin/]: Mixing ClientIntentionPacketMixin from mod_whitelist.mixins.json into net.minecraft.network.protocol.handshake.ClientIntentionPacket
[04Apr2025 19:49:55.997] [Netty Epoll Server IO #1/DEBUG] [net.minecraftforge.coremod.transformer.CoreModBaseTransformer/COREMOD]: Transforming net/minecraft/network/protocol/game/ClientboundSectionBlocksUpdatePacket
[04Apr2025 19:49:56.017] [Netty Epoll Server IO #1/DEBUG] [net.minecraftforge.coremod.transformer.CoreModBaseTransformer/COREMOD]: Transforming net/minecraft/network/protocol/game/ClientboundSectionBlocksUpdatePacket
[04Apr2025 19:49:56.128] [Netty Epoll Server IO #1/DEBUG] [io.netty.util.Recycler/]: -Dio.netty.recycler.maxCapacityPerThread: 4096
[04Apr2025 19:49:56.128] [Netty Epoll Server IO #1/DEBUG] [io.netty.util.Recycler/]: -Dio.netty.recycler.ratio: 8
[04Apr2025 19:49:56.129] [Netty Epoll Server IO #1/DEBUG] [io.netty.util.Recycler/]: -Dio.netty.recycler.chunkSize: 32
[04Apr2025 19:49:56.129] [Netty Epoll Server IO #1/DEBUG] [io.netty.util.Recycler/]: -Dio.netty.recycler.blocking: false
[04Apr2025 19:49:58.404] [Netty Epoll Server IO #2/DEBUG] [net.minecraftforge.network.HandshakeHandler/FMLHANDSHAKE]: Starting new modded impl connection. Found 35 messages to dispatch.
[04Apr2025 19:49:58.414] [Server thread/DEBUG] [net.minecraftforge.network.HandshakeHandler/FMLHANDSHAKE]: Sending ticking packet info 'net.minecraftforge.network.HandshakeMessages$S2CModData' to 'fml:handshake' sequence 0
[04Apr2025 19:49:58.465] [Server thread/DEBUG] [net.minecraftforge.network.HandshakeHandler/FMLHANDSHAKE]: Sending ticking packet info 'net.minecraftforge.network.HandshakeMessages$S2CModList' to 'fml:handshake' sequence 1
[04Apr2025 19:49:58.516] [Server thread/DEBUG] [net.minecraftforge.network.HandshakeHandler/FMLHANDSHAKE]: Sending ticking packet info 'Registry minecraft:command_argument_type' to 'fml:handshake' sequence 2
[04Apr2025 19:49:58.522] [Netty Epoll Server IO #2/DEBUG] [net.minecraftforge.network.LoginWrapper/FMLHANDSHAKE]: Recieved login wrapper packet event for channel fml:handshake with index 1
[04Apr2025 19:49:58.525] [Netty Epoll Server IO #2/DEBUG] [net.minecraftforge.network.HandshakeHandler/FMLHANDSHAKE]: Received client indexed reply 1 of type net.minecraftforge.network.HandshakeMessages$C2SModListReply
[04Apr2025 19:49:58.526] [Netty Epoll Server IO #2/DEBUG] [net.minecraftforge.network.HandshakeHandler/FMLHANDSHAKE]: Received client connection with modlist [betterdungeons, notenoughcrashes, kuma_api, blue_skies, betterwitchhuts, geckolib, playeranimator, aether, jei, betteroceanmonuments, incendium, sophisticatedcore, geckoanimfix, mod_whitelist, waystones, outstanding_ores, xaeroworldmap, yungscavebiomes, comforts, citadel, badpackets, yungsapi, mixinextras, mobcaptains, sophisticatedbackpacks, vapeaholic, betterdeserttemples, iceandfire, balm, bosses_of_mass_destruction, terralith, blueprint, puzzlesaccessapi, betterfortresses, dungeons_arise_seven_seas, cloth_config, forge, twilightforest, konkrete, embeddium, rubidium, athena, structure_gel, dungeons_arise, tectonic, minecraft, farmersdelight, voicechat, terrablender, mousetweaks, bettercombat, regions_unexplored, morebows, mr_dungeons_andtavernsstrongholdrework, chunky, spectrelib, yungsbridges, hangglider, aeroblender, wthit, waila, curios, patchouli, xaerominimap, oculus, cerbons_api, nullscape, yungsextras, mr_dungeons_andtaverns, entityculling, betterstrongholds, tombstone, yungsmenutweaks, cumulus_menus, deeperdarker, architectury, simplyswords, appleskin, ferritecore, betterendisland, puzzleslib, dynamic_fps, undergarden, monolib, more_bows_and_arrows, justzoom, nitrogen_internals, the_bumblezone, toms_storage, deep_aether, bettermineshafts, essential, betterjungletemples, trimmable_tools, betteradvancements]
[04Apr2025 19:49:58.527] [Netty Epoll Server IO #2/DEBUG] [net.minecraftforge.network.NetworkRegistry/NETREGISTRY]: Channel 'undergarden:channel' : Version test of '1' from client : ACCEPTED
[04Apr2025 19:49:58.527] [Netty Epoll Server IO #2/DEBUG] [net.minecraftforge.network.NetworkRegistry/NETREGISTRY]: Channel 'blue_skies:main' : Version test of '1' from client : ACCEPTED
[04Apr2025 19:49:58.527] [Netty Epoll Server IO #2/DEBUG] [net.minecraftforge.network.NetworkRegistry/NETREGISTRY]: Channel 'structure_gel:main' : Version test of '7' from client : ACCEPTED
[04Apr2025 19:49:58.527] [Netty Epoll Server IO #2/DEBUG] [net.minecraftforge.network.NetworkRegistry/NETREGISTRY]: Channel 'voicechat:secret' : Version test of 'ALLOWVANILLA 💓💓💓' from client : ACCEPTED
[04Apr2025 19:49:58.527] [Netty Epoll Server IO #2/DEBUG] [net.minecraftforge.network.NetworkRegistry/NETREGISTRY]: Channel 'the_bumblezone:networking' : Version test of '7.6.7+1.20.1-forge' from client : ACCEPTED
[04Apr2025 19:49:58.527] [Netty Epoll Server IO #2/DEBUG] [net.minecraftforge.network.NetworkRegistry/NETREGISTRY]: Channel 'voicechat:create_group' : Version test of 'ALLOWVANILLA 💓💓💓' from client : ACCEPTED
[04Apr2025 19:49:58.527] [Netty Epoll Server IO #2/DEBUG] [net.minecraftforge.network.NetworkRegistry/NETREGISTRY]: Channel 'jei:channel' : Version test of '1.0.0' from client : ACCEPTED
[04Apr2025 19:49:58.527] [Netty Epoll Server IO #2/DEBUG] [net.minecraftforge.network.NetworkRegistry/NETREGISTRY]: Channel 'minecraft:unregister' : Version test of 'FML3' from client : ACCEPTED
[04Apr2025 19:49:58.527] [Netty Epoll Server IO #2/DEBUG] [net.minecraftforge.network.NetworkRegistry/NETREGISTRY]: Channel 'xaerominimap:main' : Version test of '1.0' from client : ACCEPTED
[04Apr2025 19:49:58.527] [Netty Epoll Server IO #2/DEBUG] [net.minecraftforge.network.NetworkRegistry/NETREGISTRY]: Channel 'sophisticatedbackpacks:channel' : Version test of '1' from client : ACCEPTED
[04Apr2025 19:49:58.527] [Netty Epoll Server IO #2/DEBUG] [net.minecraftforge.network.NetworkRegistry/NETREGISTRY]: Channel 'toms_storage:main' : Version test of '2' from client : ACCEPTED
[04Apr2025 19:49:58.527] [Netty Epoll Server IO #2/DEBUG] [net.minecraftforge.network.NetworkRegistry/NETREGISTRY]: Channel 'nitrogen_internals:main' : Version test of '1' from client : ACCEPTED
[04Apr2025 19:49:58.527] [Netty Epoll Server IO #2/DEBUG] [net.minecraftforge.network.NetworkRegistry/NETREGISTRY]: Channel 'voicechat:update_state' : Version test of 'ALLOWVANILLA 💓💓💓' from client : ACCEPTED
[04Apr2025 19:49:58.527] [Netty Epoll Server IO #2/DEBUG] [net.minecraftforge.network.NetworkRegistry/NETREGISTRY]: Channel 'voicechat:add_group' : Version test of 'ALLOWVANILLA 💓💓💓' from client : ACCEPTED
[04Apr2025 19:49:58.527] [Netty Epoll Server IO #2/DEBUG] [net.minecraftforge.network.NetworkRegistry/NETREGISTRY]: Channel 'forge:tier_sorting' : Version test of '1.0' from client : ACCEPTED
[04Apr2025 19:49:58.527] [Netty Epoll Server IO #2/DEBUG] [net.minecraftforge.network.NetworkRegistry/NETREGISTRY]: Channel 'spectrelib:main' : Version test of '1' from client : ACCEPTED
[04Apr2025 19:49:58.528] [Netty Epoll Server IO #2/DEBUG] [net.minecraftforge.network.NetworkRegistry/NETREGISTRY]: Channel 'bettercombat:network' : Version test of '1.0' from client : ACCEPTED
[04Apr2025 19:49:58.528] [Netty Epoll Server IO #2/DEBUG] [net.minecraftforge.network.NetworkRegistry/NETREGISTRY]: Channel 'voicechat:player_state' : Version test of 'ALLOWVANILLA 💓💓💓' from client : ACCEPTED
[04Apr2025 19:49:58.528] [Netty Epoll Server IO #2/DEBUG] [net.minecraftforge.network.NetworkRegistry/NETREGISTRY]: Channel 'fml:play' : Version test of 'FML3' from client : ACCEPTED
[04Apr2025 19:49:58.528] [Netty Epoll Server IO #2/DEBUG] [net.minecraftforge.network.NetworkRegistry/NETREGISTRY]: Channel 'deeperdarker:deeperdarker_network' : Version test of '1.0' from client : ACCEPTED
[04Apr2025 19:49:58.528] [Netty Epoll Server IO #2/DEBUG] [net.minecraftforge.network.NetworkRegistry/NETREGISTRY]: Channel 'deep_aether:main' : Version test of '1' from client : ACCEPTED
[04Apr2025 19:49:58.528] [Netty Epoll Server IO #2/DEBUG] [net.minecraftforge.network.NetworkRegistry/NETREGISTRY]: Channel 'voicechat:remove_category' : Version test of 'ALLOWVANILLA 💓💓💓' from client : ACCEPTED
[04Apr2025 19:49:58.528] [Netty Epoll Server IO #2/DEBUG] [net.minecraftforge.network.NetworkRegistry/NETREGISTRY]: Channel 'voicechat:add_category' : Version test of 'ALLOWVANILLA 💓💓💓' from client : ACCEPTED
[04Apr2025 19:49:58.528] [Netty Epoll Server IO #2/DEBUG] [net.minecraftforge.network.NetworkRegistry/NETREGISTRY]: Channel 'blueprint:net' : Version test of 'BP1' from client : ACCEPTED
[04Apr2025 19:49:58.528] [Netty Epoll Server IO #2/DEBUG] [net.minecraftforge.network.NetworkRegistry/NETREGISTRY]: Channel 'xaeroworldmap:main' : Version test of '1.0' from client : ACCEPTED
[04Apr2025 19:49:58.528] [Netty Epoll Server IO #2/DEBUG] [net.minecraftforge.network.NetworkRegistry/NETREGISTRY]: Channel 'minecraft:register' : Version test of 'FML3' from client : ACCEPTED
[04Apr2025 19:49:58.528] [Netty Epoll Server IO #2/DEBUG] [net.minecraftforge.network.NetworkRegistry/NETREGISTRY]: Channel 'geckolib:main' : Version test of '1' from client : ACCEPTED
[04Apr2025 19:49:58.528] [Netty Epoll Server IO #2/DEBUG] [net.minecraftforge.network.NetworkRegistry/NETREGISTRY]: Channel 'comforts:main' : Version test of '1' from client : ACCEPTED
[04Apr2025 19:49:58.528] [Netty Epoll Server IO #2/DEBUG] [net.minecraftforge.network.NetworkRegistry/NETREGISTRY]: Channel 'architectury:network' : Version test of '1' from client : ACCEPTED
[04Apr2025 19:49:58.528] [Netty Epoll Server IO #2/DEBUG] [net.minecraftforge.network.NetworkRegistry/NETREGISTRY]: Channel 'voicechat:leave_group' : Version test of 'ALLOWVANILLA 💓💓💓' from client : ACCEPTED
[04Apr2025 19:49:58.528] [Netty Epoll Server IO #2/DEBUG] [net.minecraftforge.network.NetworkRegistry/NETREGISTRY]: Channel 'aether:main' : Version test of '1' from client : ACCEPTED
[04Apr2025 19:49:58.528] [Netty Epoll Server IO #2/DEBUG] [net.minecraftforge.network.NetworkRegistry/NETREGISTRY]: Channel 'citadel:main_channel' : Version test of '1' from client : ACCEPTED
[04Apr2025 19:49:58.528] [Netty Epoll Server IO #2/DEBUG] [net.minecraftforge.network.NetworkRegistry/NETREGISTRY]: Channel 'puzzleslib:1' : Version test of '1' from client : ACCEPTED
[04Apr2025 19:49:58.528] [Netty Epoll Server IO #2/DEBUG] [net.minecraftforge.network.NetworkRegistry/NETREGISTRY]: Channel 'iceandfire:main_channel' : Version test of '1' from client : ACCEPTED
[04Apr2025 19:49:58.528] [Netty Epoll Server IO #2/DEBUG] [net.minecraftforge.network.NetworkRegistry/NETREGISTRY]: Channel 'deep_aether:deep_aether' : Version test of '1' from client : ACCEPTED
[04Apr2025 19:49:58.528] [Netty Epoll Server IO #2/DEBUG] [net.minecraftforge.network.NetworkRegistry/NETREGISTRY]: Channel 'voicechat:set_group' : Version test of 'ALLOWVANILLA 💓💓💓' from client : ACCEPTED
[04Apr2025 19:49:58.528] [Netty Epoll Server IO #2/DEBUG] [net.minecraftforge.network.NetworkRegistry/NETREGISTRY]: Channel 'bosses_of_mass_destruction:packets' : Version test of '1' from client : ACCEPTED
[04Apr2025 19:49:58.528] [Netty Epoll Server IO #2/DEBUG] [net.minecraftforge.network.NetworkRegistry/NETREGISTRY]: Channel 'voicechat:joined_group' : Version test of 'ALLOWVANILLA 💓💓💓' from client : ACCEPTED
[04Apr2025 19:49:58.528] [Netty Epoll Server IO #2/DEBUG] [net.minecraftforge.network.NetworkRegistry/NETREGISTRY]: Channel 'curios:main' : Version test of '1' from client : ACCEPTED
[04Apr2025 19:49:58.528] [Netty Epoll Server IO #2/DEBUG] [net.minecraftforge.network.NetworkRegistry/NETREGISTRY]: Channel 'voicechat:player_states' : Version test of 'ALLOWVANILLA 💓💓💓' from client : ACCEPTED
[04Apr2025 19:49:58.528] [Netty Epoll Server IO #2/DEBUG] [net.minecraftforge.network.NetworkRegistry/NETREGISTRY]: Channel 'appleskin:sync' : Version test of '1' from client : ACCEPTED
[04Apr2025 19:49:58.528] [Netty Epoll Server IO #2/DEBUG] [net.minecraftforge.network.NetworkRegistry/NETREGISTRY]: Channel 'vapeaholic:vapeaholic' : Version test of '1' from client : ACCEPTED
[04Apr2025 19:49:58.528] [Netty Epoll Server IO #2/DEBUG] [net.minecraftforge.network.NetworkRegistry/NETREGISTRY]: Channel 'fml:loginwrapper' : Version test of 'FML3' from client : ACCEPTED
[04Apr2025 19:49:58.528] [Netty Epoll Server IO #2/DEBUG] [net.minecraftforge.network.NetworkRegistry/NETREGISTRY]: Channel 'cerbons_api:packets' : Version test of '1' from client : ACCEPTED
[04Apr2025 19:49:58.528] [Netty Epoll Server IO #2/DEBUG] [net.minecraftforge.network.NetworkRegistry/NETREGISTRY]: Channel 'tombstone:tombstone_channel' : Version test of 'tombstone-8.9.2' from client : ACCEPTED
[04Apr2025 19:49:58.528] [Netty Epoll Server IO #2/DEBUG] [net.minecraftforge.network.NetworkRegistry/NETREGISTRY]: Channel 'yungscavebiomes:messages' : Version test of '1.0' from client : ACCEPTED
[04Apr2025 19:49:58.528] [Netty Epoll Server IO #2/DEBUG] [net.minecraftforge.network.NetworkRegistry/NETREGISTRY]: Channel 'voicechat:request_secret' : Version test of 'ALLOWVANILLA 💓💓💓' from client : ACCEPTED
[04Apr2025 19:49:58.529] [Netty Epoll Server IO #2/DEBUG] [net.minecraftforge.network.NetworkRegistry/NETREGISTRY]: Channel 'sophisticatedcore:channel' : Version test of '1' from client : ACCEPTED
[04Apr2025 19:49:58.529] [Netty Epoll Server IO #2/DEBUG] [net.minecraftforge.network.NetworkRegistry/NETREGISTRY]: Channel 'patchouli:main' : Version test of '1' from client : ACCEPTED
[04Apr2025 19:49:58.529] [Netty Epoll Server IO #2/DEBUG] [net.minecraftforge.network.NetworkRegistry/NETREGISTRY]: Channel 'outstanding_ores:outstanding_ores' : Version test of '1' from client : ACCEPTED
[04Apr2025 19:49:58.529] [Netty Epoll Server IO #2/DEBUG] [net.minecraftforge.network.NetworkRegistry/NETREGISTRY]: Channel 'fml:handshake' : Version test of 'FML3' from client : ACCEPTED
[04Apr2025 19:49:58.529] [Netty Epoll Server IO #2/DEBUG] [net.minecraftforge.network.NetworkRegistry/NETREGISTRY]: Channel 'voicechat:remove_group' : Version test of 'ALLOWVANILLA 💓💓💓' from client : ACCEPTED
[04Apr2025 19:49:58.529] [Netty Epoll Server IO #2/DEBUG] [net.minecraftforge.network.NetworkRegistry/NETREGISTRY]: Channel 'forge:split' : Version test of '1.1' from client : ACCEPTED
[04Apr2025 19:49:58.529] [Netty Epoll Server IO #2/DEBUG] [net.minecraftforge.network.NetworkRegistry/NETREGISTRY]: Channel 'twilightforest:channel' : Version test of '2' from client : ACCEPTED
[04Apr2025 19:49:58.529] [Netty Epoll Server IO #2/DEBUG] [net.minecraftforge.network.NetworkRegistry/NETREGISTRY]: Channel 'waystones:network' : Version test of '1.0' from client : ACCEPTED
[04Apr2025 19:49:58.529] [Netty Epoll Server IO #2/DEBUG] [net.minecraftforge.network.NetworkRegistry/NETREGISTRY]: Accepting channel list from client
[04Apr2025 19:49:58.530] [Netty Epoll Server IO #2/DEBUG] [net.minecraftforge.network.HandshakeHandler/FMLHANDSHAKE]: Accepted client connection mod list
[04Apr2025 19:49:58.565] [Server thread/DEBUG] [net.minecraftforge.network.HandshakeHandler/FMLHANDSHAKE]: Sending ticking packet info 'Registry aether:moa_type' to 'fml:handshake' sequence 3
[04Apr2025 19:49:58.568] [Netty Epoll Server IO #2/DEBUG] [net.minecraftforge.network.LoginWrapper/FMLHANDSHAKE]: Recieved login wrapper packet event for channel fml:handshake with index 2
[04Apr2025 19:49:58.568] [Netty Epoll Server IO #2/DEBUG] [net.minecraftforge.network.HandshakeHandler/FMLHANDSHAKE]: Received client indexed reply 2 of type net.minecraftforge.network.HandshakeMessages$C2SAcknowledge
[04Apr2025 19:49:58.568] [Netty Epoll Server IO #2/DEBUG] [net.minecraftforge.network.HandshakeHandler/FMLHANDSHAKE]: Received acknowledgement from client
[04Apr2025 19:49:58.610] [Netty Epoll Server IO #2/DEBUG] [net.minecraftforge.network.LoginWrapper/FMLHANDSHAKE]: Recieved login wrapper packet event for channel fml:handshake with index 3
[04Apr2025 19:49:58.611] [Netty Epoll Server IO #2/DEBUG] [net.minecraftforge.network.HandshakeHandler/FMLHANDSHAKE]: Received client indexed reply 3 of type net.minecraftforge.network.HandshakeMessages$C2SAcknowledge
[04Apr2025 19:49:58.611] [Netty Epoll Server IO #2/DEBUG] [net.minecraftforge.network.HandshakeHandler/FMLHANDSHAKE]: Received acknowledgement from client
[04Apr2025 19:49:58.612] [Server thread/DEBUG] [net.minecraftforge.network.HandshakeHandler/FMLHANDSHAKE]: Sending ticking packet info 'Registry minecraft:villager_profession' to 'fml:handshake' sequence 4
[04Apr2025 19:49:58.658] [Netty Epoll Server IO #2/DEBUG] [net.minecraftforge.network.LoginWrapper/FMLHANDSHAKE]: Recieved login wrapper packet event for channel fml:handshake with index 4
[04Apr2025 19:49:58.659] [Netty Epoll Server IO #2/DEBUG] [net.minecraftforge.network.HandshakeHandler/FMLHANDSHAKE]: Received client indexed reply 4 of type net.minecraftforge.network.HandshakeMessages$C2SAcknowledge
[04Apr2025 19:49:58.659] [Netty Epoll Server IO #2/DEBUG] [net.minecraftforge.network.HandshakeHandler/FMLHANDSHAKE]: Received acknowledgement from client
[04Apr2025 19:49:58.663] [Server thread/DEBUG] [net.minecraftforge.network.HandshakeHandler/FMLHANDSHAKE]: Sending ticking packet info 'Registry minecraft:item' to 'fml:handshake' sequence 5
[04Apr2025 19:49:58.714] [Server thread/DEBUG] [net.minecraftforge.network.HandshakeHandler/FMLHANDSHAKE]: Sending ticking packet info 'Registry minecraft:potion' to 'fml:handshake' sequence 6
[04Apr2025 19:49:58.764] [Server thread/DEBUG] [net.minecraftforge.network.HandshakeHandler/FMLHANDSHAKE]: Sending ticking packet info 'Registry minecraft:block_entity_type' to 'fml:handshake' sequence 7
[04Apr2025 19:49:58.813] [Server thread/DEBUG] [net.minecraftforge.network.HandshakeHandler/FMLHANDSHAKE]: Sending ticking packet info 'Registry forge:display_contexts' to 'fml:handshake' sequence 8
[04Apr2025 19:49:58.866] [Server thread/DEBUG] [net.minecraftforge.network.HandshakeHandler/FMLHANDSHAKE]: Sending ticking packet info 'Registry minecraft:stat_type' to 'fml:handshake' sequence 9
[04Apr2025 19:49:58.901] [Netty Epoll Server IO #2/DEBUG] [net.minecraftforge.network.LoginWrapper/FMLHANDSHAKE]: Recieved login wrapper packet event for channel fml:handshake with index 5
[04Apr2025 19:49:58.901] [Netty Epoll Server IO #2/DEBUG] [net.minecraftforge.network.HandshakeHandler/FMLHANDSHAKE]: Received client indexed reply 5 of type net.minecraftforge.network.HandshakeMessages$C2SAcknowledge
[04Apr2025 19:49:58.901] [Netty Epoll Server IO #2/DEBUG] [net.minecraftforge.network.HandshakeHandler/FMLHANDSHAKE]: Received acknowledgement from client
[04Apr2025 19:49:58.902] [Netty Epoll Server IO #2/DEBUG] [net.minecraftforge.network.LoginWrapper/FMLHANDSHAKE]: Recieved login wrapper packet event for channel fml:handshake with index 6
[04Apr2025 19:49:58.902] [Netty Epoll Server IO #2/DEBUG] [net.minecraftforge.network.HandshakeHandler/FMLHANDSHAKE]: Received client indexed reply 6 of type net.minecraftforge.network.HandshakeMessages$C2SAcknowledge
[04Apr2025 19:49:58.902] [Netty Epoll Server IO #2/DEBUG] [net.minecraftforge.network.HandshakeHandler/FMLHANDSHAKE]: Received acknowledgement from client
[04Apr2025 19:49:58.902] [Netty Epoll Server IO #2/DEBUG] [net.minecraftforge.network.LoginWrapper/FMLHANDSHAKE]: Recieved login wrapper packet event for channel fml:handshake with index 7
[04Apr2025 19:49:58.902] [Netty Epoll Server IO #2/DEBUG] [net.minecraftforge.network.HandshakeHandler/FMLHANDSHAKE]: Received client indexed reply 7 of type net.minecraftforge.network.HandshakeMessages$C2SAcknowledge
[04Apr2025 19:49:58.902] [Netty Epoll Server IO #2/DEBUG] [net.minecraftforge.network.HandshakeHandler/FMLHANDSHAKE]: Received acknowledgement from client
[04Apr2025 19:49:58.902] [Netty Epoll Server IO #2/DEBUG] [net.minecraftforge.network.LoginWrapper/FMLHANDSHAKE]: Recieved login wrapper packet event for channel fml:handshake with index 8
[04Apr2025 19:49:58.902] [Netty Epoll Server IO #2/DEBUG] [net.minecraftforge.network.HandshakeHandler/FMLHANDSHAKE]: Received client indexed reply 8 of type net.minecraftforge.network.HandshakeMessages$C2SAcknowledge
[04Apr2025 19:49:58.902] [Netty Epoll Server IO #2/DEBUG] [net.minecraftforge.network.HandshakeHandler/FMLHANDSHAKE]: Received acknowledgement from client
[04Apr2025 19:49:58.911] [Netty Epoll Server IO #2/DEBUG] [net.minecraftforge.network.LoginWrapper/FMLHANDSHAKE]: Recieved login wrapper packet event for channel fml:handshake with index 9
[04Apr2025 19:49:58.911] [Netty Epoll Server IO #2/DEBUG] [net.minecraftforge.network.HandshakeHandler/FMLHANDSHAKE]: Received client indexed reply 9 of type net.minecraftforge.network.HandshakeMessages$C2SAcknowledge
[04Apr2025 19:49:58.912] [Netty Epoll Server IO #2/DEBUG] [net.minecraftforge.network.HandshakeHandler/FMLHANDSHAKE]: Received acknowledgement from client
[04Apr2025 19:49:58.912] [Server thread/DEBUG] [net.minecraftforge.network.HandshakeHandler/FMLHANDSHAKE]: Sending ticking packet info 'Registry twilightforest:enforcement' to 'fml:handshake' sequence 10
[04Apr2025 19:49:58.958] [Netty Epoll Server IO #2/DEBUG] [net.minecraftforge.network.LoginWrapper/FMLHANDSHAKE]: Recieved login wrapper packet event for channel fml:handshake with index 10
[04Apr2025 19:49:58.958] [Netty Epoll Server IO #2/DEBUG] [net.minecraftforge.network.HandshakeHandler/FMLHANDSHAKE]: Received client indexed reply 10 of type net.minecraftforge.network.HandshakeMessages$C2SAcknowledge
[04Apr2025 19:49:58.958] [Netty Epoll Server IO #2/DEBUG] [net.minecraftforge.network.HandshakeHandler/FMLHANDSHAKE]: Received acknowledgement from client
[04Apr2025 19:49:58.962] [Server thread/DEBUG] [net.minecraftforge.network.HandshakeHandler/FMLHANDSHAKE]: Sending ticking packet info 'Registry minecraft:menu' to 'fml:handshake' sequence 11
[04Apr2025 19:49:59.006] [Netty Epoll Server IO #2/DEBUG] [net.minecraftforge.network.LoginWrapper/FMLHANDSHAKE]: Recieved login wrapper packet event for channel fml:handshake with index 11
[04Apr2025 19:49:59.007] [Netty Epoll Server IO #2/DEBUG] [net.minecraftforge.network.HandshakeHandler/FMLHANDSHAKE]: Received client indexed reply 11 of type net.minecraftforge.network.HandshakeMessages$C2SAcknowledge
[04Apr2025 19:49:59.007] [Netty Epoll Server IO #2/DEBUG] [net.minecraftforge.network.HandshakeHandler/FMLHANDSHAKE]: Received acknowledgement from client
[04Apr2025 19:49:59.010] [Server thread/DEBUG] [net.minecraftforge.network.HandshakeHandler/FMLHANDSHAKE]: Sending ticking packet info 'Registry minecraft:fluid' to 'fml:handshake' sequence 12
[04Apr2025 19:49:59.056] [Netty Epoll Server IO #2/DEBUG] [net.minecraftforge.network.LoginWrapper/FMLHANDSHAKE]: Recieved login wrapper packet event for channel fml:handshake with index 12
[04Apr2025 19:49:59.056] [Netty Epoll Server IO #2/DEBUG] [net.minecraftforge.network.HandshakeHandler/FMLHANDSHAKE]: Received client indexed reply 12 of type net.minecraftforge.network.HandshakeMessages$C2SAcknowledge
[04Apr2025 19:49:59.056] [Netty Epoll Server IO #2/DEBUG] [net.minecraftforge.network.HandshakeHandler/FMLHANDSHAKE]: Received acknowledgement from client
[04Apr2025 19:49:59.062] [Server thread/DEBUG] [net.minecraftforge.network.HandshakeHandler/FMLHANDSHAKE]: Sending ticking packet info 'Registry aether:advancement_sound_override' to 'fml:handshake' sequence 13
[04Apr2025 19:49:59.108] [Netty Epoll Server IO #2/DEBUG] [net.minecraftforge.network.LoginWrapper/FMLHANDSHAKE]: Recieved login wrapper packet event for channel fml:handshake with index 13
[04Apr2025 19:49:59.108] [Netty Epoll Server IO #2/DEBUG] [net.minecraftforge.network.HandshakeHandler/FMLHANDSHAKE]: Received client indexed reply 13 of type net.minecraftforge.network.HandshakeMessages$C2SAcknowledge
[04Apr2025 19:49:59.108] [Netty Epoll Server IO #2/DEBUG] [net.minecraftforge.network.HandshakeHandler/FMLHANDSHAKE]: Received acknowledgement from client
[04Apr2025 19:49:59.111] [Server thread/DEBUG] [net.minecraftforge.network.HandshakeHandler/FMLHANDSHAKE]: Sending ticking packet info 'Registry minecraft:recipe_serializer' to 'fml:handshake' sequence 14
[04Apr2025 19:49:59.159] [Netty Epoll Server IO #2/DEBUG] [net.minecraftforge.network.LoginWrapper/FMLHANDSHAKE]: Recieved login wrapper packet event for channel fml:handshake with index 14
[04Apr2025 19:49:59.159] [Netty Epoll Server IO #2/DEBUG] [net.minecraftforge.network.HandshakeHandler/FMLHANDSHAKE]: Received client indexed reply 14 of type net.minecraftforge.network.HandshakeMessages$C2SAcknowledge
[04Apr2025 19:49:59.159] [Netty Epoll Server IO #2/DEBUG] [net.minecraftforge.network.HandshakeHandler/FMLHANDSHAKE]: Received acknowledgement from client
[04Apr2025 19:49:59.168] [Server thread/DEBUG] [net.minecraftforge.network.HandshakeHandler/FMLHANDSHAKE]: Sending ticking packet info 'Registry minecraft:sound_event' to 'fml:handshake' sequence 15
[04Apr2025 19:49:59.211] [Server thread/DEBUG] [net.minecraftforge.network.HandshakeHandler/FMLHANDSHAKE]: Sending ticking packet info 'Registry minecraft:particle_type' to 'fml:handshake' sequence 16
[04Apr2025 19:49:59.218] [Netty Epoll Server IO #2/DEBUG] [net.minecraftforge.network.LoginWrapper/FMLHANDSHAKE]: Recieved login wrapper packet event for channel fml:handshake with index 15
[04Apr2025 19:49:59.218] [Netty Epoll Server IO #2/DEBUG] [net.minecraftforge.network.HandshakeHandler/FMLHANDSHAKE]: Received client indexed reply 15 of type net.minecraftforge.network.HandshakeMessages$C2SAcknowledge
[04Apr2025 19:49:59.219] [Netty Epoll Server IO #2/DEBUG] [net.minecraftforge.network.HandshakeHandler/FMLHANDSHAKE]: Received acknowledgement from client
[04Apr2025 19:49:59.259] [Netty Epoll Server IO #2/DEBUG] [net.minecraftforge.network.LoginWrapper/FMLHANDSHAKE]: Recieved login wrapper packet event for channel fml:handshake with index 16
[04Apr2025 19:49:59.259] [Netty Epoll Server IO #2/DEBUG] [net.minecraftforge.network.HandshakeHandler/FMLHANDSHAKE]: Received client indexed reply 16 of type net.minecraftforge.network.HandshakeMessages$C2SAcknowledge
[04Apr2025 19:49:59.259] [Netty Epoll Server IO #2/DEBUG] [net.minecraftforge.network.HandshakeHandler/FMLHANDSHAKE]: Received acknowledgement from client
[04Apr2025 19:49:59.264] [Server thread/DEBUG] [net.minecraftforge.network.HandshakeHandler/FMLHANDSHAKE]: Sending ticking packet info 'Registry twilightforest:tiny_bird_variant' to 'fml:handshake' sequence 17
[04Apr2025 19:49:59.310] [Netty Epoll Server IO #2/DEBUG] [net.minecraftforge.network.LoginWrapper/FMLHANDSHAKE]: Recieved login wrapper packet event for channel fml:handshake with index 17
[04Apr2025 19:49:59.311] [Netty Epoll Server IO #2/DEBUG] [net.minecraftforge.network.HandshakeHandler/FMLHANDSHAKE]: Received client indexed reply 17 of type net.minecraftforge.network.HandshakeMessages$C2SAcknowledge
[04Apr2025 19:49:59.311] [Netty Epoll Server IO #2/DEBUG] [net.minecraftforge.network.HandshakeHandler/FMLHANDSHAKE]: Received acknowledgement from client
[04Apr2025 19:49:59.313] [Server thread/DEBUG] [net.minecraftforge.network.HandshakeHandler/FMLHANDSHAKE]: Sending ticking packet info 'Registry minecraft:painting_variant' to 'fml:handshake' sequence 18
[04Apr2025 19:49:59.358] [Netty Epoll Server IO #2/DEBUG] [net.minecraftforge.network.LoginWrapper/FMLHANDSHAKE]: Recieved login wrapper packet event for channel fml:handshake with index 18
[04Apr2025 19:49:59.358] [Netty Epoll Server IO #2/DEBUG] [net.minecraftforge.network.HandshakeHandler/FMLHANDSHAKE]: Received client indexed reply 18 of type net.minecraftforge.network.HandshakeMessages$C2SAcknowledge
[04Apr2025 19:49:59.359] [Netty Epoll Server IO #2/DEBUG] [net.minecraftforge.network.HandshakeHandler/FMLHANDSHAKE]: Received acknowledgement from client
[04Apr2025 19:49:59.361] [Server thread/DEBUG] [net.minecraftforge.network.HandshakeHandler/FMLHANDSHAKE]: Sending ticking packet info 'Registry forge:fluid_type' to 'fml:handshake' sequence 19
[04Apr2025 19:49:59.406] [Netty Epoll Server IO #2/DEBUG] [net.minecraftforge.network.LoginWrapper/FMLHANDSHAKE]: Recieved login wrapper packet event for channel fml:handshake with index 19
[04Apr2025 19:49:59.407] [Netty Epoll Server IO #2/DEBUG] [net.minecraftforge.network.HandshakeHandler/FMLHANDSHAKE]: Received client indexed reply 19 of type net.minecraftforge.network.HandshakeMessages$C2SAcknowledge
[04Apr2025 19:49:59.407] [Netty Epoll Server IO #2/DEBUG] [net.minecraftforge.network.HandshakeHandler/FMLHANDSHAKE]: Received acknowledgement from client
[04Apr2025 19:49:59.413] [Server thread/DEBUG] [net.minecraftforge.network.HandshakeHandler/FMLHANDSHAKE]: Sending ticking packet info 'Registry minecraft:block' to 'fml:handshake' sequence 20
[04Apr2025 19:49:59.462] [Server thread/DEBUG] [net.minecraftforge.network.HandshakeHandler/FMLHANDSHAKE]: Sending ticking packet info 'Registry forge:entity_data_serializers' to 'fml:handshake' sequence 21
[04Apr2025 19:49:59.463] [Netty Epoll Server IO #2/DEBUG] [net.minecraftforge.network.LoginWrapper/FMLHANDSHAKE]: Recieved login wrapper packet event for channel fml:handshake with index 20
[04Apr2025 19:49:59.463] [Netty Epoll Server IO #2/DEBUG] [net.minecraftforge.network.HandshakeHandler/FMLHANDSHAKE]: Received client indexed reply 20 of type net.minecraftforge.network.HandshakeMessages$C2SAcknowledge
[04Apr2025 19:49:59.464] [Netty Epoll Server IO #2/DEBUG] [net.minecraftforge.network.HandshakeHandler/FMLHANDSHAKE]: Received acknowledgement from client
[04Apr2025 19:49:59.508] [Netty Epoll Server IO #2/DEBUG] [net.minecraftforge.network.LoginWrapper/FMLHANDSHAKE]: Recieved login wrapper packet event for channel fml:handshake with index 21
[04Apr2025 19:49:59.508] [Netty Epoll Server IO #2/DEBUG] [net.minecraftforge.network.HandshakeHandler/FMLHANDSHAKE]: Received client indexed reply 21 of type net.minecraftforge.network.HandshakeMessages$C2SAcknowledge
[04Apr2025 19:49:59.508] [Netty Epoll Server IO #2/DEBUG] [net.minecraftforge.network.HandshakeHandler/FMLHANDSHAKE]: Received acknowledgement from client
[04Apr2025 19:49:59.511] [Server thread/DEBUG] [net.minecraftforge.network.HandshakeHandler/FMLHANDSHAKE]: Sending ticking packet info 'Registry minecraft:mob_effect' to 'fml:handshake' sequence 22
[04Apr2025 19:49:59.557] [Netty Epoll Server IO #2/DEBUG] [net.minecraftforge.network.LoginWrapper/FMLHANDSHAKE]: Recieved login wrapper packet event for channel fml:handshake with index 22
[04Apr2025 19:49:59.557] [Netty Epoll Server IO #2/DEBUG] [net.minecraftforge.network.HandshakeHandler/FMLHANDSHAKE]: Received client indexed reply 22 of type net.minecraftforge.network.HandshakeMessages$C2SAcknowledge
[04Apr2025 19:49:59.557] [Netty Epoll Server IO #2/DEBUG] [net.minecraftforge.network.HandshakeHandler/FMLHANDSHAKE]: Received acknowledgement from client
[04Apr2025 19:49:59.563] [Server thread/DEBUG] [net.minecraftforge.network.HandshakeHandler/FMLHANDSHAKE]: Sending ticking packet info 'Registry tombstone:perks' to 'fml:handshake' sequence 23
[04Apr2025 19:49:59.613] [Netty Epoll Server IO #2/DEBUG] [net.minecraftforge.network.LoginWrapper/FMLHANDSHAKE]: Recieved login wrapper packet event for channel fml:handshake with index 23
[04Apr2025 19:49:59.615] [Netty Epoll Server IO #2/DEBUG] [net.minecraftforge.network.HandshakeHandler/FMLHANDSHAKE]: Received client indexed reply 23 of type net.minecraftforge.network.HandshakeMessages$C2SAcknowledge
[04Apr2025 19:49:59.615] [Netty Epoll Server IO #2/DEBUG] [net.minecraftforge.network.HandshakeHandler/FMLHANDSHAKE]: Received acknowledgement from client
[04Apr2025 19:49:59.618] [Server thread/DEBUG] [net.minecraftforge.network.HandshakeHandler/FMLHANDSHAKE]: Sending ticking packet info 'Registry twilightforest:dwarf_rabbit_variant' to 'fml:handshake' sequence 24
[04Apr2025 19:49:59.665] [Netty Epoll Server IO #2/DEBUG] [net.minecraftforge.network.LoginWrapper/FMLHANDSHAKE]: Recieved login wrapper packet event for channel fml:handshake with index 24
[04Apr2025 19:49:59.665] [Netty Epoll Server IO #2/DEBUG] [net.minecraftforge.network.HandshakeHandler/FMLHANDSHAKE]: Received client indexed reply 24 of type net.minecraftforge.network.HandshakeMessages$C2SAcknowledge
[04Apr2025 19:49:59.665] [Netty Epoll Server IO #2/DEBUG] [net.minecraftforge.network.HandshakeHandler/FMLHANDSHAKE]: Received acknowledgement from client
[04Apr2025 19:49:59.666] [Server thread/DEBUG] [net.minecraftforge.network.HandshakeHandler/FMLHANDSHAKE]: Sending ticking packet info 'Registry minecraft:enchantment' to 'fml:handshake' sequence 25
[04Apr2025 19:49:59.711] [Netty Epoll Server IO #2/DEBUG] [net.minecraftforge.network.LoginWrapper/FMLHANDSHAKE]: Recieved login wrapper packet event for channel fml:handshake with index 25
[04Apr2025 19:49:59.712] [Netty Epoll Server IO #2/DEBUG] [net.minecraftforge.network.HandshakeHandler/FMLHANDSHAKE]: Received client indexed reply 25 of type net.minecraftforge.network.HandshakeMessages$C2SAcknowledge
[04Apr2025 19:49:59.712] [Netty Epoll Server IO #2/DEBUG] [net.minecraftforge.network.HandshakeHandler/FMLHANDSHAKE]: Received acknowledgement from client
[04Apr2025 19:49:59.712] [Server thread/DEBUG] [net.minecraftforge.network.HandshakeHandler/FMLHANDSHAKE]: Sending ticking packet info 'Registry minecraft:entity_type' to 'fml:handshake' sequence 26
[04Apr2025 19:49:59.785] [Server thread/DEBUG] [net.minecraftforge.network.HandshakeHandler/FMLHANDSHAKE]: Sending ticking packet info 'Config curios-server.toml' to 'fml:handshake' sequence 27
[04Apr2025 19:49:59.816] [Server thread/DEBUG] [net.minecraftforge.network.HandshakeHandler/FMLHANDSHAKE]: Sending ticking packet info 'Config tombstone-server.toml' to 'fml:handshake' sequence 28
[04Apr2025 19:49:59.870] [Server thread/DEBUG] [net.minecraftforge.network.HandshakeHandler/FMLHANDSHAKE]: Sending ticking packet info 'Config hangglider-server.toml' to 'fml:handshake' sequence 29
[04Apr2025 19:49:59.912] [Server thread/DEBUG] [net.minecraftforge.network.HandshakeHandler/FMLHANDSHAKE]: Sending ticking packet info 'Config toms_storage-server.toml' to 'fml:handshake' sequence 30
[04Apr2025 19:49:59.963] [Server thread/DEBUG] [net.minecraftforge.network.HandshakeHandler/FMLHANDSHAKE]: Sending ticking packet info 'Config sophisticatedbackpacks-server.toml' to 'fml:handshake' sequence 31
[04Apr2025 19:50:00.015] [Server thread/DEBUG] [net.minecraftforge.network.HandshakeHandler/FMLHANDSHAKE]: Sending ticking packet info 'Config aether-server.toml' to 'fml:handshake' sequence 32
[04Apr2025 19:50:00.065] [Server thread/DEBUG] [net.minecraftforge.network.HandshakeHandler/FMLHANDSHAKE]: Sending ticking packet info 'Config jei-server.toml' to 'fml:handshake' sequence 33
[04Apr2025 19:50:00.120] [Server thread/DEBUG] [net.minecraftforge.network.HandshakeHandler/FMLHANDSHAKE]: Sending ticking packet info 'Config forge-server.toml' to 'fml:handshake' sequence 34
[04Apr2025 19:50:01.723] [Netty Epoll Server IO #2/DEBUG] [net.minecraftforge.network.LoginWrapper/FMLHANDSHAKE]: Recieved login wrapper packet event for channel fml:handshake with index 26
[04Apr2025 19:50:01.723] [Netty Epoll Server IO #2/DEBUG] [net.minecraftforge.network.HandshakeHandler/FMLHANDSHAKE]: Received client indexed reply 26 of type net.minecraftforge.network.HandshakeMessages$C2SAcknowledge
[04Apr2025 19:50:01.723] [Netty Epoll Server IO #2/DEBUG] [net.minecraftforge.network.HandshakeHandler/FMLHANDSHAKE]: Received acknowledgement from client
[04Apr2025 19:50:01.723] [Netty Epoll Server IO #2/DEBUG] [net.minecraftforge.network.LoginWrapper/FMLHANDSHAKE]: Recieved login wrapper packet event for channel fml:handshake with index 27
[04Apr2025 19:50:01.723] [Netty Epoll Server IO #2/DEBUG] [net.minecraftforge.network.HandshakeHandler/FMLHANDSHAKE]: Received client indexed reply 27 of type net.minecraftforge.network.HandshakeMessages$C2SAcknowledge
[04Apr2025 19:50:01.724] [Netty Epoll Server IO #2/DEBUG] [net.minecraftforge.network.HandshakeHandler/FMLHANDSHAKE]: Received acknowledgement from client
[04Apr2025 19:50:01.724] [Netty Epoll Server IO #2/DEBUG] [net.minecraftforge.network.LoginWrapper/FMLHANDSHAKE]: Recieved login wrapper packet event for channel fml:handshake with index 28
[04Apr2025 19:50:01.724] [Netty Epoll Server IO #2/DEBUG] [net.minecraftforge.network.HandshakeHandler/FMLHANDSHAKE]: Received client indexed reply 28 of type net.minecraftforge.network.HandshakeMessages$C2SAcknowledge
[04Apr2025 19:50:01.725] [Netty Epoll Server IO #2/DEBUG] [net.minecraftforge.network.HandshakeHandler/FMLHANDSHAKE]: Received acknowledgement from client
[04Apr2025 19:50:01.725] [Netty Epoll Server IO #2/DEBUG] [net.minecraftforge.network.LoginWrapper/FMLHANDSHAKE]: Recieved login wrapper packet event for channel fml:handshake with index 29
[04Apr2025 19:50:01.725] [Netty Epoll Server IO #2/DEBUG] [net.minecraftforge.network.HandshakeHandler/FMLHANDSHAKE]: Received client indexed reply 29 of type net.minecraftforge.network.HandshakeMessages$C2SAcknowledge
[04Apr2025 19:50:01.725] [Netty Epoll Server IO #2/DEBUG] [net.minecraftforge.network.HandshakeHandler/FMLHANDSHAKE]: Received acknowledgement from client
[04Apr2025 19:50:01.726] [Netty Epoll Server IO #2/DEBUG] [net.minecraftforge.network.LoginWrapper/FMLHANDSHAKE]: Recieved login wrapper packet event for channel fml:handshake with index 30
[04Apr2025 19:50:01.726] [Netty Epoll Server IO #2/DEBUG] [net.minecraftforge.network.HandshakeHandler/FMLHANDSHAKE]: Received client indexed reply 30 of type net.minecraftforge.network.HandshakeMessages$C2SAcknowledge
[04Apr2025 19:50:01.726] [Netty Epoll Server IO #2/DEBUG] [net.minecraftforge.network.HandshakeHandler/FMLHANDSHAKE]: Received acknowledgement from client
[04Apr2025 19:50:01.730] [Netty Epoll Server IO #2/DEBUG] [net.minecraftforge.network.LoginWrapper/FMLHANDSHAKE]: Recieved login wrapper packet event for channel fml:handshake with index 31
[04Apr2025 19:50:01.730] [Netty Epoll Server IO #2/DEBUG] [net.minecraftforge.network.HandshakeHandler/FMLHANDSHAKE]: Received client indexed reply 31 of type net.minecraftforge.network.HandshakeMessages$C2SAcknowledge
[04Apr2025 19:50:01.730] [Netty Epoll Server IO #2/DEBUG] [net.minecraftforge.network.HandshakeHandler/FMLHANDSHAKE]: Received acknowledgement from client
[04Apr2025 19:50:01.730] [Netty Epoll Server IO #2/DEBUG] [net.minecraftforge.network.LoginWrapper/FMLHANDSHAKE]: Recieved login wrapper packet event for channel fml:handshake with index 32
[04Apr2025 19:50:01.730] [Netty Epoll Server IO #2/DEBUG] [net.minecraftforge.network.HandshakeHandler/FMLHANDSHAKE]: Received client indexed reply 32 of type net.minecraftforge.network.HandshakeMessages$C2SAcknowledge
[04Apr2025 19:50:01.730] [Netty Epoll Server IO #2/DEBUG] [net.minecraftforge.network.HandshakeHandler/FMLHANDSHAKE]: Received acknowledgement from client
[04Apr2025 19:50:01.730] [Netty Epoll Server IO #2/DEBUG] [net.minecraftforge.network.LoginWrapper/FMLHANDSHAKE]: Recieved login wrapper packet event for channel fml:handshake with index 33
[04Apr2025 19:50:01.730] [Netty Epoll Server IO #2/DEBUG] [net.minecraftforge.network.HandshakeHandler/FMLHANDSHAKE]: Received client indexed reply 33 of type net.minecraftforge.network.HandshakeMessages$C2SAcknowledge
[04Apr2025 19:50:01.730] [Netty Epoll Server IO #2/DEBUG] [net.minecraftforge.network.HandshakeHandler/FMLHANDSHAKE]: Received acknowledgement from client
[04Apr2025 19:50:01.730] [Netty Epoll Server IO #2/DEBUG] [net.minecraftforge.network.LoginWrapper/FMLHANDSHAKE]: Recieved login wrapper packet event for channel fml:handshake with index 34
[04Apr2025 19:50:01.731] [Netty Epoll Server IO #2/DEBUG] [net.minecraftforge.network.HandshakeHandler/FMLHANDSHAKE]: Received client indexed reply 34 of type net.minecraftforge.network.HandshakeMessages$C2SAcknowledge
[04Apr2025 19:50:01.731] [Netty Epoll Server IO #2/DEBUG] [net.minecraftforge.network.HandshakeHandler/FMLHANDSHAKE]: Received acknowledgement from client
[04Apr2025 19:50:01.764] [Server thread/DEBUG] [net.minecraftforge.network.HandshakeHandler/FMLHANDSHAKE]: Handshake complete!
[04Apr2025 19:50:01.814] [Server thread/DEBUG] [mixin/]: Mixing gameplay.ItemCooldownsAccessor from the_bumblezone-common.mixins.json into net.minecraft.world.item.ItemCooldowns
[04Apr2025 19:50:01.866] [Server thread/DEBUG] [mixin/]: Mixing entities.PlayerAdvancementsAccessor from the_bumblezone-common.mixins.json into net.minecraft.server.PlayerAdvancements
[04Apr2025 19:50:01.943] [Server thread/INFO] [net.minecraft.server.players.PlayerList/]: Z3nSSky[/100.99.151.29:51794] logged in with entity id 748 at (168.23087456386565, 71.0, -332.57837656193743)
[04Apr2025 19:50:01.962] [Server thread/DEBUG] [net.minecraftforge.network.filters.NetworkFilters/]: Injected net.minecraftforge.network.filters.ForgeConnectionNetworkFilter@2ca5f24f into net.minecraft.network.Connection@287f90fe
[04Apr2025 19:50:01.969] [Server thread/INFO] [ModdingLegacy/blue_skies/]: Sending ToolHandleTypeManager to Z3nSSky
[04Apr2025 19:50:01.971] [Server thread/INFO] [ModdingLegacy/blue_skies/]: Sending SnowcapOvenFreezingManager to Z3nSSky
[04Apr2025 19:50:01.973] [Server thread/INFO] [ModdingLegacy/blue_skies/]: Sending HorizoniteForgeFuelManager to Z3nSSky
[04Apr2025 19:50:01.974] [Server thread/INFO] [ModdingLegacy/blue_skies/]: Sending AlchemyRecipeManager to Z3nSSky
[04Apr2025 19:50:01.983] [Server thread/INFO] [ModdingLegacy/blue_skies/]: Sending JournalEntryManager to Z3nSSky
[04Apr2025 19:50:01.995] [Server thread/INFO] [ModdingLegacy/blue_skies/]: Sending JournalSectionManager to Z3nSSky
[04Apr2025 19:50:01.996] [Server thread/INFO] [ModdingLegacy/blue_skies/]: Sending JournalRequirementManager to Z3nSSky
[04Apr2025 19:50:02.066] [Server thread/INFO] [net.minecraft.server.MinecraftServer/]: Z3nSSky joined the game
[04Apr2025 19:50:02.258] [Server thread/DEBUG] [voicechat/]: [voicechat] Setting default state of Z3nSSky: {disabled=false, disconnected=true, uuid=76957267-1930-376a-893a-2f677d544985, name=Z3nSSky, group=null}
[04Apr2025 19:50:03.843] [Server thread/INFO] [voicechat/]: [voicechat] Received secret request of Z3nSSky (18)
[04Apr2025 19:50:03.845] [Server thread/DEBUG] [voicechat/]: [voicechat] Sending initial states to Z3nSSky
[04Apr2025 19:50:03.845] [Server thread/DEBUG] [voicechat/]: [voicechat] Synchronizing 0 groups with Z3nSSky
[04Apr2025 19:50:03.845] [Server thread/DEBUG] [voicechat/]: [voicechat] Synchronizing 0 volume categories with Z3nSSky
[04Apr2025 19:50:03.846] [Server thread/INFO] [voicechat/]: [voicechat] Sent secret to Z3nSSky
[04Apr2025 19:50:08.068] [Netty Epoll Server IO #4/DEBUG] [net.minecraftforge.network.HandshakeHandler/FMLHANDSHAKE]: Starting new modded impl connection. Found 35 messages to dispatch.
[04Apr2025 19:50:08.103] [Server thread/DEBUG] [net.minecraftforge.network.HandshakeHandler/FMLHANDSHAKE]: Sending ticking packet info 'net.minecraftforge.network.HandshakeMessages$S2CModData' to 'fml:handshake' sequence 0
[04Apr2025 19:50:08.148] [Server thread/DEBUG] [net.minecraftforge.network.HandshakeHandler/FMLHANDSHAKE]: Sending ticking packet info 'net.minecraftforge.network.HandshakeMessages$S2CModList' to 'fml:handshake' sequence 1
[04Apr2025 19:50:08.190] [Server thread/DEBUG] [net.minecraftforge.network.HandshakeHandler/FMLHANDSHAKE]: Sending ticking packet info 'Registry minecraft:command_argument_type' to 'fml:handshake' sequence 2
[04Apr2025 19:50:08.200] [Netty Epoll Server IO #4/DEBUG] [net.minecraftforge.network.LoginWrapper/FMLHANDSHAKE]: Recieved login wrapper packet event for channel fml:handshake with index 1
[04Apr2025 19:50:08.200] [Netty Epoll Server IO #4/DEBUG] [net.minecraftforge.network.HandshakeHandler/FMLHANDSHAKE]: Received client indexed reply 1 of type net.minecraftforge.network.HandshakeMessages$C2SModListReply
[04Apr2025 19:50:08.201] [Netty Epoll Server IO #4/DEBUG] [net.minecraftforge.network.HandshakeHandler/FMLHANDSHAKE]: Received client connection with modlist [betterdungeons, notenoughcrashes, kuma_api, blue_skies, betterwitchhuts, geckolib, playeranimator, aether, jei, betteroceanmonuments, incendium, sophisticatedcore, geckoanimfix, mod_whitelist, waystones, outstanding_ores, xaeroworldmap, yungscavebiomes, comforts, citadel, badpackets, yungsapi, mixinextras, mobcaptains, sophisticatedbackpacks, vapeaholic, betterdeserttemples, iceandfire, balm, bosses_of_mass_destruction, terralith, blueprint, puzzlesaccessapi, betterfortresses, dungeons_arise_seven_seas, cloth_config, forge, twilightforest, tlskincape, konkrete, embeddium, rubidium, athena, structure_gel, dungeons_arise, tectonic, minecraft, farmersdelight, voicechat, terrablender, bettercombat, regions_unexplored, morebows, mr_dungeons_andtavernsstrongholdrework, chunky, spectrelib, yungsbridges, hangglider, aeroblender, wthit, waila, curios, patchouli, xaerominimap, oculus, cerbons_api, nullscape, yungsextras, mr_dungeons_andtaverns, entityculling, betterstrongholds, tombstone, cumulus_menus, deeperdarker, architectury, simplyswords, appleskin, ferritecore, betterendisland, puzzleslib, dynamic_fps, undergarden, monolib, more_bows_and_arrows, justzoom, nitrogen_internals, the_bumblezone, toms_storage, deep_aether, bettermineshafts, betterjungletemples, trimmable_tools, betteradvancements]
[04Apr2025 19:50:08.201] [Netty Epoll Server IO #4/DEBUG] [net.minecraftforge.network.NetworkRegistry/NETREGISTRY]: Channel 'undergarden:channel' : Version test of '1' from client : ACCEPTED
[04Apr2025 19:50:08.201] [Netty Epoll Server IO #4/DEBUG] [net.minecraftforge.network.NetworkRegistry/NETREGISTRY]: Channel 'blue_skies:main' : Version test of '1' from client : ACCEPTED
[04Apr2025 19:50:08.202] [Netty Epoll Server IO #4/DEBUG] [net.minecraftforge.network.NetworkRegistry/NETREGISTRY]: Channel 'structure_gel:main' : Version test of '7' from client : ACCEPTED
[04Apr2025 19:50:08.202] [Netty Epoll Server IO #4/DEBUG] [net.minecraftforge.network.NetworkRegistry/NETREGISTRY]: Channel 'voicechat:secret' : Version test of 'ALLOWVANILLA 💓💓💓' from client : ACCEPTED
[04Apr2025 19:50:08.202] [Netty Epoll Server IO #4/DEBUG] [net.minecraftforge.network.NetworkRegistry/NETREGISTRY]: Channel 'the_bumblezone:networking' : Version test of '7.6.7+1.20.1-forge' from client : ACCEPTED
[04Apr2025 19:50:08.202] [Netty Epoll Server IO #4/DEBUG] [net.minecraftforge.network.NetworkRegistry/NETREGISTRY]: Channel 'voicechat:create_group' : Version test of 'ALLOWVANILLA 💓💓💓' from client : ACCEPTED
[04Apr2025 19:50:08.202] [Netty Epoll Server IO #4/DEBUG] [net.minecraftforge.network.NetworkRegistry/NETREGISTRY]: Channel 'jei:channel' : Version test of '1.0.0' from client : ACCEPTED
[04Apr2025 19:50:08.202] [Netty Epoll Server IO #4/DEBUG] [net.minecraftforge.network.NetworkRegistry/NETREGISTRY]: Channel 'minecraft:unregister' : Version test of 'FML3' from client : ACCEPTED
[04Apr2025 19:50:08.203] [Netty Epoll Server IO #4/DEBUG] [net.minecraftforge.network.NetworkRegistry/NETREGISTRY]: Channel 'xaerominimap:main' : Version test of '1.0' from client : ACCEPTED
[04Apr2025 19:50:08.203] [Netty Epoll Server IO #4/DEBUG] [net.minecraftforge.network.NetworkRegistry/NETREGISTRY]: Channel 'sophisticatedbackpacks:channel' : Version test of '1' from client : ACCEPTED
[04Apr2025 19:50:08.204] [Netty Epoll Server IO #4/DEBUG] [net.minecraftforge.network.NetworkRegistry/NETREGISTRY]: Channel 'toms_storage:main' : Version test of '2' from client : ACCEPTED
[04Apr2025 19:50:08.204] [Netty Epoll Server IO #4/DEBUG] [net.minecraftforge.network.NetworkRegistry/NETREGISTRY]: Channel 'nitrogen_internals:main' : Version test of '1' from client : ACCEPTED
[04Apr2025 19:50:08.204] [Netty Epoll Server IO #4/DEBUG] [net.minecraftforge.network.NetworkRegistry/NETREGISTRY]: Channel 'voicechat:update_state' : Version test of 'ALLOWVANILLA 💓💓💓' from client : ACCEPTED
[04Apr2025 19:50:08.205] [Netty Epoll Server IO #4/DEBUG] [net.minecraftforge.network.NetworkRegistry/NETREGISTRY]: Channel 'voicechat:add_group' : Version test of 'ALLOWVANILLA 💓💓💓' from client : ACCEPTED
[04Apr2025 19:50:08.205] [Netty Epoll Server IO #4/DEBUG] [net.minecraftforge.network.NetworkRegistry/NETREGISTRY]: Channel 'forge:tier_sorting' : Version test of '1.0' from client : ACCEPTED
[04Apr2025 19:50:08.205] [Netty Epoll Server IO #4/DEBUG] [net.minecraftforge.network.NetworkRegistry/NETREGISTRY]: Channel 'spectrelib:main' : Version test of '1' from client : ACCEPTED
[04Apr2025 19:50:08.205] [Netty Epoll Server IO #4/DEBUG] [net.minecraftforge.network.NetworkRegistry/NETREGISTRY]: Channel 'bettercombat:network' : Version test of '1.0' from client : ACCEPTED
[04Apr2025 19:50:08.205] [Netty Epoll Server IO #4/DEBUG] [net.minecraftforge.network.NetworkRegistry/NETREGISTRY]: Channel 'voicechat:player_state' : Version test of 'ALLOWVANILLA 💓💓💓' from client : ACCEPTED
[04Apr2025 19:50:08.205] [Netty Epoll Server IO #4/DEBUG] [net.minecraftforge.network.NetworkRegistry/NETREGISTRY]: Channel 'fml:play' : Version test of 'FML3' from client : ACCEPTED
[04Apr2025 19:50:08.205] [Netty Epoll Server IO #4/DEBUG] [net.minecraftforge.network.NetworkRegistry/NETREGISTRY]: Channel 'deeperdarker:deeperdarker_network' : Version test of '1.0' from client : ACCEPTED
[04Apr2025 19:50:08.205] [Netty Epoll Server IO #4/DEBUG] [net.minecraftforge.network.NetworkRegistry/NETREGISTRY]: Channel 'deep_aether:main' : Version test of '1' from client : ACCEPTED
[04Apr2025 19:50:08.205] [Netty Epoll Server IO #4/DEBUG] [net.minecraftforge.network.NetworkRegistry/NETREGISTRY]: Channel 'voicechat:remove_category' : Version test of 'ALLOWVANILLA 💓💓💓' from client : ACCEPTED
[04Apr2025 19:50:08.205] [Netty Epoll Server IO #4/DEBUG] [net.minecraftforge.network.NetworkRegistry/NETREGISTRY]: Channel 'voicechat:add_category' : Version test of 'ALLOWVANILLA 💓💓💓' from client : ACCEPTED
[04Apr2025 19:50:08.206] [Netty Epoll Server IO #4/DEBUG] [net.minecraftforge.network.NetworkRegistry/NETREGISTRY]: Channel 'blueprint:net' : Version test of 'BP1' from client : ACCEPTED
[04Apr2025 19:50:08.206] [Netty Epoll Server IO #4/DEBUG] [net.minecraftforge.network.NetworkRegistry/NETREGISTRY]: Channel 'xaeroworldmap:main' : Version test of '1.0' from client : ACCEPTED
[04Apr2025 19:50:08.206] [Netty Epoll Server IO #4/DEBUG] [net.minecraftforge.network.NetworkRegistry/NETREGISTRY]: Channel 'minecraft:register' : Version test of 'FML3' from client : ACCEPTED
[04Apr2025 19:50:08.206] [Netty Epoll Server IO #4/DEBUG] [net.minecraftforge.network.NetworkRegistry/NETREGISTRY]: Channel 'geckolib:main' : Version test of '1' from client : ACCEPTED
[04Apr2025 19:50:08.206] [Netty Epoll Server IO #4/DEBUG] [net.minecraftforge.network.NetworkRegistry/NETREGISTRY]: Channel 'comforts:main' : Version test of '1' from client : ACCEPTED
[04Apr2025 19:50:08.206] [Netty Epoll Server IO #4/DEBUG] [net.minecraftforge.network.NetworkRegistry/NETREGISTRY]: Channel 'architectury:network' : Version test of '1' from client : ACCEPTED
[04Apr2025 19:50:08.206] [Netty Epoll Server IO #4/DEBUG] [net.minecraftforge.network.NetworkRegistry/NETREGISTRY]: Channel 'voicechat:leave_group' : Version test of 'ALLOWVANILLA 💓💓💓' from client : ACCEPTED
[04Apr2025 19:50:08.206] [Netty Epoll Server IO #4/DEBUG] [net.minecraftforge.network.NetworkRegistry/NETREGISTRY]: Channel 'aether:main' : Version test of '1' from client : ACCEPTED
[04Apr2025 19:50:08.206] [Netty Epoll Server IO #4/DEBUG] [net.minecraftforge.network.NetworkRegistry/NETREGISTRY]: Channel 'citadel:main_channel' : Version test of '1' from client : ACCEPTED
[04Apr2025 19:50:08.206] [Netty Epoll Server IO #4/DEBUG] [net.minecraftforge.network.NetworkRegistry/NETREGISTRY]: Channel 'puzzleslib:1' : Version test of '1' from client : ACCEPTED
[04Apr2025 19:50:08.207] [Netty Epoll Server IO #4/DEBUG] [net.minecraftforge.network.NetworkRegistry/NETREGISTRY]: Channel 'iceandfire:main_channel' : Version test of '1' from client : ACCEPTED
[04Apr2025 19:50:08.207] [Netty Epoll Server IO #4/DEBUG] [net.minecraftforge.network.NetworkRegistry/NETREGISTRY]: Channel 'deep_aether:deep_aether' : Version test of '1' from client : ACCEPTED
[04Apr2025 19:50:08.207] [Netty Epoll Server IO #4/DEBUG] [net.minecraftforge.network.NetworkRegistry/NETREGISTRY]: Channel 'voicechat:set_group' : Version test of 'ALLOWVANILLA 💓💓💓' from client : ACCEPTED
[04Apr2025 19:50:08.207] [Netty Epoll Server IO #4/DEBUG] [net.minecraftforge.network.NetworkRegistry/NETREGISTRY]: Channel 'bosses_of_mass_destruction:packets' : Version test of '1' from client : ACCEPTED
[04Apr2025 19:50:08.207] [Netty Epoll Server IO #4/DEBUG] [net.minecraftforge.network.NetworkRegistry/NETREGISTRY]: Channel 'voicechat:joined_group' : Version test of 'ALLOWVANILLA 💓💓💓' from client : ACCEPTED
[04Apr2025 19:50:08.207] [Netty Epoll Server IO #4/DEBUG] [net.minecraftforge.network.NetworkRegistry/NETREGISTRY]: Channel 'curios:main' : Version test of '1' from client : ACCEPTED
[04Apr2025 19:50:08.207] [Netty Epoll Server IO #4/DEBUG] [net.minecraftforge.network.NetworkRegistry/NETREGISTRY]: Channel 'voicechat:player_states' : Version test of 'ALLOWVANILLA 💓💓💓' from client : ACCEPTED
[04Apr2025 19:50:08.208] [Netty Epoll Server IO #4/DEBUG] [net.minecraftforge.network.NetworkRegistry/NETREGISTRY]: Channel 'appleskin:sync' : Version test of '1' from client : ACCEPTED
[04Apr2025 19:50:08.208] [Netty Epoll Server IO #4/DEBUG] [net.minecraftforge.network.NetworkRegistry/NETREGISTRY]: Channel 'vapeaholic:vapeaholic' : Version test of '1' from client : ACCEPTED
[04Apr2025 19:50:08.208] [Netty Epoll Server IO #4/DEBUG] [net.minecraftforge.network.NetworkRegistry/NETREGISTRY]: Channel 'fml:loginwrapper' : Version test of 'FML3' from client : ACCEPTED
[04Apr2025 19:50:08.208] [Netty Epoll Server IO #4/DEBUG] [net.minecraftforge.network.NetworkRegistry/NETREGISTRY]: Channel 'cerbons_api:packets' : Version test of '1' from client : ACCEPTED
[04Apr2025 19:50:08.208] [Netty Epoll Server IO #4/DEBUG] [net.minecraftforge.network.NetworkRegistry/NETREGISTRY]: Channel 'tombstone:tombstone_channel' : Version test of 'tombstone-8.9.2' from client : ACCEPTED
[04Apr2025 19:50:08.208] [Netty Epoll Server IO #4/DEBUG] [net.minecraftforge.network.NetworkRegistry/NETREGISTRY]: Channel 'yungscavebiomes:messages' : Version test of '1.0' from client : ACCEPTED
[04Apr2025 19:50:08.208] [Netty Epoll Server IO #4/DEBUG] [net.minecraftforge.network.NetworkRegistry/NETREGISTRY]: Channel 'voicechat:request_secret' : Version test of 'ALLOWVANILLA 💓💓💓' from client : ACCEPTED
[04Apr2025 19:50:08.208] [Netty Epoll Server IO #4/DEBUG] [net.minecraftforge.network.NetworkRegistry/NETREGISTRY]: Channel 'sophisticatedcore:channel' : Version test of '1' from client : ACCEPTED
[04Apr2025 19:50:08.208] [Netty Epoll Server IO #4/DEBUG] [net.minecraftforge.network.NetworkRegistry/NETREGISTRY]: Channel 'patchouli:main' : Version test of '1' from client : ACCEPTED
[04Apr2025 19:50:08.208] [Netty Epoll Server IO #4/DEBUG] [net.minecraftforge.network.NetworkRegistry/NETREGISTRY]: Channel 'outstanding_ores:outstanding_ores' : Version test of '1' from client : ACCEPTED
[04Apr2025 19:50:08.208] [Netty Epoll Server IO #4/DEBUG] [net.minecraftforge.network.NetworkRegistry/NETREGISTRY]: Channel 'fml:handshake' : Version test of 'FML3' from client : ACCEPTED
[04Apr2025 19:50:08.208] [Netty Epoll Server IO #4/DEBUG] [net.minecraftforge.network.NetworkRegistry/NETREGISTRY]: Channel 'voicechat:remove_group' : Version test of 'ALLOWVANILLA 💓💓💓' from client : ACCEPTED
[04Apr2025 19:50:08.208] [Netty Epoll Server IO #4/DEBUG] [net.minecraftforge.network.NetworkRegistry/NETREGISTRY]: Channel 'forge:split' : Version test of '1.1' from client : ACCEPTED
[04Apr2025 19:50:08.208] [Netty Epoll Server IO #4/DEBUG] [net.minecraftforge.network.NetworkRegistry/NETREGISTRY]: Channel 'twilightforest:channel' : Version test of '2' from client : ACCEPTED
[04Apr2025 19:50:08.208] [Netty Epoll Server IO #4/DEBUG] [net.minecraftforge.network.NetworkRegistry/NETREGISTRY]: Channel 'waystones:network' : Version test of '1.0' from client : ACCEPTED
[04Apr2025 19:50:08.208] [Netty Epoll Server IO #4/DEBUG] [net.minecraftforge.network.NetworkRegistry/NETREGISTRY]: Accepting channel list from client
[04Apr2025 19:50:08.209] [Netty Epoll Server IO #4/DEBUG] [net.minecraftforge.network.HandshakeHandler/FMLHANDSHAKE]: Accepted client connection mod list
[04Apr2025 19:50:08.245] [Netty Epoll Server IO #4/DEBUG] [net.minecraftforge.network.LoginWrapper/FMLHANDSHAKE]: Recieved login wrapper packet event for channel fml:handshake with index 2
[04Apr2025 19:50:08.245] [Netty Epoll Server IO #4/DEBUG] [net.minecraftforge.network.HandshakeHandler/FMLHANDSHAKE]: Received client indexed reply 2 of type net.minecraftforge.network.HandshakeMessages$C2SAcknowledge
[04Apr2025 19:50:08.245] [Netty Epoll Server IO #4/DEBUG] [net.minecraftforge.network.HandshakeHandler/FMLHANDSHAKE]: Received acknowledgement from client
[04Apr2025 19:50:08.274] [Server thread/DEBUG] [net.minecraftforge.network.HandshakeHandler/FMLHANDSHAKE]: Sending ticking packet info 'Registry aether:moa_type' to 'fml:handshake' sequence 3
[04Apr2025 19:50:08.315] [Server thread/DEBUG] [net.minecraftforge.network.HandshakeHandler/FMLHANDSHAKE]: Sending ticking packet info 'Registry minecraft:villager_profession' to 'fml:handshake' sequence 4
[04Apr2025 19:50:08.320] [Netty Epoll Server IO #4/DEBUG] [net.minecraftforge.network.LoginWrapper/FMLHANDSHAKE]: Recieved login wrapper packet event for channel fml:handshake with index 3
[04Apr2025 19:50:08.321] [Netty Epoll Server IO #4/DEBUG] [net.minecraftforge.network.HandshakeHandler/FMLHANDSHAKE]: Received client indexed reply 3 of type net.minecraftforge.network.HandshakeMessages$C2SAcknowledge
[04Apr2025 19:50:08.321] [Netty Epoll Server IO #4/DEBUG] [net.minecraftforge.network.HandshakeHandler/FMLHANDSHAKE]: Received acknowledgement from client
[04Apr2025 19:50:08.362] [Server thread/DEBUG] [net.minecraftforge.network.HandshakeHandler/FMLHANDSHAKE]: Sending ticking packet info 'Registry minecraft:item' to 'fml:handshake' sequence 5
[04Apr2025 19:50:08.366] [Netty Epoll Server IO #4/DEBUG] [net.minecraftforge.network.LoginWrapper/FMLHANDSHAKE]: Recieved login wrapper packet event for channel fml:handshake with index 4
[04Apr2025 19:50:08.366] [Netty Epoll Server IO #4/DEBUG] [net.minecraftforge.network.HandshakeHandler/FMLHANDSHAKE]: Received client indexed reply 4 of type net.minecraftforge.network.HandshakeMessages$C2SAcknowledge
[04Apr2025 19:50:08.366] [Netty Epoll Server IO #4/DEBUG] [net.minecraftforge.network.HandshakeHandler/FMLHANDSHAKE]: Received acknowledgement from client
[04Apr2025 19:50:08.423] [Server thread/DEBUG] [net.minecraftforge.network.HandshakeHandler/FMLHANDSHAKE]: Sending ticking packet info 'Registry minecraft:potion' to 'fml:handshake' sequence 6
[04Apr2025 19:50:08.476] [Server thread/DEBUG] [net.minecraftforge.network.HandshakeHandler/FMLHANDSHAKE]: Sending ticking packet info 'Registry minecraft:block_entity_type' to 'fml:handshake' sequence 7
[04Apr2025 19:50:08.520] [Server thread/DEBUG] [net.minecraftforge.network.HandshakeHandler/FMLHANDSHAKE]: Sending ticking packet info 'Registry forge:display_contexts' to 'fml:handshake' sequence 8
[04Apr2025 19:50:08.522] [VoiceChatPacketProcessingThread/INFO] [voicechat/]: [voicechat] Successfully authenticated player 76957267-1930-376a-893a-2f677d544985
[04Apr2025 19:50:08.560] [Server thread/DEBUG] [net.minecraftforge.network.HandshakeHandler/FMLHANDSHAKE]: Sending ticking packet info 'Registry minecraft:stat_type' to 'fml:handshake' sequence 9
[04Apr2025 19:50:08.646] [Server thread/DEBUG] [net.minecraftforge.network.HandshakeHandler/FMLHANDSHAKE]: Sending ticking packet info 'Registry twilightforest:enforcement' to 'fml:handshake' sequence 10
[04Apr2025 19:50:08.676] [Server thread/DEBUG] [net.minecraftforge.network.HandshakeHandler/FMLHANDSHAKE]: Sending ticking packet info 'Registry minecraft:menu' to 'fml:handshake' sequence 11
[04Apr2025 19:50:08.694] [Netty Epoll Server IO #4/DEBUG] [net.minecraftforge.network.LoginWrapper/FMLHANDSHAKE]: Recieved login wrapper packet event for channel fml:handshake with index 5
[04Apr2025 19:50:08.695] [Netty Epoll Server IO #4/DEBUG] [net.minecraftforge.network.HandshakeHandler/FMLHANDSHAKE]: Received client indexed reply 5 of type net.minecraftforge.network.HandshakeMessages$C2SAcknowledge
[04Apr2025 19:50:08.695] [Netty Epoll Server IO #4/DEBUG] [net.minecraftforge.network.HandshakeHandler/FMLHANDSHAKE]: Received acknowledgement from client
[04Apr2025 19:50:08.695] [Netty Epoll Server IO #4/DEBUG] [net.minecraftforge.network.LoginWrapper/FMLHANDSHAKE]: Recieved login wrapper packet event for channel fml:handshake with index 6
[04Apr2025 19:50:08.695] [Netty Epoll Server IO #4/DEBUG] [net.minecraftforge.network.HandshakeHandler/FMLHANDSHAKE]: Received client indexed reply 6 of type net.minecraftforge.network.HandshakeMessages$C2SAcknowledge
[04Apr2025 19:50:08.695] [Netty Epoll Server IO #4/DEBUG] [net.minecraftforge.network.HandshakeHandler/FMLHANDSHAKE]: Received acknowledgement from client
[04Apr2025 19:50:08.696] [Netty Epoll Server IO #4/DEBUG] [net.minecraftforge.network.LoginWrapper/FMLHANDSHAKE]: Recieved login wrapper packet event for channel fml:handshake with index 7
[04Apr2025 19:50:08.696] [Netty Epoll Server IO #4/DEBUG] [net.minecraftforge.network.HandshakeHandler/FMLHANDSHAKE]: Received client indexed reply 7 of type net.minecraftforge.network.HandshakeMessages$C2SAcknowledge
[04Apr2025 19:50:08.697] [Netty Epoll Server IO #4/DEBUG] [net.minecraftforge.network.HandshakeHandler/FMLHANDSHAKE]: Received acknowledgement from client
[04Apr2025 19:50:08.697] [Netty Epoll Server IO #4/DEBUG] [net.minecraftforge.network.LoginWrapper/FMLHANDSHAKE]: Recieved login wrapper packet event for channel fml:handshake with index 8
[04Apr2025 19:50:08.697] [Netty Epoll Server IO #4/DEBUG] [net.minecraftforge.network.HandshakeHandler/FMLHANDSHAKE]: Received client indexed reply 8 of type net.minecraftforge.network.HandshakeMessages$C2SAcknowledge
[04Apr2025 19:50:08.697] [Netty Epoll Server IO #4/DEBUG] [net.minecraftforge.network.HandshakeHandler/FMLHANDSHAKE]: Received acknowledgement from client
[04Apr2025 19:50:08.697] [Netty Epoll Server IO #4/DEBUG] [net.minecraftforge.network.LoginWrapper/FMLHANDSHAKE]: Recieved login wrapper packet event for channel fml:handshake with index 9
[04Apr2025 19:50:08.697] [Netty Epoll Server IO #4/DEBUG] [net.minecraftforge.network.HandshakeHandler/FMLHANDSHAKE]: Received client indexed reply 9 of type net.minecraftforge.network.HandshakeMessages$C2SAcknowledge
[04Apr2025 19:50:08.697] [Netty Epoll Server IO #4/DEBUG] [net.minecraftforge.network.HandshakeHandler/FMLHANDSHAKE]: Received acknowledgement from client
[04Apr2025 19:50:08.697] [Netty Epoll Server IO #4/DEBUG] [net.minecraftforge.network.LoginWrapper/FMLHANDSHAKE]: Recieved login wrapper packet event for channel fml:handshake with index 10
[04Apr2025 19:50:08.697] [Netty Epoll Server IO #4/DEBUG] [net.minecraftforge.network.HandshakeHandler/FMLHANDSHAKE]: Received client indexed reply 10 of type net.minecraftforge.network.HandshakeMessages$C2SAcknowledge
[04Apr2025 19:50:08.697] [Netty Epoll Server IO #4/DEBUG] [net.minecraftforge.network.HandshakeHandler/FMLHANDSHAKE]: Received acknowledgement from client
[04Apr2025 19:50:08.719] [Server thread/DEBUG] [net.minecraftforge.network.HandshakeHandler/FMLHANDSHAKE]: Sending ticking packet info 'Registry minecraft:fluid' to 'fml:handshake' sequence 12
[04Apr2025 19:50:08.722] [Netty Epoll Server IO #4/DEBUG] [net.minecraftforge.network.LoginWrapper/FMLHANDSHAKE]: Recieved login wrapper packet event for channel fml:handshake with index 11
[04Apr2025 19:50:08.723] [Netty Epoll Server IO #4/DEBUG] [net.minecraftforge.network.HandshakeHandler/FMLHANDSHAKE]: Received client indexed reply 11 of type net.minecraftforge.network.HandshakeMessages$C2SAcknowledge
[04Apr2025 19:50:08.723] [Netty Epoll Server IO #4/DEBUG] [net.minecraftforge.network.HandshakeHandler/FMLHANDSHAKE]: Received acknowledgement from client
[04Apr2025 19:50:08.759] [Server thread/DEBUG] [net.minecraftforge.network.HandshakeHandler/FMLHANDSHAKE]: Sending ticking packet info 'Registry aether:advancement_sound_override' to 'fml:handshake' sequence 13
[04Apr2025 19:50:08.767] [Netty Epoll Server IO #4/DEBUG] [net.minecraftforge.network.LoginWrapper/FMLHANDSHAKE]: Recieved login wrapper packet event for channel fml:handshake with index 12
[04Apr2025 19:50:08.768] [Netty Epoll Server IO #4/DEBUG] [net.minecraftforge.network.HandshakeHandler/FMLHANDSHAKE]: Received client indexed reply 12 of type net.minecraftforge.network.HandshakeMessages$C2SAcknowledge
[04Apr2025 19:50:08.769] [Netty Epoll Server IO #4/DEBUG] [net.minecraftforge.network.HandshakeHandler/FMLHANDSHAKE]: Received acknowledgement from client
[04Apr2025 19:50:08.796] [Server thread/DEBUG] [net.minecraftforge.network.HandshakeHandler/FMLHANDSHAKE]: Sending ticking packet info 'Registry minecraft:recipe_serializer' to 'fml:handshake' sequence 14
[04Apr2025 19:50:08.807] [Netty Epoll Server IO #4/DEBUG] [net.minecraftforge.network.LoginWrapper/FMLHANDSHAKE]: Recieved login wrapper packet event for channel fml:handshake with index 13
[04Apr2025 19:50:08.809] [Netty Epoll Server IO #4/DEBUG] [net.minecraftforge.network.HandshakeHandler/FMLHANDSHAKE]: Received client indexed reply 13 of type net.minecraftforge.network.HandshakeMessages$C2SAcknowledge
[04Apr2025 19:50:08.809] [Netty Epoll Server IO #4/DEBUG] [net.minecraftforge.network.HandshakeHandler/FMLHANDSHAKE]: Received acknowledgement from client
[04Apr2025 19:50:08.843] [Netty Epoll Server IO #4/DEBUG] [net.minecraftforge.network.LoginWrapper/FMLHANDSHAKE]: Recieved login wrapper packet event for channel fml:handshake with index 14
[04Apr2025 19:50:08.843] [Netty Epoll Server IO #4/DEBUG] [net.minecraftforge.network.HandshakeHandler/FMLHANDSHAKE]: Received client indexed reply 14 of type net.minecraftforge.network.HandshakeMessages$C2SAcknowledge
[04Apr2025 19:50:08.843] [Netty Epoll Server IO #4/DEBUG] [net.minecraftforge.network.HandshakeHandler/FMLHANDSHAKE]: Received acknowledgement from client
[04Apr2025 19:50:08.860] [Server thread/DEBUG] [net.minecraftforge.network.HandshakeHandler/FMLHANDSHAKE]: Sending ticking packet info 'Registry minecraft:sound_event' to 'fml:handshake' sequence 15
[04Apr2025 19:50:08.903] [Server thread/DEBUG] [net.minecraftforge.network.HandshakeHandler/FMLHANDSHAKE]: Sending ticking packet info 'Registry minecraft:particle_type' to 'fml:handshake' sequence 16
[04Apr2025 19:50:08.921] [Netty Epoll Server IO #4/DEBUG] [net.minecraftforge.network.LoginWrapper/FMLHANDSHAKE]: Recieved login wrapper packet event for channel fml:handshake with index 15
[04Apr2025 19:50:08.922] [Netty Epoll Server IO #4/DEBUG] [net.minecraftforge.network.HandshakeHandler/FMLHANDSHAKE]: Received client indexed reply 15 of type net.minecraftforge.network.HandshakeMessages$C2SAcknowledge
[04Apr2025 19:50:08.926] [Netty Epoll Server IO #4/DEBUG] [net.minecraftforge.network.HandshakeHandler/FMLHANDSHAKE]: Received acknowledgement from client
[04Apr2025 19:50:08.951] [Netty Epoll Server IO #4/DEBUG] [net.minecraftforge.network.LoginWrapper/FMLHANDSHAKE]: Recieved login wrapper packet event for channel fml:handshake with index 16
[04Apr2025 19:50:08.951] [Netty Epoll Server IO #4/DEBUG] [net.minecraftforge.network.HandshakeHandler/FMLHANDSHAKE]: Received client indexed reply 16 of type net.minecraftforge.network.HandshakeMessages$C2SAcknowledge
[04Apr2025 19:50:08.951] [Netty Epoll Server IO #4/DEBUG] [net.minecraftforge.network.HandshakeHandler/FMLHANDSHAKE]: Received acknowledgement from client
[04Apr2025 19:50:08.968] [Server thread/DEBUG] [net.minecraftforge.network.HandshakeHandler/FMLHANDSHAKE]: Sending ticking packet info 'Registry twilightforest:tiny_bird_variant' to 'fml:handshake' sequence 17
[04Apr2025 19:50:09.015] [Netty Epoll Server IO #4/DEBUG] [net.minecraftforge.network.LoginWrapper/FMLHANDSHAKE]: Recieved login wrapper packet event for channel fml:handshake with index 17
[04Apr2025 19:50:09.016] [Netty Epoll Server IO #4/DEBUG] [net.minecraftforge.network.HandshakeHandler/FMLHANDSHAKE]: Received client indexed reply 17 of type net.minecraftforge.network.HandshakeMessages$C2SAcknowledge
[04Apr2025 19:50:09.016] [Netty Epoll Server IO #4/DEBUG] [net.minecraftforge.network.HandshakeHandler/FMLHANDSHAKE]: Received acknowledgement from client
[04Apr2025 19:50:09.028] [Server thread/DEBUG] [net.minecraftforge.network.HandshakeHandler/FMLHANDSHAKE]: Sending ticking packet info 'Registry minecraft:painting_variant' to 'fml:handshake' sequence 18
[04Apr2025 19:50:09.073] [Netty Epoll Server IO #4/DEBUG] [net.minecraftforge.network.LoginWrapper/FMLHANDSHAKE]: Recieved login wrapper packet event for channel fml:handshake with index 18
[04Apr2025 19:50:09.073] [Netty Epoll Server IO #4/DEBUG] [net.minecraftforge.network.HandshakeHandler/FMLHANDSHAKE]: Received client indexed reply 18 of type net.minecraftforge.network.HandshakeMessages$C2SAcknowledge
[04Apr2025 19:50:09.073] [Netty Epoll Server IO #4/DEBUG] [net.minecraftforge.network.HandshakeHandler/FMLHANDSHAKE]: Received acknowledgement from client
[04Apr2025 19:50:09.091] [Server thread/DEBUG] [net.minecraftforge.network.HandshakeHandler/FMLHANDSHAKE]: Sending ticking packet info 'Registry forge:fluid_type' to 'fml:handshake' sequence 19
[04Apr2025 19:50:09.134] [Server thread/DEBUG] [net.minecraftforge.network.HandshakeHandler/FMLHANDSHAKE]: Sending ticking packet info 'Registry minecraft:block' to 'fml:handshake' sequence 20
[04Apr2025 19:50:09.137] [Netty Epoll Server IO #4/DEBUG] [net.minecraftforge.network.LoginWrapper/FMLHANDSHAKE]: Recieved login wrapper packet event for channel fml:handshake with index 19
[04Apr2025 19:50:09.137] [Netty Epoll Server IO #4/DEBUG] [net.minecraftforge.network.HandshakeHandler/FMLHANDSHAKE]: Received client indexed reply 19 of type net.minecraftforge.network.HandshakeMessages$C2SAcknowledge
[04Apr2025 19:50:09.137] [Netty Epoll Server IO #4/DEBUG] [net.minecraftforge.network.HandshakeHandler/FMLHANDSHAKE]: Received acknowledgement from client
[04Apr2025 19:50:09.178] [Server thread/DEBUG] [net.minecraftforge.network.HandshakeHandler/FMLHANDSHAKE]: Sending ticking packet info 'Registry forge:entity_data_serializers' to 'fml:handshake' sequence 21
[04Apr2025 19:50:09.222] [Server thread/DEBUG] [net.minecraftforge.network.HandshakeHandler/FMLHANDSHAKE]: Sending ticking packet info 'Registry minecraft:mob_effect' to 'fml:handshake' sequence 22
[04Apr2025 19:50:09.262] [Server thread/DEBUG] [net.minecraftforge.network.HandshakeHandler/FMLHANDSHAKE]: Sending ticking packet info 'Registry tombstone:perks' to 'fml:handshake' sequence 23
[04Apr2025 19:50:09.300] [Server thread/DEBUG] [net.minecraftforge.network.HandshakeHandler/FMLHANDSHAKE]: Sending ticking packet info 'Registry twilightforest:dwarf_rabbit_variant' to 'fml:handshake' sequence 24
[04Apr2025 19:50:09.327] [Netty Epoll Server IO #4/DEBUG] [net.minecraftforge.network.LoginWrapper/FMLHANDSHAKE]: Recieved login wrapper packet event for channel fml:handshake with index 20
[04Apr2025 19:50:09.327] [Netty Epoll Server IO #4/DEBUG] [net.minecraftforge.network.HandshakeHandler/FMLHANDSHAKE]: Received client indexed reply 20 of type net.minecraftforge.network.HandshakeMessages$C2SAcknowledge
[04Apr2025 19:50:09.327] [Netty Epoll Server IO #4/DEBUG] [net.minecraftforge.network.HandshakeHandler/FMLHANDSHAKE]: Received acknowledgement from client
[04Apr2025 19:50:09.328] [Netty Epoll Server IO #4/DEBUG] [net.minecraftforge.network.LoginWrapper/FMLHANDSHAKE]: Recieved login wrapper packet event for channel fml:handshake with index 21
[04Apr2025 19:50:09.328] [Netty Epoll Server IO #4/DEBUG] [net.minecraftforge.network.HandshakeHandler/FMLHANDSHAKE]: Received client indexed reply 21 of type net.minecraftforge.network.HandshakeMessages$C2SAcknowledge
[04Apr2025 19:50:09.328] [Netty Epoll Server IO #4/DEBUG] [net.minecraftforge.network.HandshakeHandler/FMLHANDSHAKE]: Received acknowledgement from client
[04Apr2025 19:50:09.328] [Netty Epoll Server IO #4/DEBUG] [net.minecraftforge.network.LoginWrapper/FMLHANDSHAKE]: Recieved login wrapper packet event for channel fml:handshake with index 22
[04Apr2025 19:50:09.329] [Netty Epoll Server IO #4/DEBUG] [net.minecraftforge.network.HandshakeHandler/FMLHANDSHAKE]: Received client indexed reply 22 of type net.minecraftforge.network.HandshakeMessages$C2SAcknowledge
[04Apr2025 19:50:09.329] [Netty Epoll Server IO #4/DEBUG] [net.minecraftforge.network.HandshakeHandler/FMLHANDSHAKE]: Received acknowledgement from client
[04Apr2025 19:50:09.329] [Netty Epoll Server IO #4/DEBUG] [net.minecraftforge.network.LoginWrapper/FMLHANDSHAKE]: Recieved login wrapper packet event for channel fml:handshake with index 23
[04Apr2025 19:50:09.329] [Netty Epoll Server IO #4/DEBUG] [net.minecraftforge.network.HandshakeHandler/FMLHANDSHAKE]: Received client indexed reply 23 of type net.minecraftforge.network.HandshakeMessages$C2SAcknowledge
[04Apr2025 19:50:09.329] [Netty Epoll Server IO #4/DEBUG] [net.minecraftforge.network.HandshakeHandler/FMLHANDSHAKE]: Received acknowledgement from client
[04Apr2025 19:50:09.345] [Netty Epoll Server IO #4/DEBUG] [net.minecraftforge.network.LoginWrapper/FMLHANDSHAKE]: Recieved login wrapper packet event for channel fml:handshake with index 24
[04Apr2025 19:50:09.345] [Netty Epoll Server IO #4/DEBUG] [net.minecraftforge.network.HandshakeHandler/FMLHANDSHAKE]: Received client indexed reply 24 of type net.minecraftforge.network.HandshakeMessages$C2SAcknowledge
[04Apr2025 19:50:09.345] [Netty Epoll Server IO #4/DEBUG] [net.minecraftforge.network.HandshakeHandler/FMLHANDSHAKE]: Received acknowledgement from client
[04Apr2025 19:50:09.346] [Server thread/DEBUG] [net.minecraftforge.network.HandshakeHandler/FMLHANDSHAKE]: Sending ticking packet info 'Registry minecraft:enchantment' to 'fml:handshake' sequence 25
[04Apr2025 19:50:09.382] [Server thread/DEBUG] [net.minecraftforge.network.HandshakeHandler/FMLHANDSHAKE]: Sending ticking packet info 'Registry minecraft:entity_type' to 'fml:handshake' sequence 26
[04Apr2025 19:50:09.392] [Netty Epoll Server IO #4/DEBUG] [net.minecraftforge.network.LoginWrapper/FMLHANDSHAKE]: Recieved login wrapper packet event for channel fml:handshake with index 25
[04Apr2025 19:50:09.394] [Netty Epoll Server IO #4/DEBUG] [net.minecraftforge.network.HandshakeHandler/FMLHANDSHAKE]: Received client indexed reply 25 of type net.minecraftforge.network.HandshakeMessages$C2SAcknowledge
[04Apr2025 19:50:09.394] [Netty Epoll Server IO #4/DEBUG] [net.minecraftforge.network.HandshakeHandler/FMLHANDSHAKE]: Received acknowledgement from client
[04Apr2025 19:50:09.456] [Server thread/DEBUG] [net.minecraftforge.network.HandshakeHandler/FMLHANDSHAKE]: Sending ticking packet info 'Config curios-server.toml' to 'fml:handshake' sequence 27
[04Apr2025 19:50:09.491] [Server thread/DEBUG] [net.minecraftforge.network.HandshakeHandler/FMLHANDSHAKE]: Sending ticking packet info 'Config tombstone-server.toml' to 'fml:handshake' sequence 28
[04Apr2025 19:50:09.497] [VoiceChatPacketProcessingThread/INFO] [voicechat/]: [voicechat] Successfully validated connection of player 76957267-1930-376a-893a-2f677d544985
[04Apr2025 19:50:09.500] [VoiceChatPacketProcessingThread/DEBUG] [voicechat/]: [voicechat] Set state of Z3nSSky to connected: {disabled=false, disconnected=false, uuid=76957267-1930-376a-893a-2f677d544985, name=Z3nSSky, group=null}
[04Apr2025 19:50:09.511] [VoiceChatPacketProcessingThread/INFO] [voicechat/]: [voicechat] Player Z3nSSky (76957267-1930-376a-893a-2f677d544985) successfully connected to voice chat
[04Apr2025 19:50:09.555] [Server thread/DEBUG] [net.minecraftforge.network.HandshakeHandler/FMLHANDSHAKE]: Sending ticking packet info 'Config hangglider-server.toml' to 'fml:handshake' sequence 29
[04Apr2025 19:50:09.598] [Server thread/DEBUG] [net.minecraftforge.network.HandshakeHandler/FMLHANDSHAKE]: Sending ticking packet info 'Config toms_storage-server.toml' to 'fml:handshake' sequence 30
[04Apr2025 19:50:09.598] [Server thread/DEBUG] [voicechat/]: [voicechat] Got state of Z3nSSky: {disabled=true, disconnected=false, uuid=76957267-1930-376a-893a-2f677d544985, name=Z3nSSky, group=null}
[04Apr2025 19:50:09.640] [Server thread/DEBUG] [net.minecraftforge.network.HandshakeHandler/FMLHANDSHAKE]: Sending ticking packet info 'Config sophisticatedbackpacks-server.toml' to 'fml:handshake' sequence 31
[04Apr2025 19:50:09.715] [Server thread/DEBUG] [net.minecraftforge.network.HandshakeHandler/FMLHANDSHAKE]: Sending ticking packet info 'Config aether-server.toml' to 'fml:handshake' sequence 32
[04Apr2025 19:50:09.758] [Server thread/DEBUG] [net.minecraftforge.network.HandshakeHandler/FMLHANDSHAKE]: Sending ticking packet info 'Config jei-server.toml' to 'fml:handshake' sequence 33
[04Apr2025 19:50:09.804] [Server thread/DEBUG] [net.minecraftforge.network.HandshakeHandler/FMLHANDSHAKE]: Sending ticking packet info 'Config forge-server.toml' to 'fml:handshake' sequence 34
[04Apr2025 19:50:12.772] [Netty Epoll Server IO #4/DEBUG] [net.minecraftforge.network.LoginWrapper/FMLHANDSHAKE]: Recieved login wrapper packet event for channel fml:handshake with index 26
[04Apr2025 19:50:12.773] [Netty Epoll Server IO #4/DEBUG] [net.minecraftforge.network.HandshakeHandler/FMLHANDSHAKE]: Received client indexed reply 26 of type net.minecraftforge.network.HandshakeMessages$C2SAcknowledge
[04Apr2025 19:50:12.773] [Netty Epoll Server IO #4/DEBUG] [net.minecraftforge.network.HandshakeHandler/FMLHANDSHAKE]: Received acknowledgement from client
[04Apr2025 19:50:12.774] [Netty Epoll Server IO #4/DEBUG] [net.minecraftforge.network.LoginWrapper/FMLHANDSHAKE]: Recieved login wrapper packet event for channel fml:handshake with index 27
[04Apr2025 19:50:12.774] [Netty Epoll Server IO #4/DEBUG] [net.minecraftforge.network.HandshakeHandler/FMLHANDSHAKE]: Received client indexed reply 27 of type net.minecraftforge.network.HandshakeMessages$C2SAcknowledge
[04Apr2025 19:50:12.775] [Netty Epoll Server IO #4/DEBUG] [net.minecraftforge.network.HandshakeHandler/FMLHANDSHAKE]: Received acknowledgement from client
[04Apr2025 19:50:12.776] [Netty Epoll Server IO #4/DEBUG] [net.minecraftforge.network.LoginWrapper/FMLHANDSHAKE]: Recieved login wrapper packet event for channel fml:handshake with index 28
[04Apr2025 19:50:12.777] [Netty Epoll Server IO #4/DEBUG] [net.minecraftforge.network.HandshakeHandler/FMLHANDSHAKE]: Received client indexed reply 28 of type net.minecraftforge.network.HandshakeMessages$C2SAcknowledge
[04Apr2025 19:50:12.777] [Netty Epoll Server IO #4/DEBUG] [net.minecraftforge.network.HandshakeHandler/FMLHANDSHAKE]: Received acknowledgement from client
[04Apr2025 19:50:12.777] [Netty Epoll Server IO #4/DEBUG] [net.minecraftforge.network.LoginWrapper/FMLHANDSHAKE]: Recieved login wrapper packet event for channel fml:handshake with index 29
[04Apr2025 19:50:12.778] [Netty Epoll Server IO #4/DEBUG] [net.minecraftforge.network.HandshakeHandler/FMLHANDSHAKE]: Received client indexed reply 29 of type net.minecraftforge.network.HandshakeMessages$C2SAcknowledge
[04Apr2025 19:50:12.778] [Netty Epoll Server IO #4/DEBUG] [net.minecraftforge.network.HandshakeHandler/FMLHANDSHAKE]: Received acknowledgement from client
[04Apr2025 19:50:12.780] [Netty Epoll Server IO #4/DEBUG] [net.minecraftforge.network.LoginWrapper/FMLHANDSHAKE]: Recieved login wrapper packet event for channel fml:handshake with index 30
[04Apr2025 19:50:12.780] [Netty Epoll Server IO #4/DEBUG] [net.minecraftforge.network.HandshakeHandler/FMLHANDSHAKE]: Received client indexed reply 30 of type net.minecraftforge.network.HandshakeMessages$C2SAcknowledge
[04Apr2025 19:50:12.780] [Netty Epoll Server IO #4/DEBUG] [net.minecraftforge.network.HandshakeHandler/FMLHANDSHAKE]: Received acknowledgement from client
[04Apr2025 19:50:12.780] [Netty Epoll Server IO #4/DEBUG] [net.minecraftforge.network.LoginWrapper/FMLHANDSHAKE]: Recieved login wrapper packet event for channel fml:handshake with index 31
[04Apr2025 19:50:12.780] [Netty Epoll Server IO #4/DEBUG] [net.minecraftforge.network.HandshakeHandler/FMLHANDSHAKE]: Received client indexed reply 31 of type net.minecraftforge.network.HandshakeMessages$C2SAcknowledge
[04Apr2025 19:50:12.780] [Netty Epoll Server IO #4/DEBUG] [net.minecraftforge.network.HandshakeHandler/FMLHANDSHAKE]: Received acknowledgement from client
[04Apr2025 19:50:12.780] [Netty Epoll Server IO #4/DEBUG] [net.minecraftforge.network.LoginWrapper/FMLHANDSHAKE]: Recieved login wrapper packet event for channel fml:handshake with index 32
[04Apr2025 19:50:12.781] [Netty Epoll Server IO #4/DEBUG] [net.minecraftforge.network.HandshakeHandler/FMLHANDSHAKE]: Received client indexed reply 32 of type net.minecraftforge.network.HandshakeMessages$C2SAcknowledge
[04Apr2025 19:50:12.781] [Netty Epoll Server IO #4/DEBUG] [net.minecraftforge.network.HandshakeHandler/FMLHANDSHAKE]: Received acknowledgement from client
[04Apr2025 19:50:12.781] [Netty Epoll Server IO #4/DEBUG] [net.minecraftforge.network.LoginWrapper/FMLHANDSHAKE]: Recieved login wrapper packet event for channel fml:handshake with index 33
[04Apr2025 19:50:12.781] [Netty Epoll Server IO #4/DEBUG] [net.minecraftforge.network.HandshakeHandler/FMLHANDSHAKE]: Received client indexed reply 33 of type net.minecraftforge.network.HandshakeMessages$C2SAcknowledge
[04Apr2025 19:50:12.781] [Netty Epoll Server IO #4/DEBUG] [net.minecraftforge.network.HandshakeHandler/FMLHANDSHAKE]: Received acknowledgement from client
[04Apr2025 19:50:12.781] [Netty Epoll Server IO #4/DEBUG] [net.minecraftforge.network.LoginWrapper/FMLHANDSHAKE]: Recieved login wrapper packet event for channel fml:handshake with index 34
[04Apr2025 19:50:12.781] [Netty Epoll Server IO #4/DEBUG] [net.minecraftforge.network.HandshakeHandler/FMLHANDSHAKE]: Received client indexed reply 34 of type net.minecraftforge.network.HandshakeMessages$C2SAcknowledge
[04Apr2025 19:50:12.781] [Netty Epoll Server IO #4/DEBUG] [net.minecraftforge.network.HandshakeHandler/FMLHANDSHAKE]: Received acknowledgement from client
[04Apr2025 19:50:12.796] [Server thread/DEBUG] [net.minecraftforge.network.HandshakeHandler/FMLHANDSHAKE]: Handshake complete!
[04Apr2025 19:50:12.898] [Server thread/INFO] [net.minecraft.server.players.PlayerList/]: universo25abri[/100.112.84.103:56458] logged in with entity id 994 at (170.39073018904887, 71.0, -332.41159632785076)
[04Apr2025 19:50:12.899] [Server thread/DEBUG] [net.minecraftforge.network.filters.NetworkFilters/]: Injected net.minecraftforge.network.filters.ForgeConnectionNetworkFilter@4bd0be8f into net.minecraft.network.Connection@4df60aa9
[04Apr2025 19:50:12.900] [Server thread/INFO] [ModdingLegacy/blue_skies/]: Sending ToolHandleTypeManager to universo25abri
[04Apr2025 19:50:12.900] [Server thread/INFO] [ModdingLegacy/blue_skies/]: Sending SnowcapOvenFreezingManager to universo25abri
[04Apr2025 19:50:12.901] [Server thread/INFO] [ModdingLegacy/blue_skies/]: Sending HorizoniteForgeFuelManager to universo25abri
[04Apr2025 19:50:12.902] [Server thread/INFO] [ModdingLegacy/blue_skies/]: Sending AlchemyRecipeManager to universo25abri
[04Apr2025 19:50:12.906] [Server thread/INFO] [ModdingLegacy/blue_skies/]: Sending JournalEntryManager to universo25abri
[04Apr2025 19:50:12.912] [Server thread/INFO] [ModdingLegacy/blue_skies/]: Sending JournalSectionManager to universo25abri
[04Apr2025 19:50:12.913] [Server thread/INFO] [ModdingLegacy/blue_skies/]: Sending JournalRequirementManager to universo25abri
[04Apr2025 19:50:12.947] [Server thread/INFO] [net.minecraft.server.MinecraftServer/]: universo25abri joined the game
[04Apr2025 19:50:13.088] [Server thread/DEBUG] [voicechat/]: [voicechat] Setting default state of universo25abri: {disabled=false, disconnected=true, uuid=09039b30-3dd0-3f40-862d-014a8ac58cf4, name=universo25abri, group=null}
[04Apr2025 19:50:14.154] [Server thread/INFO] [voicechat/]: [voicechat] Received secret request of universo25abri (18)
[04Apr2025 19:50:14.155] [Server thread/DEBUG] [voicechat/]: [voicechat] Sending initial states to universo25abri
[04Apr2025 19:50:14.155] [Server thread/DEBUG] [voicechat/]: [voicechat] Synchronizing 0 groups with universo25abri
[04Apr2025 19:50:14.155] [Server thread/DEBUG] [voicechat/]: [voicechat] Synchronizing 0 volume categories with universo25abri
[04Apr2025 19:50:14.155] [Server thread/INFO] [voicechat/]: [voicechat] Sent secret to universo25abri
[04Apr2025 19:50:14.971] [Server thread/DEBUG] [mcp.mobius.waila.registry.RegistryFilter/]: [WTHIT] Start filter for minecraft:block
[04Apr2025 19:50:14.971] [Server thread/DEBUG] [mcp.mobius.waila.registry.RegistryFilter/]: [WTHIT] 	Negate: false, Tag      : #waila:extra/energy_blacklist
[04Apr2025 19:50:14.974] [Server thread/DEBUG] [mcp.mobius.waila.registry.RegistryFilter/]: [WTHIT] Finished in 3ms, id: 1818973943
[04Apr2025 19:50:14.975] [Server thread/DEBUG] [mcp.mobius.waila.registry.RegistryFilter/]: [WTHIT] Start filter for minecraft:block_entity_type
[04Apr2025 19:50:14.975] [Server thread/DEBUG] [mcp.mobius.waila.registry.RegistryFilter/]: [WTHIT] 	Negate: false, Tag      : #waila:extra/energy_blacklist
[04Apr2025 19:50:14.975] [Server thread/DEBUG] [mcp.mobius.waila.registry.RegistryFilter/]: [WTHIT] Finished in 0ms, id: 1811423056
[04Apr2025 19:50:14.975] [Server thread/DEBUG] [mcp.mobius.waila.registry.RegistryFilter/]: [WTHIT] Start filter for minecraft:entity_type
[04Apr2025 19:50:14.975] [Server thread/DEBUG] [mcp.mobius.waila.registry.RegistryFilter/]: [WTHIT] 	Negate: false, Tag      : #waila:extra/energy_blacklist
[04Apr2025 19:50:14.975] [Server thread/DEBUG] [mcp.mobius.waila.registry.RegistryFilter/]: [WTHIT] Finished in 0ms, id: 57627416
[04Apr2025 19:50:14.975] [Server thread/DEBUG] [mcp.mobius.waila.registry.RegistryFilter/]: [WTHIT] Start filter for minecraft:block
[04Apr2025 19:50:14.975] [Server thread/DEBUG] [mcp.mobius.waila.registry.RegistryFilter/]: [WTHIT] 	Negate: false, Tag      : #waila:extra/fluid_blacklist
[04Apr2025 19:50:14.975] [Server thread/DEBUG] [mcp.mobius.waila.registry.RegistryFilter/]: [WTHIT] Finished in 0ms, id: 748114134
[04Apr2025 19:50:14.975] [Server thread/DEBUG] [mcp.mobius.waila.registry.RegistryFilter/]: [WTHIT] Start filter for minecraft:block_entity_type
[04Apr2025 19:50:14.976] [Server thread/DEBUG] [mcp.mobius.waila.registry.RegistryFilter/]: [WTHIT] 	Negate: false, Tag      : #waila:extra/fluid_blacklist
[04Apr2025 19:50:14.976] [Server thread/DEBUG] [mcp.mobius.waila.registry.RegistryFilter/]: [WTHIT] Finished in 0ms, id: 1262477383
[04Apr2025 19:50:14.976] [Server thread/DEBUG] [mcp.mobius.waila.registry.RegistryFilter/]: [WTHIT] Start filter for minecraft:entity_type
[04Apr2025 19:50:14.976] [Server thread/DEBUG] [mcp.mobius.waila.registry.RegistryFilter/]: [WTHIT] 	Negate: false, Tag      : #waila:extra/fluid_blacklist
[04Apr2025 19:50:14.976] [Server thread/DEBUG] [mcp.mobius.waila.registry.RegistryFilter/]: [WTHIT] Finished in 0ms, id: 748184454
[04Apr2025 19:50:14.976] [Server thread/DEBUG] [mcp.mobius.waila.registry.RegistryFilter/]: [WTHIT] Start filter for minecraft:block
[04Apr2025 19:50:14.976] [Server thread/DEBUG] [mcp.mobius.waila.registry.RegistryFilter/]: [WTHIT] 	Negate: false, Tag      : #waila:extra/progress_blacklist
[04Apr2025 19:50:14.976] [Server thread/DEBUG] [mcp.mobius.waila.registry.RegistryFilter/]: [WTHIT] Finished in 0ms, id: 638215698
[04Apr2025 19:50:14.976] [Server thread/DEBUG] [mcp.mobius.waila.registry.RegistryFilter/]: [WTHIT] Start filter for minecraft:block_entity_type
[04Apr2025 19:50:14.976] [Server thread/DEBUG] [mcp.mobius.waila.registry.RegistryFilter/]: [WTHIT] 	Negate: false, Tag      : #waila:extra/progress_blacklist
[04Apr2025 19:50:14.976] [Server thread/DEBUG] [mcp.mobius.waila.registry.RegistryFilter/]: [WTHIT] Finished in 0ms, id: 253203559
[04Apr2025 19:50:14.976] [Server thread/DEBUG] [mcp.mobius.waila.registry.RegistryFilter/]: [WTHIT] Start filter for minecraft:entity_type
[04Apr2025 19:50:14.976] [Server thread/DEBUG] [mcp.mobius.waila.registry.RegistryFilter/]: [WTHIT] 	Negate: false, Tag      : #waila:extra/progress_blacklist
[04Apr2025 19:50:14.976] [Server thread/DEBUG] [mcp.mobius.waila.registry.RegistryFilter/]: [WTHIT] Finished in 0ms, id: 1952169447
[04Apr2025 19:50:14.976] [Server thread/DEBUG] [mcp.mobius.waila.registry.RegistryFilter/]: [WTHIT] Start filter for minecraft:block
[04Apr2025 19:50:14.976] [Server thread/DEBUG] [mcp.mobius.waila.registry.RegistryFilter/]: [WTHIT] 	Negate: false, Tag      : #waila:extra/item_blacklist
[04Apr2025 19:50:14.977] [Server thread/DEBUG] [mcp.mobius.waila.registry.RegistryFilter/]: [WTHIT] Finished in 0ms, id: 1172280310
[04Apr2025 19:50:14.977] [Server thread/DEBUG] [mcp.mobius.waila.registry.RegistryFilter/]: [WTHIT] Start filter for minecraft:block_entity_type
[04Apr2025 19:50:14.977] [Server thread/DEBUG] [mcp.mobius.waila.registry.RegistryFilter/]: [WTHIT] 	Negate: false, Tag      : #waila:extra/item_blacklist
[04Apr2025 19:50:14.977] [Server thread/DEBUG] [mcp.mobius.waila.registry.RegistryFilter/]: [WTHIT] Finished in 0ms, id: 1316868635
[04Apr2025 19:50:14.977] [Server thread/DEBUG] [mcp.mobius.waila.registry.RegistryFilter/]: [WTHIT] Start filter for minecraft:entity_type
[04Apr2025 19:50:14.977] [Server thread/DEBUG] [mcp.mobius.waila.registry.RegistryFilter/]: [WTHIT] 	Negate: false, Tag      : #waila:extra/item_blacklist
[04Apr2025 19:50:14.977] [Server thread/DEBUG] [mcp.mobius.waila.registry.RegistryFilter/]: [WTHIT] Finished in 0ms, id: 1161946453
[04Apr2025 19:50:21.830] [VoiceChatPacketProcessingThread/INFO] [voicechat/]: [voicechat] Successfully authenticated player 09039b30-3dd0-3f40-862d-014a8ac58cf4
[04Apr2025 19:50:22.832] [VoiceChatPacketProcessingThread/INFO] [voicechat/]: [voicechat] Successfully validated connection of player 09039b30-3dd0-3f40-862d-014a8ac58cf4
[04Apr2025 19:50:22.833] [VoiceChatPacketProcessingThread/DEBUG] [voicechat/]: [voicechat] Set state of universo25abri to connected: {disabled=false, disconnected=false, uuid=09039b30-3dd0-3f40-862d-014a8ac58cf4, name=universo25abri, group=null}
[04Apr2025 19:50:22.833] [VoiceChatPacketProcessingThread/INFO] [voicechat/]: [voicechat] Player universo25abri (09039b30-3dd0-3f40-862d-014a8ac58cf4) successfully connected to voice chat
[04Apr2025 19:50:22.908] [Server thread/DEBUG] [voicechat/]: [voicechat] Got state of universo25abri: {disabled=false, disconnected=false, uuid=09039b30-3dd0-3f40-862d-014a8ac58cf4, name=universo25abri, group=null}
[04Apr2025 19:50:31.827] [Server thread/DEBUG] [yungscavebiomes/]: STOPPING SANDSTORM in blue_skies:everdawn
[04Apr2025 19:51:21.890] [Server thread/INFO] [net.minecraft.server.MinecraftServer/]: universo25abri has made the advancement [Sweet Dreams]
[04Apr2025 19:53:08.577] [Worker-Main-2/DEBUG] [mixin/]: Mixing accessor.WorldGenRegionAccessor from betterdungeons.mixins.json into net.minecraft.server.level.WorldGenRegion
[04Apr2025 19:53:08.577] [Worker-Main-2/DEBUG] [mixin/]: Mixing common.accessor.WorldGenRegionAccessor from aether.mixins.json into net.minecraft.server.level.WorldGenRegion
[04Apr2025 19:53:08.577] [Worker-Main-2/DEBUG] [mixin/]: Mixing accessor.WorldGenRegionAccessor from betteroceanmonuments.mixins.json into net.minecraft.server.level.WorldGenRegion
[04Apr2025 19:53:08.578] [Worker-Main-2/DEBUG] [mixin/]: Mixing gen.WorldGenRegionMixin from iceandfire.mixins.json into net.minecraft.server.level.WorldGenRegion
[04Apr2025 19:53:08.578] [Worker-Main-2/DEBUG] [mixin/]: Mixing accessor.WorldGenRegionAccessor from betterfortresses.mixins.json into net.minecraft.server.level.WorldGenRegion
[04Apr2025 19:53:08.578] [Worker-Main-2/DEBUG] [mixin/]: Mixing world.WorldGenRegionAccessor from the_bumblezone-common.mixins.json into net.minecraft.server.level.WorldGenRegion
[04Apr2025 19:53:08.578] [Worker-Main-2/DEBUG] [mixin/]: Mixing accessor.WorldGenRegionAccessor from betterjungletemples.mixins.json into net.minecraft.server.level.WorldGenRegion
[04Apr2025 19:53:08.580] [Worker-Main-2/DEBUG] [mixin/]: Unexpected: Registered method getSize()I in net.minecraft.server.level.WorldGenRegion was not merged
[04Apr2025 19:53:08.581] [Worker-Main-2/DEBUG] [mixin/]: Unexpected: Registered method getFirstPos()Lnet/minecraft/world/level/ChunkPos; in net.minecraft.server.level.WorldGenRegion was not merged
[04Apr2025 19:53:08.581] [Worker-Main-2/DEBUG] [mixin/]: Unexpected: Registered method getLastPos()Lnet/minecraft/world/level/ChunkPos; in net.minecraft.server.level.WorldGenRegion was not merged
[04Apr2025 19:53:08.581] [Worker-Main-2/DEBUG] [mixin/]: Unexpected: Registered method getCache()Ljava/util/List; in net.minecraft.server.level.WorldGenRegion was not merged
[04Apr2025 19:53:08.581] [Worker-Main-2/DEBUG] [mixin/]: Unexpected: Registered method getSize()I in net.minecraft.server.level.WorldGenRegion was not merged
[04Apr2025 19:53:08.581] [Worker-Main-2/DEBUG] [mixin/]: Unexpected: Registered method getStructureManager()Lnet/minecraft/world/level/StructureManager; in net.minecraft.server.level.WorldGenRegion was not merged
[04Apr2025 19:53:08.581] [Worker-Main-2/DEBUG] [mixin/]: Unexpected: Registered method getStructureManager()Lnet/minecraft/world/level/StructureManager; in net.minecraft.server.level.WorldGenRegion was not merged
[04Apr2025 19:53:08.581] [Worker-Main-2/DEBUG] [mixin/]: Unexpected: Registered method getCache()Ljava/util/List; in net.minecraft.server.level.WorldGenRegion was not merged
[04Apr2025 19:53:08.581] [Worker-Main-2/DEBUG] [mixin/]: Unexpected: Registered method getLastPos()Lnet/minecraft/world/level/ChunkPos; in net.minecraft.server.level.WorldGenRegion was not merged
[04Apr2025 19:53:08.582] [Worker-Main-2/DEBUG] [mixin/]: Unexpected: Registered method getFirstPos()Lnet/minecraft/world/level/ChunkPos; in net.minecraft.server.level.WorldGenRegion was not merged
[04Apr2025 19:53:08.582] [Worker-Main-2/DEBUG] [mixin/]: Unexpected: Registered method getStructureManager()Lnet/minecraft/world/level/StructureManager; in net.minecraft.server.level.WorldGenRegion was not merged
[04Apr2025 19:53:09.024] [Worker-Main-1/DEBUG] [mixin/]: Mixing accessor.NoiseChunkAccessor from yungscavebiomes.mixins.json into net.minecraft.world.level.levelgen.NoiseChunk
[04Apr2025 19:53:09.024] [Worker-Main-1/DEBUG] [mixin/]: Mixing marble_caves.NoiseChunkMixin from yungscavebiomes.mixins.json into net.minecraft.world.level.levelgen.NoiseChunk
[04Apr2025 19:53:09.027] [Worker-Main-1/DEBUG] [mixin/]: Mixing world.NoiseChunkAccessor from the_bumblezone-common.mixins.json into net.minecraft.world.level.levelgen.NoiseChunk
[04Apr2025 19:53:09.027] [Worker-Main-1/DEBUG] [mixin/]: Mixing world.NoiseChunkMixin from the_bumblezone-common.mixins.json into net.minecraft.world.level.levelgen.NoiseChunk
[04Apr2025 19:53:09.027] [Worker-Main-1/DEBUG] [mixin/]: Renaming synthetic method lambda$injectWrapNew$1()Lnet/minecraft/world/level/biome/Climate$Sampler; to mdf2554f$lambda$injectWrapNew$1$0 in the_bumblezone-common.mixins.json:world.NoiseChunkMixin
[04Apr2025 19:53:09.027] [Worker-Main-1/DEBUG] [mixin/]: Renaming synthetic method lambda$injectWrapNew$0()Lnet/minecraft/world/level/biome/BiomeSource; to mdf2554f$lambda$injectWrapNew$0$1 in the_bumblezone-common.mixins.json:world.NoiseChunkMixin
[04Apr2025 19:53:09.037] [Worker-Main-1/DEBUG] [mixin/]: Mixing BeardifierMixin from yungsapi.mixins.json into net.minecraft.world.level.levelgen.Beardifier
[04Apr2025 19:53:09.038] [Worker-Main-1/DEBUG] [mixin/]: Mixing accessor.BeardifierAccessor from yungsapi.mixins.json into net.minecraft.world.level.levelgen.Beardifier
[04Apr2025 19:53:09.093] [Worker-Main-3/DEBUG] [mixin/]: Mixing frosted_caves.AquiferMixin from yungscavebiomes.mixins.json into net.minecraft.world.level.levelgen.Aquifer$NoiseBasedAquifer
[04Apr2025 19:53:09.095] [Worker-Main-3/DEBUG] [mixin/]: Mixing marble_caves.AquiferMixin from yungscavebiomes.mixins.json into net.minecraft.world.level.levelgen.Aquifer$NoiseBasedAquifer
[04Apr2025 19:54:19.640] [Worker-Main-1/DEBUG] [mixin/]: Mixing JigsawPlacementPlacerMixin from waystones.mixins.json into net.minecraft.world.level.levelgen.structure.pools.JigsawPlacement$Placer
[04Apr2025 19:54:51.850] [Server thread/DEBUG] [yungscavebiomes/]: STOPPING SANDSTORM in aether:the_aether
[04Apr2025 19:54:52.925] [Server thread/DEBUG] [net.minecraftforge.common.ForgeHooks/WP]: Gathering id map for writing to world save world
[04Apr2025 19:54:52.947] [Server thread/DEBUG] [net.minecraftforge.common.ForgeHooks/WP]: ID Map collection complete world
[04Apr2025 19:55:43.819] [Server thread/DEBUG] [yungscavebiomes/]: Starting sandstorm in deeperdarker:otherside
[04Apr2025 19:56:23.819] [Server thread/DEBUG] [yungscavebiomes/]: STOPPING SANDSTORM in minecraft:the_end
[04Apr2025 19:57:25.680] [Server thread/INFO] [net.minecraft.server.MinecraftServer/]: universo25abri has made the advancement [Monster Hunter]
[04Apr2025 19:57:47.816] [Server thread/DEBUG] [yungscavebiomes/]: Starting sandstorm in twilightforest:twilight_forest
[04Apr2025 19:58:38.835] [Server thread/DEBUG] [yungscavebiomes/]: STOPPING SANDSTORM in minecraft:the_nether
[04Apr2025 19:59:25.776] [Server thread/INFO] [net.minecraft.server.MinecraftServer/]: universo25abri has made the advancement [Bewitched]
[04Apr2025 19:59:27.824] [Server thread/INFO] [net.minecraft.server.MinecraftServer/]: Z3nSSky has made the advancement [Bewitched]
[04Apr2025 19:59:52.597] [Server thread/INFO] [net.minecraft.server.MinecraftServer/]: Z3nSSky has made the advancement [Ambush]
[04Apr2025 19:59:52.832] [Server thread/DEBUG] [net.minecraftforge.common.ForgeHooks/WP]: Gathering id map for writing to world save world
[04Apr2025 19:59:52.849] [Server thread/DEBUG] [net.minecraftforge.common.ForgeHooks/WP]: ID Map collection complete world
[04Apr2025 19:59:58.639] [Server thread/INFO] [net.minecraft.server.MinecraftServer/]: universo25abri has made the advancement [Suit Up]
[04Apr2025 20:00:35.280] [Server thread/INFO] [net.minecraft.server.MinecraftServer/]: universo25abri has made the advancement [Acquire Hardware]
[04Apr2025 20:01:20.536] [Server thread/INFO] [net.minecraft.server.MinecraftServer/]: universo25abri was slain by Hydra
[04Apr2025 20:01:20.546] [Server thread/DEBUG] [tombstone/]: A new grave of the player universo25abri was created at position [x:253, y:63, z:-805, dim:minecraft:overworld]
[04Apr2025 20:01:20.551] [Server thread/INFO] [net.minecraft.server.MinecraftServer/]: universo25abri has made the advancement [Your First Grave]
[04Apr2025 20:01:20.556] [Server thread/INFO] [tombstone/]: The player universo25abri has successfully been saved
[04Apr2025 20:01:21.685] [Server thread/DEBUG] [twilightforest/]: Player universo25abri (09039b30-3dd0-3f40-862d-014a8ac58cf4) respawned and received items held in storage
[04Apr2025 20:01:23.816] [Server thread/INFO] [net.minecraft.server.MinecraftServer/]: Z3nSSky was slain by Hydra
[04Apr2025 20:01:24.517] [Server thread/DEBUG] [tombstone/]: A new grave of the player Z3nSSky was created at position [x:245, y:62, z:-800, dim:minecraft:overworld]
[04Apr2025 20:01:24.539] [Server thread/INFO] [tombstone/]: The player Z3nSSky has successfully been saved
[04Apr2025 20:01:26.109] [Server thread/DEBUG] [twilightforest/]: Player Z3nSSky (76957267-1930-376a-893a-2f677d544985) respawned and received items held in storage
[04Apr2025 20:01:28.822] [Server thread/DEBUG] [yungscavebiomes/]: STOPPING SANDSTORM in deeperdarker:otherside
[04Apr2025 20:01:40.236] [Server thread/INFO] [net.minecraft.server.MinecraftServer/]: universo25abri has reached the goal [Here They Come]
[04Apr2025 20:01:45.963] [Server thread/INFO] [net.minecraft.server.MinecraftServer/]: universo25abri was slain by Hydra
[04Apr2025 20:01:45.965] [Server thread/DEBUG] [tombstone/]: A new grave of the player universo25abri was created at position [x:253, y:63, z:-805, dim:minecraft:overworld]
[04Apr2025 20:01:45.978] [Server thread/INFO] [tombstone/]: The player universo25abri has successfully been saved
[04Apr2025 20:01:47.409] [Server thread/DEBUG] [twilightforest/]: Player universo25abri (09039b30-3dd0-3f40-862d-014a8ac58cf4) respawned and received items held in storage
[04Apr2025 20:02:02.716] [Server thread/INFO] [net.minecraft.server.MinecraftServer/]: Z3nSSky has reached the goal [Chain Death]
[04Apr2025 20:02:02.717] [Server thread/INFO] [net.minecraft.server.MinecraftServer/]: Z3nSSky was slain by Hydra
[04Apr2025 20:02:03.274] [Server thread/DEBUG] [tombstone/]: A new grave of the player Z3nSSky was created at position [x:257, y:63, z:-807, dim:minecraft:overworld]
[04Apr2025 20:02:03.297] [Server thread/INFO] [tombstone/]: The player Z3nSSky has successfully been saved
[04Apr2025 20:02:04.212] [Server thread/DEBUG] [twilightforest/]: Player Z3nSSky (76957267-1930-376a-893a-2f677d544985) respawned and received items held in storage
[04Apr2025 20:02:11.065] [Server thread/INFO] [net.minecraft.server.MinecraftServer/]: universo25abri has made the advancement [Knowledge of Death]
[04Apr2025 20:02:11.067] [Server thread/INFO] [net.minecraft.server.MinecraftServer/]: universo25abri has reached the goal [Chain Death]
[04Apr2025 20:02:11.068] [Server thread/INFO] [net.minecraft.server.MinecraftServer/]: universo25abri was slain by Hydra
[04Apr2025 20:02:11.069] [Server thread/DEBUG] [tombstone/]: A new grave of the player universo25abri was created at position [x:262, y:63, z:-807, dim:minecraft:overworld]
[04Apr2025 20:02:11.083] [Server thread/INFO] [tombstone/]: The player universo25abri has successfully been saved
[04Apr2025 20:02:12.581] [Server thread/DEBUG] [twilightforest/]: Player universo25abri (09039b30-3dd0-3f40-862d-014a8ac58cf4) respawned and received items held in storage
[04Apr2025 20:02:29.313] [Server thread/INFO] [net.minecraft.server.MinecraftServer/]: universo25abri was slain by Hydra
[04Apr2025 20:02:29.314] [Server thread/DEBUG] [tombstone/]: A new grave of the player universo25abri was created at position [x:257, y:63, z:-809, dim:minecraft:overworld]
[04Apr2025 20:02:29.328] [Server thread/INFO] [tombstone/]: The player universo25abri has successfully been saved
[04Apr2025 20:02:30.690] [Server thread/DEBUG] [twilightforest/]: Player universo25abri (09039b30-3dd0-3f40-862d-014a8ac58cf4) respawned and received items held in storage
[04Apr2025 20:03:38.821] [Server thread/DEBUG] [yungscavebiomes/]: STOPPING SANDSTORM in twilightforest:twilight_forest
[04Apr2025 20:04:16.403] [Server thread/INFO] [net.minecraft.server.MinecraftServer/]: [Not Secure] <Z3nSSky> m
[04Apr2025 20:04:34.970] [Server thread/INFO] [net.minecraft.server.MinecraftServer/]: Z3nSSky has made the advancement [Mutual Aid]
[04Apr2025 20:04:34.971] [Server thread/DEBUG] [mixin/]: Mixing gameplay.CooldownInstanceAccessor from the_bumblezone-common.mixins.json into net.minecraft.world.item.ItemCooldowns$CooldownInstance
[04Apr2025 20:04:41.469] [Server thread/INFO] [net.minecraft.server.MinecraftServer/]: universo25abri has made the advancement [Not Today, Thank You]
[04Apr2025 20:04:52.830] [Server thread/DEBUG] [net.minecraftforge.common.ForgeHooks/WP]: Gathering id map for writing to world save world
[04Apr2025 20:04:52.844] [Server thread/DEBUG] [net.minecraftforge.common.ForgeHooks/WP]: ID Map collection complete world
[04Apr2025 20:04:57.932] [Server thread/INFO] [net.minecraft.server.MinecraftServer/]: universo25abri has made the advancement [Herc was on a Roll!]
[04Apr2025 20:07:48.277] [Server thread/INFO] [net.minecraft.server.MinecraftServer/]: Z3nSSky has made the advancement [Knowledge raises the soul]
[04Apr2025 20:08:06.696] [Server thread/INFO] [net.minecraft.server.MinecraftServer/]: universo25abri has made the advancement [Knowledge raises the soul]
[04Apr2025 20:09:34.667] [Server thread/INFO] [net.minecraft.server.MinecraftServer/]: universo25abri has made the advancement [Distant Dreamer]
[04Apr2025 20:09:42.123] [Server thread/INFO] [net.minecraft.server.MinecraftServer/]: Z3nSSky has made the advancement [Distant Dreamer]
[04Apr2025 20:09:52.886] [Server thread/DEBUG] [net.minecraftforge.common.ForgeHooks/WP]: Gathering id map for writing to world save world
[04Apr2025 20:09:52.913] [Server thread/DEBUG] [net.minecraftforge.common.ForgeHooks/WP]: ID Map collection complete world
[04Apr2025 20:10:24.804] [Server thread/DEBUG] [yungscavebiomes/]: Starting sandstorm in minecraft:overworld
[04Apr2025 20:11:05.839] [Server thread/DEBUG] [yungscavebiomes/]: Starting sandstorm in the_bumblezone:the_bumblezone
[04Apr2025 20:11:41.819] [Server thread/DEBUG] [yungscavebiomes/]: Starting sandstorm in blue_skies:everbright
[04Apr2025 20:11:50.006] [Server thread/INFO] [net.minecraft.server.MinecraftServer/]: Z3nSSky has made the advancement [Ashes 'n Bones]
[04Apr2025 20:12:44.182] [Server thread/INFO] [net.minecraft.server.MinecraftServer/]: universo25abri has made the advancement [A Strange Grave Dust]
[04Apr2025 20:13:34.826] [Server thread/INFO] [net.minecraft.server.MinecraftServer/]: universo25abri has made the advancement [Easter Egg Searcher]
[04Apr2025 20:13:54.969] [Server thread/INFO] [net.minecraft.server.MinecraftServer/]: universo25abri has made the advancement [Take Aim]
[04Apr2025 20:14:38.082] [Server thread/INFO] [net.minecraft.server.MinecraftServer/]: universo25abri has made the advancement [Ashes 'n Bones]
[04Apr2025 20:14:52.819] [Server thread/DEBUG] [net.minecraftforge.common.ForgeHooks/WP]: Gathering id map for writing to world save world
[04Apr2025 20:14:52.833] [Server thread/DEBUG] [net.minecraftforge.common.ForgeHooks/WP]: ID Map collection complete world
[04Apr2025 20:15:07.815] [Server thread/DEBUG] [yungscavebiomes/]: Starting sandstorm in undergarden:undergarden
[04Apr2025 20:15:23.116] [Server thread/INFO] [net.minecraft.server.MinecraftServer/]: universo25abri was slain by Skeleton
[04Apr2025 20:15:23.118] [Server thread/DEBUG] [tombstone/]: A new grave of the player universo25abri was created at position [x:67, y:74, z:-905, dim:minecraft:overworld]
[04Apr2025 20:15:23.125] [Server thread/INFO] [tombstone/]: The player universo25abri has successfully been saved
[04Apr2025 20:15:24.204] [Server thread/DEBUG] [twilightforest/]: Player universo25abri (09039b30-3dd0-3f40-862d-014a8ac58cf4) respawned and received items held in storage
[04Apr2025 20:17:24.401] [Server thread/INFO] [net.minecraft.server.MinecraftServer/]: universo25abri has made the advancement [Diamonds!]
[04Apr2025 20:17:25.804] [Server thread/DEBUG] [yungscavebiomes/]: STOPPING SANDSTORM in minecraft:overworld
[04Apr2025 20:18:42.815] [Server thread/DEBUG] [yungscavebiomes/]: Starting sandstorm in minecraft:the_nether
[04Apr2025 20:18:43.584] [Server thread/INFO] [net.minecraft.server.MinecraftServer/]: Z3nSSky has made the advancement [Cover Me with Diamonds]
[04Apr2025 20:18:55.222] [Server thread/INFO] [net.minecraft.server.MinecraftServer/]: universo25abri has made the advancement [Cover Me with Diamonds]
[04Apr2025 20:19:07.822] [Server thread/DEBUG] [yungscavebiomes/]: STOPPING SANDSTORM in the_bumblezone:the_bumblezone
[04Apr2025 20:19:52.812] [Server thread/DEBUG] [net.minecraftforge.common.ForgeHooks/WP]: Gathering id map for writing to world save world
[04Apr2025 20:19:52.826] [Server thread/DEBUG] [net.minecraftforge.common.ForgeHooks/WP]: ID Map collection complete world
[04Apr2025 20:20:28.817] [Server thread/DEBUG] [yungscavebiomes/]: Starting sandstorm in minecraft:the_end
[04Apr2025 20:20:37.819] [Server thread/DEBUG] [yungscavebiomes/]: STOPPING SANDSTORM in undergarden:undergarden
[04Apr2025 20:21:28.818] [Server thread/DEBUG] [yungscavebiomes/]: STOPPING SANDSTORM in blue_skies:everbright
[04Apr2025 20:21:39.819] [Server thread/INFO] [net.minecraft.server.MinecraftServer/]: universo25abri was slain by Skeleton
[04Apr2025 20:21:39.821] [Server thread/DEBUG] [tombstone/]: A new grave of the player universo25abri was created at position [x:50, y:113, z:-870, dim:minecraft:overworld]
[04Apr2025 20:21:39.826] [Server thread/INFO] [tombstone/]: The player universo25abri has successfully been saved
[04Apr2025 20:21:39.882] [Netty Epoll Server IO #4/ERROR] [net.bettercombat.network.ServerNetwork/]: Server handling Packets.C2S_AttackRequest - No current attack hand!
[04Apr2025 20:21:39.883] [Netty Epoll Server IO #4/ERROR] [net.bettercombat.network.ServerNetwork/]: Combo count: 3 is dual wielding: false
[04Apr2025 20:21:39.883] [Netty Epoll Server IO #4/ERROR] [net.bettercombat.network.ServerNetwork/]: Main-hand stack: 0 air
[04Apr2025 20:21:39.883] [Netty Epoll Server IO #4/ERROR] [net.bettercombat.network.ServerNetwork/]: Off-hand stack: 0 air
[04Apr2025 20:21:39.884] [Netty Epoll Server IO #4/ERROR] [net.bettercombat.network.ServerNetwork/]: Selected slot server: 1 | client: 1
[04Apr2025 20:21:41.233] [Server thread/DEBUG] [twilightforest/]: Player universo25abri (09039b30-3dd0-3f40-862d-014a8ac58cf4) respawned and received items held in storage
[04Apr2025 20:23:51.868] [Server thread/DEBUG] [mixin/]: Mixing blocks.PistonStructureResolverMixin from the_bumblezone-common.mixins.json into net.minecraft.world.level.block.piston.PistonStructureResolver
[04Apr2025 20:24:52.826] [Server thread/DEBUG] [net.minecraftforge.common.ForgeHooks/WP]: Gathering id map for writing to world save world
[04Apr2025 20:24:52.839] [Server thread/DEBUG] [net.minecraftforge.common.ForgeHooks/WP]: ID Map collection complete world
[04Apr2025 20:25:02.376] [Server thread/INFO] [net.minecraft.server.MinecraftServer/]: Z3nSSky has reached the goal [Bone Crusher]
[04Apr2025 20:25:25.819] [Server thread/DEBUG] [yungscavebiomes/]: STOPPING SANDSTORM in minecraft:the_nether
[04Apr2025 20:28:52.818] [Server thread/DEBUG] [yungscavebiomes/]: Starting sandstorm in blue_skies:everdawn
[04Apr2025 20:29:09.819] [Server thread/DEBUG] [yungscavebiomes/]: Starting sandstorm in aether:the_aether
[04Apr2025 20:29:52.815] [Server thread/DEBUG] [net.minecraftforge.common.ForgeHooks/WP]: Gathering id map for writing to world save world
[04Apr2025 20:29:52.828] [Server thread/DEBUG] [net.minecraftforge.common.ForgeHooks/WP]: ID Map collection complete world
[04Apr2025 20:30:07.824] [Server thread/DEBUG] [yungscavebiomes/]: STOPPING SANDSTORM in minecraft:the_end
[04Apr2025 20:30:59.816] [Server thread/DEBUG] [yungscavebiomes/]: STOPPING SANDSTORM in blue_skies:everdawn
[04Apr2025 20:31:01.817] [Server thread/DEBUG] [yungscavebiomes/]: Starting sandstorm in twilightforest:twilight_forest
[04Apr2025 20:32:39.174] [Server thread/INFO] [net.minecraft.server.MinecraftServer/]: Gave 64 [Cooked Porkchop] to 2
[04Apr2025 20:33:08.818] [Server thread/DEBUG] [yungscavebiomes/]: STOPPING SANDSTORM in twilightforest:twilight_forest
[04Apr2025 20:34:15.821] [Server thread/DEBUG] [yungscavebiomes/]: STOPPING SANDSTORM in aether:the_aether
[04Apr2025 20:34:52.825] [Server thread/DEBUG] [net.minecraftforge.common.ForgeHooks/WP]: Gathering id map for writing to world save world
[04Apr2025 20:34:52.841] [Server thread/DEBUG] [net.minecraftforge.common.ForgeHooks/WP]: ID Map collection complete world
[04Apr2025 20:36:19.815] [Server thread/DEBUG] [yungscavebiomes/]: Starting sandstorm in deeperdarker:otherside
